year,route,season,day_type,time_block_code,time_block_start_local,time_block_end_local,time_block_hours,direction,ubc_relation,average_peak_passenger_load,average_peak_load_factor_percent,average_trips_per_clock_hour_per_direction,source_peak_url,source_service_url
2025,49,fall,MF,4,04:00,06:00,2,east,away_from_ubc,37.68166616,50.24222154,3,https://www.translink.ca/-/media/translink/documents/plans-and-projects/managing-the-transit-network/tspr/csv-data/2025/tspr2025_bus_peakload_yearlinedaytypeseasontimerangedirection.csv,https://www.translink.ca/-/media/translink/documents/plans-and-projects/managing-the-transit-network/tspr/csv-data/2025/tspr2025_bus_yearlinedaytypeseasontimerange.csv
2025,49,fall,MF,4,04:00,06:00,2,west,toward_ubc,61.2473603,81.66314707,3,https://www.translink.ca/-/media/translink/documents/plans-and-projects/managing-the-transit-network/tspr/csv-data/2025/tspr2025_bus_peakload_yearlinedaytypeseasontimerangedirection.csv,https://www.translink.ca/-/media/translink/documents/plans-and-projects/managing-the-transit-network/tspr/csv-data/2025/tspr2025_bus_yearlinedaytypeseasontimerange.csv
2025,49,fall,MF,6,06:00,09:00,3,east,away_from_ubc,25.8868663,34.51582173,12.83098592,https://www.translink.ca/-/media/translink/documents/plans-and-projects/managing-the-transit-network/tspr/csv-data/2025/tspr2025_bus_peakload_yearlinedaytypeseasontimerangedirection.csv,https://www.translink.ca/-/media/translink/documents/plans-and-projects/managing-the-transit-network/tspr/csv-data/2025/tspr2025_bus_yearlinedaytypeseasontimerange.csv
2025,49,fall,MF,6,06:00,09:00,3,west,toward_ubc,66.62856297,88.83808396,12.83098592,https://www.translink.ca/-/media/translink/documents/plans-and-projects/managing-the-transit-network/tspr/csv-data/2025/tspr2025_bus_peakload_yearlinedaytypeseasontimerangedirection.csv,https://www.translink.ca/-/media/translink/documents/plans-and-projects/managing-the-transit-network/tspr/csv-data/2025/tspr2025_bus_yearlinedaytypeseasontimerange.csv
2025,49,fall,MF,9,09:00,15:00,6,east,away_from_ubc,48.1184409,64.15792121,9.579812207,https://www.translink.ca/-/media/translink/documents/plans-and-projects/managing-the-transit-network/tspr/csv-data/2025/tspr2025_bus_peakload_yearlinedaytypeseasontimerangedirection.csv,https://www.translink.ca/-/media/translink/documents/plans-and-projects/managing-the-transit-network/tspr/csv-data/2025/tspr2025_bus_yearlinedaytypeseasontimerange.csv
2025,49,fall,MF,9,09:00,15:00,6,west,toward_ubc,57.41014485,76.5468598,9.579812207,https://www.translink.ca/-/media/translink/documents/plans-and-projects/managing-the-transit-network/tspr/csv-data/2025/tspr2025_bus_peakload_yearlinedaytypeseasontimerangedirection.csv,https://www.translink.ca/-/media/translink/documents/plans-and-projects/managing-the-transit-network/tspr/csv-data/2025/tspr2025_bus_yearlinedaytypeseasontimerange.csv
2025,49,fall,MF,15,15:00,18:00,3,east,away_from_ubc,68.5017966,91.3357288,11.16431925,https://www.translink.ca/-/media/translink/documents/plans-and-projects/managing-the-transit-network/tspr/csv-data/2025/tspr2025_bus_peakload_yearlinedaytypeseasontimerangedirection.csv,https://www.translink.ca/-/media/translink/documents/plans-and-projects/managing-the-transit-network/tspr/csv-data/2025/tspr2025_bus_yearlinedaytypeseasontimerange.csv
2025,49,fall,MF,15,15:00,18:00,3,west,toward_ubc,42.47142873,56.62857165,11.16431925,https://www.translink.ca/-/media/translink/documents/plans-and-projects/managing-the-transit-network/tspr/csv-data/2025/tspr2025_bus_peakload_yearlinedaytypeseasontimerangedirection.csv,https://www.translink.ca/-/media/translink/documents/plans-and-projects/managing-the-transit-network/tspr/csv-data/2025/tspr2025_bus_yearlinedaytypeseasontimerange.csv
2025,49,fall,MF,18,18:00,21:00,3,east,away_from_ubc,56.0083063,74.67774174,6.328638498,https://www.translink.ca/-/media/translink/documents/plans-and-projects/managing-the-transit-network/tspr/csv-data/2025/tspr2025_bus_peakload_yearlinedaytypeseasontimerangedirection.csv,https://www.translink.ca/-/media/translink/documents/plans-and-projects/managing-the-transit-network/tspr/csv-data/2025/tspr2025_bus_yearlinedaytypeseasontimerange.csv
2025,49,fall,MF,18,18:00,21:00,3,west,toward_ubc,46.49201328,61.98935104,6.328638498,https://www.translink.ca/-/media/translink/documents/plans-and-projects/managing-the-transit-network/tspr/csv-data/2025/tspr2025_bus_peakload_yearlinedaytypeseasontimerangedirection.csv,https://www.translink.ca/-/media/translink/documents/plans-and-projects/managing-the-transit-network/tspr/csv-data/2025/tspr2025_bus_yearlinedaytypeseasontimerange.csv
2025,49,fall,MF,21,21:00,24:00,3,east,away_from_ubc,54.30204167,72.40272222,3,https://www.translink.ca/-/media/translink/documents/plans-and-projects/managing-the-transit-network/tspr/csv-data/2025/tspr2025_bus_peakload_yearlinedaytypeseasontimerangedirection.csv,https://www.translink.ca/-/media/translink/documents/plans-and-projects/managing-the-transit-network/tspr/csv-data/2025/tspr2025_bus_yearlinedaytypeseasontimerange.csv
2025,49,fall,MF,21,21:00,24:00,3,west,toward_ubc,38.44632346,51.26176461,3,https://www.translink.ca/-/media/translink/documents/plans-and-projects/managing-the-transit-network/tspr/csv-data/2025/tspr2025_bus_peakload_yearlinedaytypeseasontimerangedirection.csv,https://www.translink.ca/-/media/translink/documents/plans-and-projects/managing-the-transit-network/tspr/csv-data/2025/tspr2025_bus_yearlinedaytypeseasontimerange.csv
2025,49,fall,MF,24,24:00,04:00,4,east,away_from_ubc,26.55601742,35.40802323,1,https://www.translink.ca/-/media/translink/documents/plans-and-projects/managing-the-transit-network/tspr/csv-data/2025/tspr2025_bus_peakload_yearlinedaytypeseasontimerangedirection.csv,https://www.translink.ca/-/media/translink/documents/plans-and-projects/managing-the-transit-network/tspr/csv-data/2025/tspr2025_bus_yearlinedaytypeseasontimerange.csv
2025,49,fall,MF,24,24:00,04:00,4,west,toward_ubc,19.04024145,25.3869886,1,https://www.translink.ca/-/media/translink/documents/plans-and-projects/managing-the-transit-network/tspr/csv-data/2025/tspr2025_bus_peakload_yearlinedaytypeseasontimerangedirection.csv,https://www.translink.ca/-/media/translink/documents/plans-and-projects/managing-the-transit-network/tspr/csv-data/2025/tspr2025_bus_yearlinedaytypeseasontimerange.csv
2025,49,fall,Sat,6,06:00,09:00,3,east,away_from_ubc,28.46562905,37.95417207,4.488888889,https://www.translink.ca/-/media/translink/documents/plans-and-projects/managing-the-transit-network/tspr/csv-data/2025/tspr2025_bus_peakload_yearlinedaytypeseasontimerangedirection.csv,https://www.translink.ca/-/media/translink/documents/plans-and-projects/managing-the-transit-network/tspr/csv-data/2025/tspr2025_bus_yearlinedaytypeseasontimerange.csv
2025,49,fall,Sat,6,06:00,09:00,3,west,toward_ubc,62.79332821,83.72443761,4.488888889,https://www.translink.ca/-/media/translink/documents/plans-and-projects/managing-the-transit-network/tspr/csv-data/2025/tspr2025_bus_peakload_yearlinedaytypeseasontimerangedirection.csv,https://www.translink.ca/-/media/translink/documents/plans-and-projects/managing-the-transit-network/tspr/csv-data/2025/tspr2025_bus_yearlinedaytypeseasontimerange.csv
2025,49,fall,Sat,9,09:00,15:00,6,east,away_from_ubc,55.3366115,73.78214866,5.4,https://www.translink.ca/-/media/translink/documents/plans-and-projects/managing-the-transit-network/tspr/csv-data/2025/tspr2025_bus_peakload_yearlinedaytypeseasontimerangedirection.csv,https://www.translink.ca/-/media/translink/documents/plans-and-projects/managing-the-transit-network/tspr/csv-data/2025/tspr2025_bus_yearlinedaytypeseasontimerange.csv
2025,49,fall,Sat,9,09:00,15:00,6,west,toward_ubc,59.13028173,78.84037564,5.4,https://www.translink.ca/-/media/translink/documents/plans-and-projects/managing-the-transit-network/tspr/csv-data/2025/tspr2025_bus_peakload_yearlinedaytypeseasontimerangedirection.csv,https://www.translink.ca/-/media/translink/documents/plans-and-projects/managing-the-transit-network/tspr/csv-data/2025/tspr2025_bus_yearlinedaytypeseasontimerange.csv
2025,49,fall,Sat,15,15:00,18:00,3,east,away_from_ubc,63.87293354,85.16391138,5.822222222,https://www.translink.ca/-/media/translink/documents/plans-and-projects/managing-the-transit-network/tspr/csv-data/2025/tspr2025_bus_peakload_yearlinedaytypeseasontimerangedirection.csv,https://www.translink.ca/-/media/translink/documents/plans-and-projects/managing-the-transit-network/tspr/csv-data/2025/tspr2025_bus_yearlinedaytypeseasontimerange.csv
2025,49,fall,Sat,15,15:00,18:00,3,west,toward_ubc,53.7910669,71.72142253,5.822222222,https://www.translink.ca/-/media/translink/documents/plans-and-projects/managing-the-transit-network/tspr/csv-data/2025/tspr2025_bus_peakload_yearlinedaytypeseasontimerangedirection.csv,https://www.translink.ca/-/media/translink/documents/plans-and-projects/managing-the-transit-network/tspr/csv-data/2025/tspr2025_bus_yearlinedaytypeseasontimerange.csv
2025,49,fall,Sat,18,18:00,21:00,3,east,away_from_ubc,51.31154946,68.41539928,4.822222222,https://www.translink.ca/-/media/translink/documents/plans-and-projects/managing-the-transit-network/tspr/csv-data/2025/tspr2025_bus_peakload_yearlinedaytypeseasontimerangedirection.csv,https://www.translink.ca/-/media/translink/documents/plans-and-projects/managing-the-transit-network/tspr/csv-data/2025/tspr2025_bus_yearlinedaytypeseasontimerange.csv
2025,49,fall,Sat,18,18:00,21:00,3,west,toward_ubc,52.14313187,69.52417582,4.822222222,https://www.translink.ca/-/media/translink/documents/plans-and-projects/managing-the-transit-network/tspr/csv-data/2025/tspr2025_bus_peakload_yearlinedaytypeseasontimerangedirection.csv,https://www.translink.ca/-/media/translink/documents/plans-and-projects/managing-the-transit-network/tspr/csv-data/2025/tspr2025_bus_yearlinedaytypeseasontimerange.csv
2025,49,fall,Sat,21,21:00,24:00,3,east,away_from_ubc,45.7221176,60.96282347,3.333333333,https://www.translink.ca/-/media/translink/documents/plans-and-projects/managing-the-transit-network/tspr/csv-data/2025/tspr2025_bus_peakload_yearlinedaytypeseasontimerangedirection.csv,https://www.translink.ca/-/media/translink/documents/plans-and-projects/managing-the-transit-network/tspr/csv-data/2025/tspr2025_bus_yearlinedaytypeseasontimerange.csv
2025,49,fall,Sat,21,21:00,24:00,3,west,toward_ubc,40.09128788,53.45505051,3.333333333,https://www.translink.ca/-/media/translink/documents/plans-and-projects/managing-the-transit-network/tspr/csv-data/2025/tspr2025_bus_peakload_yearlinedaytypeseasontimerangedirection.csv,https://www.translink.ca/-/media/translink/documents/plans-and-projects/managing-the-transit-network/tspr/csv-data/2025/tspr2025_bus_yearlinedaytypeseasontimerange.csv
2025,49,fall,Sat,24,24:00,04:00,4,east,away_from_ubc,22.51515152,30.02020202,1,https://www.translink.ca/-/media/translink/documents/plans-and-projects/managing-the-transit-network/tspr/csv-data/2025/tspr2025_bus_peakload_yearlinedaytypeseasontimerangedirection.csv,https://www.translink.ca/-/media/translink/documents/plans-and-projects/managing-the-transit-network/tspr/csv-data/2025/tspr2025_bus_yearlinedaytypeseasontimerange.csv
2025,49,fall,Sun/Hol,6,06:00,09:00,3,east,away_from_ubc,24.28688366,32.38251154,3.98245614,https://www.translink.ca/-/media/translink/documents/plans-and-projects/managing-the-transit-network/tspr/csv-data/2025/tspr2025_bus_peakload_yearlinedaytypeseasontimerangedirection.csv,https://www.translink.ca/-/media/translink/documents/plans-and-projects/managing-the-transit-network/tspr/csv-data/2025/tspr2025_bus_yearlinedaytypeseasontimerange.csv
2025,49,fall,Sun/Hol,6,06:00,09:00,3,west,toward_ubc,50.98531692,67.98042256,3.98245614,https://www.translink.ca/-/media/translink/documents/plans-and-projects/managing-the-transit-network/tspr/csv-data/2025/tspr2025_bus_peakload_yearlinedaytypeseasontimerangedirection.csv,https://www.translink.ca/-/media/translink/documents/plans-and-projects/managing-the-transit-network/tspr/csv-data/2025/tspr2025_bus_yearlinedaytypeseasontimerange.csv
2025,49,fall,Sun/Hol,9,09:00,15:00,6,east,away_from_ubc,55.90522978,74.54030637,4.99122807,https://www.translink.ca/-/media/translink/documents/plans-and-projects/managing-the-transit-network/tspr/csv-data/2025/tspr2025_bus_peakload_yearlinedaytypeseasontimerangedirection.csv,https://www.translink.ca/-/media/translink/documents/plans-and-projects/managing-the-transit-network/tspr/csv-data/2025/tspr2025_bus_yearlinedaytypeseasontimerange.csv
2025,49,fall,Sun/Hol,9,09:00,15:00,6,west,toward_ubc,56.61404242,75.4853899,4.99122807,https://www.translink.ca/-/media/translink/documents/plans-and-projects/managing-the-transit-network/tspr/csv-data/2025/tspr2025_bus_peakload_yearlinedaytypeseasontimerangedirection.csv,https://www.translink.ca/-/media/translink/documents/plans-and-projects/managing-the-transit-network/tspr/csv-data/2025/tspr2025_bus_yearlinedaytypeseasontimerange.csv
2025,49,fall,Sun/Hol,15,15:00,18:00,3,east,away_from_ubc,59.7193977,79.6258636,5.333333333,https://www.translink.ca/-/media/translink/documents/plans-and-projects/managing-the-transit-network/tspr/csv-data/2025/tspr2025_bus_peakload_yearlinedaytypeseasontimerangedirection.csv,https://www.translink.ca/-/media/translink/documents/plans-and-projects/managing-the-transit-network/tspr/csv-data/2025/tspr2025_bus_yearlinedaytypeseasontimerange.csv
2025,49,fall,Sun/Hol,15,15:00,18:00,3,west,toward_ubc,55.40768792,73.87691723,5.333333333,https://www.translink.ca/-/media/translink/documents/plans-and-projects/managing-the-transit-network/tspr/csv-data/2025/tspr2025_bus_peakload_yearlinedaytypeseasontimerangedirection.csv,https://www.translink.ca/-/media/translink/documents/plans-and-projects/managing-the-transit-network/tspr/csv-data/2025/tspr2025_bus_yearlinedaytypeseasontimerange.csv
2025,49,fall,Sun/Hol,18,18:00,21:00,3,east,away_from_ubc,49.77763492,66.37017989,4.315789474,https://www.translink.ca/-/media/translink/documents/plans-and-projects/managing-the-transit-network/tspr/csv-data/2025/tspr2025_bus_peakload_yearlinedaytypeseasontimerangedirection.csv,https://www.translink.ca/-/media/translink/documents/plans-and-projects/managing-the-transit-network/tspr/csv-data/2025/tspr2025_bus_yearlinedaytypeseasontimerange.csv
2025,49,fall,Sun/Hol,18,18:00,21:00,3,west,toward_ubc,49.98707629,66.64943506,4.315789474,https://www.translink.ca/-/media/translink/documents/plans-and-projects/managing-the-transit-network/tspr/csv-data/2025/tspr2025_bus_peakload_yearlinedaytypeseasontimerangedirection.csv,https://www.translink.ca/-/media/translink/documents/plans-and-projects/managing-the-transit-network/tspr/csv-data/2025/tspr2025_bus_yearlinedaytypeseasontimerange.csv
2025,49,fall,Sun/Hol,21,21:00,24:00,3,east,away_from_ubc,48.92405051,65.23206735,2.157894737,https://www.translink.ca/-/media/translink/documents/plans-and-projects/managing-the-transit-network/tspr/csv-data/2025/tspr2025_bus_peakload_yearlinedaytypeseasontimerangedirection.csv,https://www.translink.ca/-/media/translink/documents/plans-and-projects/managing-the-transit-network/tspr/csv-data/2025/tspr2025_bus_yearlinedaytypeseasontimerange.csv
2025,49,fall,Sun/Hol,21,21:00,24:00,3,west,toward_ubc,30.73749484,40.98332645,2.157894737,https://www.translink.ca/-/media/translink/documents/plans-and-projects/managing-the-transit-network/tspr/csv-data/2025/tspr2025_bus_peakload_yearlinedaytypeseasontimerangedirection.csv,https://www.translink.ca/-/media/translink/documents/plans-and-projects/managing-the-transit-network/tspr/csv-data/2025/tspr2025_bus_yearlinedaytypeseasontimerange.csv
2025,49,fall,Sun/Hol,24,24:00,04:00,4,east,away_from_ubc,23.27819549,31.03759398,1,https://www.translink.ca/-/media/translink/documents/plans-and-projects/managing-the-transit-network/tspr/csv-data/2025/tspr2025_bus_peakload_yearlinedaytypeseasontimerangedirection.csv,https://www.translink.ca/-/media/translink/documents/plans-and-projects/managing-the-transit-network/tspr/csv-data/2025/tspr2025_bus_yearlinedaytypeseasontimerange.csv
2025,49,fall,Sun/Hol,24,24:00,04:00,4,west,toward_ubc,13.41295547,17.88394062,1,https://www.translink.ca/-/media/translink/documents/plans-and-projects/managing-the-transit-network/tspr/csv-data/2025/tspr2025_bus_peakload_yearlinedaytypeseasontimerangedirection.csv,https://www.translink.ca/-/media/translink/documents/plans-and-projects/managing-the-transit-network/tspr/csv-data/2025/tspr2025_bus_yearlinedaytypeseasontimerange.csv
2025,49,summer,MF,4,04:00,06:00,2,east,away_from_ubc,42.27122864,56.36163818,3,https://www.translink.ca/-/media/translink/documents/plans-and-projects/managing-the-transit-network/tspr/csv-data/2025/tspr2025_bus_peakload_yearlinedaytypeseasontimerangedirection.csv,https://www.translink.ca/-/media/translink/documents/plans-and-projects/managing-the-transit-network/tspr/csv-data/2025/tspr2025_bus_yearlinedaytypeseasontimerange.csv
2025,49,summer,MF,4,04:00,06:00,2,west,toward_ubc,56.88203081,75.84270774,3,https://www.translink.ca/-/media/translink/documents/plans-and-projects/managing-the-transit-network/tspr/csv-data/2025/tspr2025_bus_peakload_yearlinedaytypeseasontimerangedirection.csv,https://www.translink.ca/-/media/translink/documents/plans-and-projects/managing-the-transit-network/tspr/csv-data/2025/tspr2025_bus_yearlinedaytypeseasontimerange.csv
2025,49,summer,MF,6,06:00,09:00,3,east,away_from_ubc,27.67464131,36.89952175,11.33333333,https://www.translink.ca/-/media/translink/documents/plans-and-projects/managing-the-transit-network/tspr/csv-data/2025/tspr2025_bus_peakload_yearlinedaytypeseasontimerangedirection.csv,https://www.translink.ca/-/media/translink/documents/plans-and-projects/managing-the-transit-network/tspr/csv-data/2025/tspr2025_bus_yearlinedaytypeseasontimerange.csv
2025,49,summer,MF,6,06:00,09:00,3,west,toward_ubc,52.24180596,69.65574128,11.33333333,https://www.translink.ca/-/media/translink/documents/plans-and-projects/managing-the-transit-network/tspr/csv-data/2025/tspr2025_bus_peakload_yearlinedaytypeseasontimerangedirection.csv,https://www.translink.ca/-/media/translink/documents/plans-and-projects/managing-the-transit-network/tspr/csv-data/2025/tspr2025_bus_yearlinedaytypeseasontimerange.csv
2025,49,summer,MF,9,09:00,15:00,6,east,away_from_ubc,41.40958542,55.21278056,8.916666667,https://www.translink.ca/-/media/translink/documents/plans-and-projects/managing-the-transit-network/tspr/csv-data/2025/tspr2025_bus_peakload_yearlinedaytypeseasontimerangedirection.csv,https://www.translink.ca/-/media/translink/documents/plans-and-projects/managing-the-transit-network/tspr/csv-data/2025/tspr2025_bus_yearlinedaytypeseasontimerange.csv
2025,49,summer,MF,9,09:00,15:00,6,west,toward_ubc,46.84885394,62.46513859,8.916666667,https://www.translink.ca/-/media/translink/documents/plans-and-projects/managing-the-transit-network/tspr/csv-data/2025/tspr2025_bus_peakload_yearlinedaytypeseasontimerangedirection.csv,https://www.translink.ca/-/media/translink/documents/plans-and-projects/managing-the-transit-network/tspr/csv-data/2025/tspr2025_bus_yearlinedaytypeseasontimerange.csv
2025,49,summer,MF,15,15:00,18:00,3,east,away_from_ubc,57.59518699,76.79358265,11.33333333,https://www.translink.ca/-/media/translink/documents/plans-and-projects/managing-the-transit-network/tspr/csv-data/2025/tspr2025_bus_peakload_yearlinedaytypeseasontimerangedirection.csv,https://www.translink.ca/-/media/translink/documents/plans-and-projects/managing-the-transit-network/tspr/csv-data/2025/tspr2025_bus_yearlinedaytypeseasontimerange.csv
2025,49,summer,MF,15,15:00,18:00,3,west,toward_ubc,42.16091087,56.21454782,11.33333333,https://www.translink.ca/-/media/translink/documents/plans-and-projects/managing-the-transit-network/tspr/csv-data/2025/tspr2025_bus_peakload_yearlinedaytypeseasontimerangedirection.csv,https://www.translink.ca/-/media/translink/documents/plans-and-projects/managing-the-transit-network/tspr/csv-data/2025/tspr2025_bus_yearlinedaytypeseasontimerange.csv
2025,49,summer,MF,18,18:00,21:00,3,east,away_from_ubc,49.6957782,66.2610376,6,https://www.translink.ca/-/media/translink/documents/plans-and-projects/managing-the-transit-network/tspr/csv-data/2025/tspr2025_bus_peakload_yearlinedaytypeseasontimerangedirection.csv,https://www.translink.ca/-/media/translink/documents/plans-and-projects/managing-the-transit-network/tspr/csv-data/2025/tspr2025_bus_yearlinedaytypeseasontimerange.csv
2025,49,summer,MF,18,18:00,21:00,3,west,toward_ubc,48.69849295,64.93132393,6,https://www.translink.ca/-/media/translink/documents/plans-and-projects/managing-the-transit-network/tspr/csv-data/2025/tspr2025_bus_peakload_yearlinedaytypeseasontimerangedirection.csv,https://www.translink.ca/-/media/translink/documents/plans-and-projects/managing-the-transit-network/tspr/csv-data/2025/tspr2025_bus_yearlinedaytypeseasontimerange.csv
2025,49,summer,MF,21,21:00,24:00,3,east,away_from_ubc,57.70731848,76.9430913,3,https://www.translink.ca/-/media/translink/documents/plans-and-projects/managing-the-transit-network/tspr/csv-data/2025/tspr2025_bus_peakload_yearlinedaytypeseasontimerangedirection.csv,https://www.translink.ca/-/media/translink/documents/plans-and-projects/managing-the-transit-network/tspr/csv-data/2025/tspr2025_bus_yearlinedaytypeseasontimerange.csv
2025,49,summer,MF,21,21:00,24:00,3,west,toward_ubc,46.22227158,61.62969544,3,https://www.translink.ca/-/media/translink/documents/plans-and-projects/managing-the-transit-network/tspr/csv-data/2025/tspr2025_bus_peakload_yearlinedaytypeseasontimerangedirection.csv,https://www.translink.ca/-/media/translink/documents/plans-and-projects/managing-the-transit-network/tspr/csv-data/2025/tspr2025_bus_yearlinedaytypeseasontimerange.csv
2025,49,summer,MF,24,24:00,04:00,4,east,away_from_ubc,28.76127451,38.34836601,1,https://www.translink.ca/-/media/translink/documents/plans-and-projects/managing-the-transit-network/tspr/csv-data/2025/tspr2025_bus_peakload_yearlinedaytypeseasontimerangedirection.csv,https://www.translink.ca/-/media/translink/documents/plans-and-projects/managing-the-transit-network/tspr/csv-data/2025/tspr2025_bus_yearlinedaytypeseasontimerange.csv
2025,49,summer,MF,24,24:00,04:00,4,west,toward_ubc,17.365625,23.15416667,1,https://www.translink.ca/-/media/translink/documents/plans-and-projects/managing-the-transit-network/tspr/csv-data/2025/tspr2025_bus_peakload_yearlinedaytypeseasontimerangedirection.csv,https://www.translink.ca/-/media/translink/documents/plans-and-projects/managing-the-transit-network/tspr/csv-data/2025/tspr2025_bus_yearlinedaytypeseasontimerange.csv
2025,49,summer,Sat,6,06:00,09:00,3,east,away_from_ubc,33.25904762,44.34539683,4.5,https://www.translink.ca/-/media/translink/documents/plans-and-projects/managing-the-transit-network/tspr/csv-data/2025/tspr2025_bus_peakload_yearlinedaytypeseasontimerangedirection.csv,https://www.translink.ca/-/media/translink/documents/plans-and-projects/managing-the-transit-network/tspr/csv-data/2025/tspr2025_bus_yearlinedaytypeseasontimerange.csv
2025,49,summer,Sat,6,06:00,09:00,3,west,toward_ubc,65.2493942,86.99919226,4.5,https://www.translink.ca/-/media/translink/documents/plans-and-projects/managing-the-transit-network/tspr/csv-data/2025/tspr2025_bus_peakload_yearlinedaytypeseasontimerangedirection.csv,https://www.translink.ca/-/media/translink/documents/plans-and-projects/managing-the-transit-network/tspr/csv-data/2025/tspr2025_bus_yearlinedaytypeseasontimerange.csv
2025,49,summer,Sat,9,09:00,15:00,6,east,away_from_ubc,55.11278274,73.48371032,5.333333333,https://www.translink.ca/-/media/translink/documents/plans-and-projects/managing-the-transit-network/tspr/csv-data/2025/tspr2025_bus_peakload_yearlinedaytypeseasontimerangedirection.csv,https://www.translink.ca/-/media/translink/documents/plans-and-projects/managing-the-transit-network/tspr/csv-data/2025/tspr2025_bus_yearlinedaytypeseasontimerange.csv
2025,49,summer,Sat,9,09:00,15:00,6,west,toward_ubc,59.6390695,79.51875934,5.333333333,https://www.translink.ca/-/media/translink/documents/plans-and-projects/managing-the-transit-network/tspr/csv-data/2025/tspr2025_bus_peakload_yearlinedaytypeseasontimerangedirection.csv,https://www.translink.ca/-/media/translink/documents/plans-and-projects/managing-the-transit-network/tspr/csv-data/2025/tspr2025_bus_yearlinedaytypeseasontimerange.csv
2025,49,summer,Sat,15,15:00,18:00,3,east,away_from_ubc,63.07977072,84.10636096,6,https://www.translink.ca/-/media/translink/documents/plans-and-projects/managing-the-transit-network/tspr/csv-data/2025/tspr2025_bus_peakload_yearlinedaytypeseasontimerangedirection.csv,https://www.translink.ca/-/media/translink/documents/plans-and-projects/managing-the-transit-network/tspr/csv-data/2025/tspr2025_bus_yearlinedaytypeseasontimerange.csv
2025,49,summer,Sat,15,15:00,18:00,3,west,toward_ubc,54.84772487,73.13029982,6,https://www.translink.ca/-/media/translink/documents/plans-and-projects/managing-the-transit-network/tspr/csv-data/2025/tspr2025_bus_peakload_yearlinedaytypeseasontimerangedirection.csv,https://www.translink.ca/-/media/translink/documents/plans-and-projects/managing-the-transit-network/tspr/csv-data/2025/tspr2025_bus_yearlinedaytypeseasontimerange.csv
2025,49,summer,Sat,18,18:00,21:00,3,east,away_from_ubc,52.20493651,69.60658201,4.833333333,https://www.translink.ca/-/media/translink/documents/plans-and-projects/managing-the-transit-network/tspr/csv-data/2025/tspr2025_bus_peakload_yearlinedaytypeseasontimerangedirection.csv,https://www.translink.ca/-/media/translink/documents/plans-and-projects/managing-the-transit-network/tspr/csv-data/2025/tspr2025_bus_yearlinedaytypeseasontimerange.csv
2025,49,summer,Sat,18,18:00,21:00,3,west,toward_ubc,54.91652494,73.22203326,4.833333333,https://www.translink.ca/-/media/translink/documents/plans-and-projects/managing-the-transit-network/tspr/csv-data/2025/tspr2025_bus_peakload_yearlinedaytypeseasontimerangedirection.csv,https://www.translink.ca/-/media/translink/documents/plans-and-projects/managing-the-transit-network/tspr/csv-data/2025/tspr2025_bus_yearlinedaytypeseasontimerange.csv
2025,49,summer,Sat,21,21:00,24:00,3,east,away_from_ubc,61.65004762,82.20006349,3.333333333,https://www.translink.ca/-/media/translink/documents/plans-and-projects/managing-the-transit-network/tspr/csv-data/2025/tspr2025_bus_peakload_yearlinedaytypeseasontimerangedirection.csv,https://www.translink.ca/-/media/translink/documents/plans-and-projects/managing-the-transit-network/tspr/csv-data/2025/tspr2025_bus_yearlinedaytypeseasontimerange.csv
2025,49,summer,Sat,21,21:00,24:00,3,west,toward_ubc,49.56095238,66.08126984,3.333333333,https://www.translink.ca/-/media/translink/documents/plans-and-projects/managing-the-transit-network/tspr/csv-data/2025/tspr2025_bus_peakload_yearlinedaytypeseasontimerangedirection.csv,https://www.translink.ca/-/media/translink/documents/plans-and-projects/managing-the-transit-network/tspr/csv-data/2025/tspr2025_bus_yearlinedaytypeseasontimerange.csv
2025,49,summer,Sat,24,24:00,04:00,4,east,away_from_ubc,,,1,https://www.translink.ca/-/media/translink/documents/plans-and-projects/managing-the-transit-network/tspr/csv-data/2025/tspr2025_bus_peakload_yearlinedaytypeseasontimerangedirection.csv,https://www.translink.ca/-/media/translink/documents/plans-and-projects/managing-the-transit-network/tspr/csv-data/2025/tspr2025_bus_yearlinedaytypeseasontimerange.csv
2025,49,summer,Sun/Hol,6,06:00,09:00,3,east,away_from_ubc,26.87656695,35.8354226,4,https://www.translink.ca/-/media/translink/documents/plans-and-projects/managing-the-transit-network/tspr/csv-data/2025/tspr2025_bus_peakload_yearlinedaytypeseasontimerangedirection.csv,https://www.translink.ca/-/media/translink/documents/plans-and-projects/managing-the-transit-network/tspr/csv-data/2025/tspr2025_bus_yearlinedaytypeseasontimerange.csv
2025,49,summer,Sun/Hol,6,06:00,09:00,3,west,toward_ubc,58.6950938,78.26012506,4,https://www.translink.ca/-/media/translink/documents/plans-and-projects/managing-the-transit-network/tspr/csv-data/2025/tspr2025_bus_peakload_yearlinedaytypeseasontimerangedirection.csv,https://www.translink.ca/-/media/translink/documents/plans-and-projects/managing-the-transit-network/tspr/csv-data/2025/tspr2025_bus_yearlinedaytypeseasontimerange.csv
2025,49,summer,Sun/Hol,9,09:00,15:00,6,east,away_from_ubc,53.646367,71.52848933,5,https://www.translink.ca/-/media/translink/documents/plans-and-projects/managing-the-transit-network/tspr/csv-data/2025/tspr2025_bus_peakload_yearlinedaytypeseasontimerangedirection.csv,https://www.translink.ca/-/media/translink/documents/plans-and-projects/managing-the-transit-network/tspr/csv-data/2025/tspr2025_bus_yearlinedaytypeseasontimerange.csv
2025,49,summer,Sun/Hol,9,09:00,15:00,6,west,toward_ubc,57.85108722,77.13478296,5,https://www.translink.ca/-/media/translink/documents/plans-and-projects/managing-the-transit-network/tspr/csv-data/2025/tspr2025_bus_peakload_yearlinedaytypeseasontimerangedirection.csv,https://www.translink.ca/-/media/translink/documents/plans-and-projects/managing-the-transit-network/tspr/csv-data/2025/tspr2025_bus_yearlinedaytypeseasontimerange.csv
2025,49,summer,Sun/Hol,15,15:00,18:00,3,east,away_from_ubc,60.03222346,80.04296462,5.166666667,https://www.translink.ca/-/media/translink/documents/plans-and-projects/managing-the-transit-network/tspr/csv-data/2025/tspr2025_bus_peakload_yearlinedaytypeseasontimerangedirection.csv,https://www.translink.ca/-/media/translink/documents/plans-and-projects/managing-the-transit-network/tspr/csv-data/2025/tspr2025_bus_yearlinedaytypeseasontimerange.csv
2025,49,summer,Sun/Hol,15,15:00,18:00,3,west,toward_ubc,55.93362434,74.57816578,5.166666667,https://www.translink.ca/-/media/translink/documents/plans-and-projects/managing-the-transit-network/tspr/csv-data/2025/tspr2025_bus_peakload_yearlinedaytypeseasontimerangedirection.csv,https://www.translink.ca/-/media/translink/documents/plans-and-projects/managing-the-transit-network/tspr/csv-data/2025/tspr2025_bus_yearlinedaytypeseasontimerange.csv
2025,49,summer,Sun/Hol,18,18:00,21:00,3,east,away_from_ubc,57.88259056,77.17678741,4.5,https://www.translink.ca/-/media/translink/documents/plans-and-projects/managing-the-transit-network/tspr/csv-data/2025/tspr2025_bus_peakload_yearlinedaytypeseasontimerangedirection.csv,https://www.translink.ca/-/media/translink/documents/plans-and-projects/managing-the-transit-network/tspr/csv-data/2025/tspr2025_bus_yearlinedaytypeseasontimerange.csv
2025,49,summer,Sun/Hol,18,18:00,21:00,3,west,toward_ubc,49.80424225,66.40565634,4.5,https://www.translink.ca/-/media/translink/documents/plans-and-projects/managing-the-transit-network/tspr/csv-data/2025/tspr2025_bus_peakload_yearlinedaytypeseasontimerangedirection.csv,https://www.translink.ca/-/media/translink/documents/plans-and-projects/managing-the-transit-network/tspr/csv-data/2025/tspr2025_bus_yearlinedaytypeseasontimerange.csv
2025,49,summer,Sun/Hol,21,21:00,24:00,3,east,away_from_ubc,61.81187169,82.41582892,2.166666667,https://www.translink.ca/-/media/translink/documents/plans-and-projects/managing-the-transit-network/tspr/csv-data/2025/tspr2025_bus_peakload_yearlinedaytypeseasontimerangedirection.csv,https://www.translink.ca/-/media/translink/documents/plans-and-projects/managing-the-transit-network/tspr/csv-data/2025/tspr2025_bus_yearlinedaytypeseasontimerange.csv
2025,49,summer,Sun/Hol,21,21:00,24:00,3,west,toward_ubc,41.19107143,54.92142857,2.166666667,https://www.translink.ca/-/media/translink/documents/plans-and-projects/managing-the-transit-network/tspr/csv-data/2025/tspr2025_bus_peakload_yearlinedaytypeseasontimerangedirection.csv,https://www.translink.ca/-/media/translink/documents/plans-and-projects/managing-the-transit-network/tspr/csv-data/2025/tspr2025_bus_yearlinedaytypeseasontimerange.csv
2025,49,summer,Sun/Hol,24,24:00,04:00,4,east,away_from_ubc,,,1,https://www.translink.ca/-/media/translink/documents/plans-and-projects/managing-the-transit-network/tspr/csv-data/2025/tspr2025_bus_peakload_yearlinedaytypeseasontimerangedirection.csv,https://www.translink.ca/-/media/translink/documents/plans-and-projects/managing-the-transit-network/tspr/csv-data/2025/tspr2025_bus_yearlinedaytypeseasontimerange.csv
2025,49,summer,Sun/Hol,24,24:00,04:00,4,west,toward_ubc,,,1,https://www.translink.ca/-/media/translink/documents/plans-and-projects/managing-the-transit-network/tspr/csv-data/2025/tspr2025_bus_peakload_yearlinedaytypeseasontimerangedirection.csv,https://www.translink.ca/-/media/translink/documents/plans-and-projects/managing-the-transit-network/tspr/csv-data/2025/tspr2025_bus_yearlinedaytypeseasontimerange.csv
2025,99,fall,MF,4,04:00,06:00,2,west,toward_ubc,64.67483997,86.23311996,4,https://www.translink.ca/-/media/translink/documents/plans-and-projects/managing-the-transit-network/tspr/csv-data/2025/tspr2025_bus_peakload_yearlinedaytypeseasontimerangedirection.csv,https://www.translink.ca/-/media/translink/documents/plans-and-projects/managing-the-transit-network/tspr/csv-data/2025/tspr2025_bus_yearlinedaytypeseasontimerange.csv
2025,99,fall,MF,6,06:00,09:00,3,east,away_from_ubc,30.39081218,40.5210829,15.99530516,https://www.translink.ca/-/media/translink/documents/plans-and-projects/managing-the-transit-network/tspr/csv-data/2025/tspr2025_bus_peakload_yearlinedaytypeseasontimerangedirection.csv,https://www.translink.ca/-/media/translink/documents/plans-and-projects/managing-the-transit-network/tspr/csv-data/2025/tspr2025_bus_yearlinedaytypeseasontimerange.csv
2025,99,fall,MF,6,06:00,09:00,3,west,toward_ubc,78.15103333,104.2013778,15.99530516,https://www.translink.ca/-/media/translink/documents/plans-and-projects/managing-the-transit-network/tspr/csv-data/2025/tspr2025_bus_peakload_yearlinedaytypeseasontimerangedirection.csv,https://www.translink.ca/-/media/translink/documents/plans-and-projects/managing-the-transit-network/tspr/csv-data/2025/tspr2025_bus_yearlinedaytypeseasontimerange.csv
2025,99,fall,MF,9,09:00,15:00,6,east,away_from_ubc,41.18245015,54.90993354,12.57746479,https://www.translink.ca/-/media/translink/documents/plans-and-projects/managing-the-transit-network/tspr/csv-data/2025/tspr2025_bus_peakload_yearlinedaytypeseasontimerangedirection.csv,https://www.translink.ca/-/media/translink/documents/plans-and-projects/managing-the-transit-network/tspr/csv-data/2025/tspr2025_bus_yearlinedaytypeseasontimerange.csv
2025,99,fall,MF,9,09:00,15:00,6,west,toward_ubc,57.16115082,76.21486776,12.57746479,https://www.translink.ca/-/media/translink/documents/plans-and-projects/managing-the-transit-network/tspr/csv-data/2025/tspr2025_bus_peakload_yearlinedaytypeseasontimerangedirection.csv,https://www.translink.ca/-/media/translink/documents/plans-and-projects/managing-the-transit-network/tspr/csv-data/2025/tspr2025_bus_yearlinedaytypeseasontimerange.csv
2025,99,fall,MF,15,15:00,18:00,3,east,away_from_ubc,75.16034082,100.2137878,17.99530516,https://www.translink.ca/-/media/translink/documents/plans-and-projects/managing-the-transit-network/tspr/csv-data/2025/tspr2025_bus_peakload_yearlinedaytypeseasontimerangedirection.csv,https://www.translink.ca/-/media/translink/documents/plans-and-projects/managing-the-transit-network/tspr/csv-data/2025/tspr2025_bus_yearlinedaytypeseasontimerange.csv
2025,99,fall,MF,15,15:00,18:00,3,west,toward_ubc,46.1792291,61.57230546,17.99530516,https://www.translink.ca/-/media/translink/documents/plans-and-projects/managing-the-transit-network/tspr/csv-data/2025/tspr2025_bus_peakload_yearlinedaytypeseasontimerangedirection.csv,https://www.translink.ca/-/media/translink/documents/plans-and-projects/managing-the-transit-network/tspr/csv-data/2025/tspr2025_bus_yearlinedaytypeseasontimerange.csv
2025,99,fall,MF,18,18:00,21:00,3,east,away_from_ubc,62.30336146,83.07114861,8.661971831,https://www.translink.ca/-/media/translink/documents/plans-and-projects/managing-the-transit-network/tspr/csv-data/2025/tspr2025_bus_peakload_yearlinedaytypeseasontimerangedirection.csv,https://www.translink.ca/-/media/translink/documents/plans-and-projects/managing-the-transit-network/tspr/csv-data/2025/tspr2025_bus_yearlinedaytypeseasontimerange.csv
2025,99,fall,MF,18,18:00,21:00,3,west,toward_ubc,42.07082171,56.09442894,8.661971831,https://www.translink.ca/-/media/translink/documents/plans-and-projects/managing-the-transit-network/tspr/csv-data/2025/tspr2025_bus_peakload_yearlinedaytypeseasontimerangedirection.csv,https://www.translink.ca/-/media/translink/documents/plans-and-projects/managing-the-transit-network/tspr/csv-data/2025/tspr2025_bus_yearlinedaytypeseasontimerange.csv
2025,99,fall,MF,21,21:00,24:00,3,east,away_from_ubc,51.55521018,68.74028024,4.333333333,https://www.translink.ca/-/media/translink/documents/plans-and-projects/managing-the-transit-network/tspr/csv-data/2025/tspr2025_bus_peakload_yearlinedaytypeseasontimerangedirection.csv,https://www.translink.ca/-/media/translink/documents/plans-and-projects/managing-the-transit-network/tspr/csv-data/2025/tspr2025_bus_yearlinedaytypeseasontimerange.csv
2025,99,fall,MF,21,21:00,24:00,3,west,toward_ubc,33.01070862,44.01427815,4.333333333,https://www.translink.ca/-/media/translink/documents/plans-and-projects/managing-the-transit-network/tspr/csv-data/2025/tspr2025_bus_peakload_yearlinedaytypeseasontimerangedirection.csv,https://www.translink.ca/-/media/translink/documents/plans-and-projects/managing-the-transit-network/tspr/csv-data/2025/tspr2025_bus_yearlinedaytypeseasontimerange.csv
2025,99,fall,MF,24,24:00,04:00,4,east,away_from_ubc,10.37806457,13.83741943,2.830985915,https://www.translink.ca/-/media/translink/documents/plans-and-projects/managing-the-transit-network/tspr/csv-data/2025/tspr2025_bus_peakload_yearlinedaytypeseasontimerangedirection.csv,https://www.translink.ca/-/media/translink/documents/plans-and-projects/managing-the-transit-network/tspr/csv-data/2025/tspr2025_bus_yearlinedaytypeseasontimerange.csv
2025,99,fall,MF,24,24:00,04:00,4,west,toward_ubc,10.65933369,14.21244492,2.830985915,https://www.translink.ca/-/media/translink/documents/plans-and-projects/managing-the-transit-network/tspr/csv-data/2025/tspr2025_bus_peakload_yearlinedaytypeseasontimerangedirection.csv,https://www.translink.ca/-/media/translink/documents/plans-and-projects/managing-the-transit-network/tspr/csv-data/2025/tspr2025_bus_yearlinedaytypeseasontimerange.csv
2025,99,fall,Sat,4,04:00,06:00,2,west,toward_ubc,13.73939394,18.31919192,2,https://www.translink.ca/-/media/translink/documents/plans-and-projects/managing-the-transit-network/tspr/csv-data/2025/tspr2025_bus_peakload_yearlinedaytypeseasontimerangedirection.csv,https://www.translink.ca/-/media/translink/documents/plans-and-projects/managing-the-transit-network/tspr/csv-data/2025/tspr2025_bus_yearlinedaytypeseasontimerange.csv
2025,99,fall,Sat,6,06:00,09:00,3,east,away_from_ubc,24.39254215,32.52338953,5.644444444,https://www.translink.ca/-/media/translink/documents/plans-and-projects/managing-the-transit-network/tspr/csv-data/2025/tspr2025_bus_peakload_yearlinedaytypeseasontimerangedirection.csv,https://www.translink.ca/-/media/translink/documents/plans-and-projects/managing-the-transit-network/tspr/csv-data/2025/tspr2025_bus_yearlinedaytypeseasontimerange.csv
2025,99,fall,Sat,6,06:00,09:00,3,west,toward_ubc,53.1279066,70.8372088,5.644444444,https://www.translink.ca/-/media/translink/documents/plans-and-projects/managing-the-transit-network/tspr/csv-data/2025/tspr2025_bus_peakload_yearlinedaytypeseasontimerangedirection.csv,https://www.translink.ca/-/media/translink/documents/plans-and-projects/managing-the-transit-network/tspr/csv-data/2025/tspr2025_bus_yearlinedaytypeseasontimerange.csv
2025,99,fall,Sat,9,09:00,15:00,6,east,away_from_ubc,49.00940693,65.34587591,8.822222222,https://www.translink.ca/-/media/translink/documents/plans-and-projects/managing-the-transit-network/tspr/csv-data/2025/tspr2025_bus_peakload_yearlinedaytypeseasontimerangedirection.csv,https://www.translink.ca/-/media/translink/documents/plans-and-projects/managing-the-transit-network/tspr/csv-data/2025/tspr2025_bus_yearlinedaytypeseasontimerange.csv
2025,99,fall,Sat,9,09:00,15:00,6,west,toward_ubc,58.71596383,78.28795178,8.822222222,https://www.translink.ca/-/media/translink/documents/plans-and-projects/managing-the-transit-network/tspr/csv-data/2025/tspr2025_bus_peakload_yearlinedaytypeseasontimerangedirection.csv,https://www.translink.ca/-/media/translink/documents/plans-and-projects/managing-the-transit-network/tspr/csv-data/2025/tspr2025_bus_yearlinedaytypeseasontimerange.csv
2025,99,fall,Sat,15,15:00,18:00,3,east,away_from_ubc,60.94490639,81.25987519,9.488888889,https://www.translink.ca/-/media/translink/documents/plans-and-projects/managing-the-transit-network/tspr/csv-data/2025/tspr2025_bus_peakload_yearlinedaytypeseasontimerangedirection.csv,https://www.translink.ca/-/media/translink/documents/plans-and-projects/managing-the-transit-network/tspr/csv-data/2025/tspr2025_bus_yearlinedaytypeseasontimerange.csv
2025,99,fall,Sat,15,15:00,18:00,3,west,toward_ubc,52.08884141,69.45178854,9.488888889,https://www.translink.ca/-/media/translink/documents/plans-and-projects/managing-the-transit-network/tspr/csv-data/2025/tspr2025_bus_peakload_yearlinedaytypeseasontimerangedirection.csv,https://www.translink.ca/-/media/translink/documents/plans-and-projects/managing-the-transit-network/tspr/csv-data/2025/tspr2025_bus_yearlinedaytypeseasontimerange.csv
2025,99,fall,Sat,18,18:00,21:00,3,east,away_from_ubc,51.71944801,68.95926402,6.666666667,https://www.translink.ca/-/media/translink/documents/plans-and-projects/managing-the-transit-network/tspr/csv-data/2025/tspr2025_bus_peakload_yearlinedaytypeseasontimerangedirection.csv,https://www.translink.ca/-/media/translink/documents/plans-and-projects/managing-the-transit-network/tspr/csv-data/2025/tspr2025_bus_yearlinedaytypeseasontimerange.csv
2025,99,fall,Sat,18,18:00,21:00,3,west,toward_ubc,46.41899679,61.89199572,6.666666667,https://www.translink.ca/-/media/translink/documents/plans-and-projects/managing-the-transit-network/tspr/csv-data/2025/tspr2025_bus_peakload_yearlinedaytypeseasontimerangedirection.csv,https://www.translink.ca/-/media/translink/documents/plans-and-projects/managing-the-transit-network/tspr/csv-data/2025/tspr2025_bus_yearlinedaytypeseasontimerange.csv
2025,99,fall,Sat,21,21:00,24:00,3,east,away_from_ubc,43.76246499,58.34995331,5.311111111,https://www.translink.ca/-/media/translink/documents/plans-and-projects/managing-the-transit-network/tspr/csv-data/2025/tspr2025_bus_peakload_yearlinedaytypeseasontimerangedirection.csv,https://www.translink.ca/-/media/translink/documents/plans-and-projects/managing-the-transit-network/tspr/csv-data/2025/tspr2025_bus_yearlinedaytypeseasontimerange.csv
2025,99,fall,Sat,21,21:00,24:00,3,west,toward_ubc,33.73657306,44.98209741,5.311111111,https://www.translink.ca/-/media/translink/documents/plans-and-projects/managing-the-transit-network/tspr/csv-data/2025/tspr2025_bus_peakload_yearlinedaytypeseasontimerangedirection.csv,https://www.translink.ca/-/media/translink/documents/plans-and-projects/managing-the-transit-network/tspr/csv-data/2025/tspr2025_bus_yearlinedaytypeseasontimerange.csv
2025,99,fall,Sat,24,24:00,04:00,4,east,away_from_ubc,12.15847334,16.45069173,2.866666667,https://www.translink.ca/-/media/translink/documents/plans-and-projects/managing-the-transit-network/tspr/csv-data/2025/tspr2025_bus_peakload_yearlinedaytypeseasontimerangedirection.csv,https://www.translink.ca/-/media/translink/documents/plans-and-projects/managing-the-transit-network/tspr/csv-data/2025/tspr2025_bus_yearlinedaytypeseasontimerange.csv
2025,99,fall,Sat,24,24:00,04:00,4,west,toward_ubc,19.56296759,26.08395678,2.866666667,https://www.translink.ca/-/media/translink/documents/plans-and-projects/managing-the-transit-network/tspr/csv-data/2025/tspr2025_bus_peakload_yearlinedaytypeseasontimerangedirection.csv,https://www.translink.ca/-/media/translink/documents/plans-and-projects/managing-the-transit-network/tspr/csv-data/2025/tspr2025_bus_yearlinedaytypeseasontimerange.csv
2025,99,fall,Sun/Hol,6,06:00,09:00,3,east,away_from_ubc,27.24057878,36.3207717,2.666666667,https://www.translink.ca/-/media/translink/documents/plans-and-projects/managing-the-transit-network/tspr/csv-data/2025/tspr2025_bus_peakload_yearlinedaytypeseasontimerangedirection.csv,https://www.translink.ca/-/media/translink/documents/plans-and-projects/managing-the-transit-network/tspr/csv-data/2025/tspr2025_bus_yearlinedaytypeseasontimerange.csv
2025,99,fall,Sun/Hol,6,06:00,09:00,3,west,toward_ubc,49.16703531,65.55604708,2.666666667,https://www.translink.ca/-/media/translink/documents/plans-and-projects/managing-the-transit-network/tspr/csv-data/2025/tspr2025_bus_peakload_yearlinedaytypeseasontimerangedirection.csv,https://www.translink.ca/-/media/translink/documents/plans-and-projects/managing-the-transit-network/tspr/csv-data/2025/tspr2025_bus_yearlinedaytypeseasontimerange.csv
2025,99,fall,Sun/Hol,9,09:00,15:00,6,east,away_from_ubc,48.79378167,65.05837556,6.736842105,https://www.translink.ca/-/media/translink/documents/plans-and-projects/managing-the-transit-network/tspr/csv-data/2025/tspr2025_bus_peakload_yearlinedaytypeseasontimerangedirection.csv,https://www.translink.ca/-/media/translink/documents/plans-and-projects/managing-the-transit-network/tspr/csv-data/2025/tspr2025_bus_yearlinedaytypeseasontimerange.csv
2025,99,fall,Sun/Hol,9,09:00,15:00,6,west,toward_ubc,61.06273418,81.4169789,6.736842105,https://www.translink.ca/-/media/translink/documents/plans-and-projects/managing-the-transit-network/tspr/csv-data/2025/tspr2025_bus_peakload_yearlinedaytypeseasontimerangedirection.csv,https://www.translink.ca/-/media/translink/documents/plans-and-projects/managing-the-transit-network/tspr/csv-data/2025/tspr2025_bus_yearlinedaytypeseasontimerange.csv
2025,99,fall,Sun/Hol,15,15:00,18:00,3,east,away_from_ubc,63.30433039,84.40577385,7,https://www.translink.ca/-/media/translink/documents/plans-and-projects/managing-the-transit-network/tspr/csv-data/2025/tspr2025_bus_peakload_yearlinedaytypeseasontimerangedirection.csv,https://www.translink.ca/-/media/translink/documents/plans-and-projects/managing-the-transit-network/tspr/csv-data/2025/tspr2025_bus_yearlinedaytypeseasontimerange.csv
2025,99,fall,Sun/Hol,15,15:00,18:00,3,west,toward_ubc,58.43872836,77.91830448,7,https://www.translink.ca/-/media/translink/documents/plans-and-projects/managing-the-transit-network/tspr/csv-data/2025/tspr2025_bus_peakload_yearlinedaytypeseasontimerangedirection.csv,https://www.translink.ca/-/media/translink/documents/plans-and-projects/managing-the-transit-network/tspr/csv-data/2025/tspr2025_bus_yearlinedaytypeseasontimerange.csv
2025,99,fall,Sun/Hol,18,18:00,21:00,3,east,away_from_ubc,55.48242687,73.97656916,5.157894737,https://www.translink.ca/-/media/translink/documents/plans-and-projects/managing-the-transit-network/tspr/csv-data/2025/tspr2025_bus_peakload_yearlinedaytypeseasontimerangedirection.csv,https://www.translink.ca/-/media/translink/documents/plans-and-projects/managing-the-transit-network/tspr/csv-data/2025/tspr2025_bus_yearlinedaytypeseasontimerange.csv
2025,99,fall,Sun/Hol,18,18:00,21:00,3,west,toward_ubc,49.62578803,66.16771738,5.157894737,https://www.translink.ca/-/media/translink/documents/plans-and-projects/managing-the-transit-network/tspr/csv-data/2025/tspr2025_bus_peakload_yearlinedaytypeseasontimerangedirection.csv,https://www.translink.ca/-/media/translink/documents/plans-and-projects/managing-the-transit-network/tspr/csv-data/2025/tspr2025_bus_yearlinedaytypeseasontimerange.csv
2025,99,fall,Sun/Hol,21,21:00,24:00,3,east,away_from_ubc,40.19759775,53.596797,4,https://www.translink.ca/-/media/translink/documents/plans-and-projects/managing-the-transit-network/tspr/csv-data/2025/tspr2025_bus_peakload_yearlinedaytypeseasontimerangedirection.csv,https://www.translink.ca/-/media/translink/documents/plans-and-projects/managing-the-transit-network/tspr/csv-data/2025/tspr2025_bus_yearlinedaytypeseasontimerange.csv
2025,99,fall,Sun/Hol,21,21:00,24:00,3,west,toward_ubc,29.39054079,39.18738772,4,https://www.translink.ca/-/media/translink/documents/plans-and-projects/managing-the-transit-network/tspr/csv-data/2025/tspr2025_bus_peakload_yearlinedaytypeseasontimerangedirection.csv,https://www.translink.ca/-/media/translink/documents/plans-and-projects/managing-the-transit-network/tspr/csv-data/2025/tspr2025_bus_yearlinedaytypeseasontimerange.csv
2025,99,fall,Sun/Hol,24,24:00,04:00,4,east,away_from_ubc,9.589455624,12.78594083,1.649122807,https://www.translink.ca/-/media/translink/documents/plans-and-projects/managing-the-transit-network/tspr/csv-data/2025/tspr2025_bus_peakload_yearlinedaytypeseasontimerangedirection.csv,https://www.translink.ca/-/media/translink/documents/plans-and-projects/managing-the-transit-network/tspr/csv-data/2025/tspr2025_bus_yearlinedaytypeseasontimerange.csv
2025,99,fall,Sun/Hol,24,24:00,04:00,4,west,toward_ubc,9.086094526,12.1147927,1.649122807,https://www.translink.ca/-/media/translink/documents/plans-and-projects/managing-the-transit-network/tspr/csv-data/2025/tspr2025_bus_peakload_yearlinedaytypeseasontimerangedirection.csv,https://www.translink.ca/-/media/translink/documents/plans-and-projects/managing-the-transit-network/tspr/csv-data/2025/tspr2025_bus_yearlinedaytypeseasontimerange.csv
2025,99,summer,MF,4,04:00,06:00,2,west,toward_ubc,57.97235029,77.29646705,4,https://www.translink.ca/-/media/translink/documents/plans-and-projects/managing-the-transit-network/tspr/csv-data/2025/tspr2025_bus_peakload_yearlinedaytypeseasontimerangedirection.csv,https://www.translink.ca/-/media/translink/documents/plans-and-projects/managing-the-transit-network/tspr/csv-data/2025/tspr2025_bus_yearlinedaytypeseasontimerange.csv
2025,99,summer,MF,6,06:00,09:00,3,east,away_from_ubc,28.15806326,37.54408434,16,https://www.translink.ca/-/media/translink/documents/plans-and-projects/managing-the-transit-network/tspr/csv-data/2025/tspr2025_bus_peakload_yearlinedaytypeseasontimerangedirection.csv,https://www.translink.ca/-/media/translink/documents/plans-and-projects/managing-the-transit-network/tspr/csv-data/2025/tspr2025_bus_yearlinedaytypeseasontimerange.csv
2025,99,summer,MF,6,06:00,09:00,3,west,toward_ubc,70.09926494,93.46568658,16,https://www.translink.ca/-/media/translink/documents/plans-and-projects/managing-the-transit-network/tspr/csv-data/2025/tspr2025_bus_peakload_yearlinedaytypeseasontimerangedirection.csv,https://www.translink.ca/-/media/translink/documents/plans-and-projects/managing-the-transit-network/tspr/csv-data/2025/tspr2025_bus_yearlinedaytypeseasontimerange.csv
2025,99,summer,MF,9,09:00,15:00,6,east,away_from_ubc,38.86265366,51.81687154,11.91666667,https://www.translink.ca/-/media/translink/documents/plans-and-projects/managing-the-transit-network/tspr/csv-data/2025/tspr2025_bus_peakload_yearlinedaytypeseasontimerangedirection.csv,https://www.translink.ca/-/media/translink/documents/plans-and-projects/managing-the-transit-network/tspr/csv-data/2025/tspr2025_bus_yearlinedaytypeseasontimerange.csv
2025,99,summer,MF,9,09:00,15:00,6,west,toward_ubc,53.27870461,71.03827282,11.91666667,https://www.translink.ca/-/media/translink/documents/plans-and-projects/managing-the-transit-network/tspr/csv-data/2025/tspr2025_bus_peakload_yearlinedaytypeseasontimerangedirection.csv,https://www.translink.ca/-/media/translink/documents/plans-and-projects/managing-the-transit-network/tspr/csv-data/2025/tspr2025_bus_yearlinedaytypeseasontimerange.csv
2025,99,summer,MF,15,15:00,18:00,3,east,away_from_ubc,66.41425574,88.55234098,18.16666667,https://www.translink.ca/-/media/translink/documents/plans-and-projects/managing-the-transit-network/tspr/csv-data/2025/tspr2025_bus_peakload_yearlinedaytypeseasontimerangedirection.csv,https://www.translink.ca/-/media/translink/documents/plans-and-projects/managing-the-transit-network/tspr/csv-data/2025/tspr2025_bus_yearlinedaytypeseasontimerange.csv
2025,99,summer,MF,15,15:00,18:00,3,west,toward_ubc,42.92704302,57.23605736,18.16666667,https://www.translink.ca/-/media/translink/documents/plans-and-projects/managing-the-transit-network/tspr/csv-data/2025/tspr2025_bus_peakload_yearlinedaytypeseasontimerangedirection.csv,https://www.translink.ca/-/media/translink/documents/plans-and-projects/managing-the-transit-network/tspr/csv-data/2025/tspr2025_bus_yearlinedaytypeseasontimerange.csv
2025,99,summer,MF,18,18:00,21:00,3,east,away_from_ubc,57.76174187,77.01565583,8.5,https://www.translink.ca/-/media/translink/documents/plans-and-projects/managing-the-transit-network/tspr/csv-data/2025/tspr2025_bus_peakload_yearlinedaytypeseasontimerangedirection.csv,https://www.translink.ca/-/media/translink/documents/plans-and-projects/managing-the-transit-network/tspr/csv-data/2025/tspr2025_bus_yearlinedaytypeseasontimerange.csv
2025,99,summer,MF,18,18:00,21:00,3,west,toward_ubc,44.41281869,59.21709158,8.5,https://www.translink.ca/-/media/translink/documents/plans-and-projects/managing-the-transit-network/tspr/csv-data/2025/tspr2025_bus_peakload_yearlinedaytypeseasontimerangedirection.csv,https://www.translink.ca/-/media/translink/documents/plans-and-projects/managing-the-transit-network/tspr/csv-data/2025/tspr2025_bus_yearlinedaytypeseasontimerange.csv
2025,99,summer,MF,21,21:00,24:00,3,east,away_from_ubc,52.1782737,69.5710316,4.333333333,https://www.translink.ca/-/media/translink/documents/plans-and-projects/managing-the-transit-network/tspr/csv-data/2025/tspr2025_bus_peakload_yearlinedaytypeseasontimerangedirection.csv,https://www.translink.ca/-/media/translink/documents/plans-and-projects/managing-the-transit-network/tspr/csv-data/2025/tspr2025_bus_yearlinedaytypeseasontimerange.csv
2025,99,summer,MF,21,21:00,24:00,3,west,toward_ubc,38.67087305,51.56116407,4.333333333,https://www.translink.ca/-/media/translink/documents/plans-and-projects/managing-the-transit-network/tspr/csv-data/2025/tspr2025_bus_peakload_yearlinedaytypeseasontimerangedirection.csv,https://www.translink.ca/-/media/translink/documents/plans-and-projects/managing-the-transit-network/tspr/csv-data/2025/tspr2025_bus_yearlinedaytypeseasontimerange.csv
2025,99,summer,MF,24,24:00,04:00,4,east,away_from_ubc,11.10901757,14.81202342,2.833333333,https://www.translink.ca/-/media/translink/documents/plans-and-projects/managing-the-transit-network/tspr/csv-data/2025/tspr2025_bus_peakload_yearlinedaytypeseasontimerangedirection.csv,https://www.translink.ca/-/media/translink/documents/plans-and-projects/managing-the-transit-network/tspr/csv-data/2025/tspr2025_bus_yearlinedaytypeseasontimerange.csv
2025,99,summer,MF,24,24:00,04:00,4,west,toward_ubc,10.58993421,14.11991228,2.833333333,https://www.translink.ca/-/media/translink/documents/plans-and-projects/managing-the-transit-network/tspr/csv-data/2025/tspr2025_bus_peakload_yearlinedaytypeseasontimerangedirection.csv,https://www.translink.ca/-/media/translink/documents/plans-and-projects/managing-the-transit-network/tspr/csv-data/2025/tspr2025_bus_yearlinedaytypeseasontimerange.csv
2025,99,summer,Sat,4,04:00,06:00,2,west,toward_ubc,12.17142857,16.22857143,2,https://www.translink.ca/-/media/translink/documents/plans-and-projects/managing-the-transit-network/tspr/csv-data/2025/tspr2025_bus_peakload_yearlinedaytypeseasontimerangedirection.csv,https://www.translink.ca/-/media/translink/documents/plans-and-projects/managing-the-transit-network/tspr/csv-data/2025/tspr2025_bus_yearlinedaytypeseasontimerange.csv
2025,99,summer,Sat,6,06:00,09:00,3,east,away_from_ubc,24.81108466,33.08144621,5.666666667,https://www.translink.ca/-/media/translink/documents/plans-and-projects/managing-the-transit-network/tspr/csv-data/2025/tspr2025_bus_peakload_yearlinedaytypeseasontimerangedirection.csv,https://www.translink.ca/-/media/translink/documents/plans-and-projects/managing-the-transit-network/tspr/csv-data/2025/tspr2025_bus_yearlinedaytypeseasontimerange.csv
2025,99,summer,Sat,6,06:00,09:00,3,west,toward_ubc,51.23690476,68.31587302,5.666666667,https://www.translink.ca/-/media/translink/documents/plans-and-projects/managing-the-transit-network/tspr/csv-data/2025/tspr2025_bus_peakload_yearlinedaytypeseasontimerangedirection.csv,https://www.translink.ca/-/media/translink/documents/plans-and-projects/managing-the-transit-network/tspr/csv-data/2025/tspr2025_bus_yearlinedaytypeseasontimerange.csv
2025,99,summer,Sat,9,09:00,15:00,6,east,away_from_ubc,45.50472923,60.6729723,8.833333333,https://www.translink.ca/-/media/translink/documents/plans-and-projects/managing-the-transit-network/tspr/csv-data/2025/tspr2025_bus_peakload_yearlinedaytypeseasontimerangedirection.csv,https://www.translink.ca/-/media/translink/documents/plans-and-projects/managing-the-transit-network/tspr/csv-data/2025/tspr2025_bus_yearlinedaytypeseasontimerange.csv
2025,99,summer,Sat,9,09:00,15:00,6,west,toward_ubc,60.50930014,80.67906686,8.833333333,https://www.translink.ca/-/media/translink/documents/plans-and-projects/managing-the-transit-network/tspr/csv-data/2025/tspr2025_bus_peakload_yearlinedaytypeseasontimerangedirection.csv,https://www.translink.ca/-/media/translink/documents/plans-and-projects/managing-the-transit-network/tspr/csv-data/2025/tspr2025_bus_yearlinedaytypeseasontimerange.csv
2025,99,summer,Sat,15,15:00,18:00,3,east,away_from_ubc,59.95121693,79.93495591,9.5,https://www.translink.ca/-/media/translink/documents/plans-and-projects/managing-the-transit-network/tspr/csv-data/2025/tspr2025_bus_peakload_yearlinedaytypeseasontimerangedirection.csv,https://www.translink.ca/-/media/translink/documents/plans-and-projects/managing-the-transit-network/tspr/csv-data/2025/tspr2025_bus_yearlinedaytypeseasontimerange.csv
2025,99,summer,Sat,15,15:00,18:00,3,west,toward_ubc,55.56078777,74.08105036,9.5,https://www.translink.ca/-/media/translink/documents/plans-and-projects/managing-the-transit-network/tspr/csv-data/2025/tspr2025_bus_peakload_yearlinedaytypeseasontimerangedirection.csv,https://www.translink.ca/-/media/translink/documents/plans-and-projects/managing-the-transit-network/tspr/csv-data/2025/tspr2025_bus_yearlinedaytypeseasontimerange.csv
2025,99,summer,Sat,18,18:00,21:00,3,east,away_from_ubc,59.11787604,78.82383472,6.666666667,https://www.translink.ca/-/media/translink/documents/plans-and-projects/managing-the-transit-network/tspr/csv-data/2025/tspr2025_bus_peakload_yearlinedaytypeseasontimerangedirection.csv,https://www.translink.ca/-/media/translink/documents/plans-and-projects/managing-the-transit-network/tspr/csv-data/2025/tspr2025_bus_yearlinedaytypeseasontimerange.csv
2025,99,summer,Sat,18,18:00,21:00,3,west,toward_ubc,51.44438179,68.59250905,6.666666667,https://www.translink.ca/-/media/translink/documents/plans-and-projects/managing-the-transit-network/tspr/csv-data/2025/tspr2025_bus_peakload_yearlinedaytypeseasontimerangedirection.csv,https://www.translink.ca/-/media/translink/documents/plans-and-projects/managing-the-transit-network/tspr/csv-data/2025/tspr2025_bus_yearlinedaytypeseasontimerange.csv
2025,99,summer,Sat,21,21:00,24:00,3,east,away_from_ubc,50.08069561,66.77426082,5.333333333,https://www.translink.ca/-/media/translink/documents/plans-and-projects/managing-the-transit-network/tspr/csv-data/2025/tspr2025_bus_peakload_yearlinedaytypeseasontimerangedirection.csv,https://www.translink.ca/-/media/translink/documents/plans-and-projects/managing-the-transit-network/tspr/csv-data/2025/tspr2025_bus_yearlinedaytypeseasontimerange.csv
2025,99,summer,Sat,21,21:00,24:00,3,west,toward_ubc,38.28259259,51.04345679,5.333333333,https://www.translink.ca/-/media/translink/documents/plans-and-projects/managing-the-transit-network/tspr/csv-data/2025/tspr2025_bus_peakload_yearlinedaytypeseasontimerangedirection.csv,https://www.translink.ca/-/media/translink/documents/plans-and-projects/managing-the-transit-network/tspr/csv-data/2025/tspr2025_bus_yearlinedaytypeseasontimerange.csv
2025,99,summer,Sat,24,24:00,04:00,4,east,away_from_ubc,12.88441558,17.54285714,2.875,https://www.translink.ca/-/media/translink/documents/plans-and-projects/managing-the-transit-network/tspr/csv-data/2025/tspr2025_bus_peakload_yearlinedaytypeseasontimerangedirection.csv,https://www.translink.ca/-/media/translink/documents/plans-and-projects/managing-the-transit-network/tspr/csv-data/2025/tspr2025_bus_yearlinedaytypeseasontimerange.csv
2025,99,summer,Sat,24,24:00,04:00,4,west,toward_ubc,19.37113095,25.8281746,2.875,https://www.translink.ca/-/media/translink/documents/plans-and-projects/managing-the-transit-network/tspr/csv-data/2025/tspr2025_bus_peakload_yearlinedaytypeseasontimerangedirection.csv,https://www.translink.ca/-/media/translink/documents/plans-and-projects/managing-the-transit-network/tspr/csv-data/2025/tspr2025_bus_yearlinedaytypeseasontimerange.csv
2025,99,summer,Sun/Hol,6,06:00,09:00,3,east,away_from_ubc,29.23743386,38.98324515,2.666666667,https://www.translink.ca/-/media/translink/documents/plans-and-projects/managing-the-transit-network/tspr/csv-data/2025/tspr2025_bus_peakload_yearlinedaytypeseasontimerangedirection.csv,https://www.translink.ca/-/media/translink/documents/plans-and-projects/managing-the-transit-network/tspr/csv-data/2025/tspr2025_bus_yearlinedaytypeseasontimerange.csv
2025,99,summer,Sun/Hol,6,06:00,09:00,3,west,toward_ubc,49.4489418,65.9319224,2.666666667,https://www.translink.ca/-/media/translink/documents/plans-and-projects/managing-the-transit-network/tspr/csv-data/2025/tspr2025_bus_peakload_yearlinedaytypeseasontimerangedirection.csv,https://www.translink.ca/-/media/translink/documents/plans-and-projects/managing-the-transit-network/tspr/csv-data/2025/tspr2025_bus_yearlinedaytypeseasontimerange.csv
2025,99,summer,Sun/Hol,9,09:00,15:00,6,east,away_from_ubc,45.07327694,60.09770259,6.583333333,https://www.translink.ca/-/media/translink/documents/plans-and-projects/managing-the-transit-network/tspr/csv-data/2025/tspr2025_bus_peakload_yearlinedaytypeseasontimerangedirection.csv,https://www.translink.ca/-/media/translink/documents/plans-and-projects/managing-the-transit-network/tspr/csv-data/2025/tspr2025_bus_yearlinedaytypeseasontimerange.csv
2025,99,summer,Sun/Hol,9,09:00,15:00,6,west,toward_ubc,62.1539258,82.87190107,6.583333333,https://www.translink.ca/-/media/translink/documents/plans-and-projects/managing-the-transit-network/tspr/csv-data/2025/tspr2025_bus_peakload_yearlinedaytypeseasontimerangedirection.csv,https://www.translink.ca/-/media/translink/documents/plans-and-projects/managing-the-transit-network/tspr/csv-data/2025/tspr2025_bus_yearlinedaytypeseasontimerange.csv
2025,99,summer,Sun/Hol,15,15:00,18:00,3,east,away_from_ubc,59.97492785,79.96657047,7,https://www.translink.ca/-/media/translink/documents/plans-and-projects/managing-the-transit-network/tspr/csv-data/2025/tspr2025_bus_peakload_yearlinedaytypeseasontimerangedirection.csv,https://www.translink.ca/-/media/translink/documents/plans-and-projects/managing-the-transit-network/tspr/csv-data/2025/tspr2025_bus_yearlinedaytypeseasontimerange.csv
2025,99,summer,Sun/Hol,15,15:00,18:00,3,west,toward_ubc,55.49208983,73.98945311,7,https://www.translink.ca/-/media/translink/documents/plans-and-projects/managing-the-transit-network/tspr/csv-data/2025/tspr2025_bus_peakload_yearlinedaytypeseasontimerangedirection.csv,https://www.translink.ca/-/media/translink/documents/plans-and-projects/managing-the-transit-network/tspr/csv-data/2025/tspr2025_bus_yearlinedaytypeseasontimerange.csv
2025,99,summer,Sun/Hol,18,18:00,21:00,3,east,away_from_ubc,59.99897186,79.99862915,5.666666667,https://www.translink.ca/-/media/translink/documents/plans-and-projects/managing-the-transit-network/tspr/csv-data/2025/tspr2025_bus_peakload_yearlinedaytypeseasontimerangedirection.csv,https://www.translink.ca/-/media/translink/documents/plans-and-projects/managing-the-transit-network/tspr/csv-data/2025/tspr2025_bus_yearlinedaytypeseasontimerange.csv
2025,99,summer,Sun/Hol,18,18:00,21:00,3,west,toward_ubc,46.64224124,62.18965498,5.666666667,https://www.translink.ca/-/media/translink/documents/plans-and-projects/managing-the-transit-network/tspr/csv-data/2025/tspr2025_bus_peakload_yearlinedaytypeseasontimerangedirection.csv,https://www.translink.ca/-/media/translink/documents/plans-and-projects/managing-the-transit-network/tspr/csv-data/2025/tspr2025_bus_yearlinedaytypeseasontimerange.csv
2025,99,summer,Sun/Hol,21,21:00,24:00,3,east,away_from_ubc,48.1710928,64.22812373,4.166666667,https://www.translink.ca/-/media/translink/documents/plans-and-projects/managing-the-transit-network/tspr/csv-data/2025/tspr2025_bus_peakload_yearlinedaytypeseasontimerangedirection.csv,https://www.translink.ca/-/media/translink/documents/plans-and-projects/managing-the-transit-network/tspr/csv-data/2025/tspr2025_bus_yearlinedaytypeseasontimerange.csv
2025,99,summer,Sun/Hol,21,21:00,24:00,3,west,toward_ubc,34.28091931,45.70789242,4.166666667,https://www.translink.ca/-/media/translink/documents/plans-and-projects/managing-the-transit-network/tspr/csv-data/2025/tspr2025_bus_peakload_yearlinedaytypeseasontimerangedirection.csv,https://www.translink.ca/-/media/translink/documents/plans-and-projects/managing-the-transit-network/tspr/csv-data/2025/tspr2025_bus_yearlinedaytypeseasontimerange.csv
2025,99,summer,Sun/Hol,24,24:00,04:00,4,east,away_from_ubc,12.08888889,16.11851852,1.666666667,https://www.translink.ca/-/media/translink/documents/plans-and-projects/managing-the-transit-network/tspr/csv-data/2025/tspr2025_bus_peakload_yearlinedaytypeseasontimerangedirection.csv,https://www.translink.ca/-/media/translink/documents/plans-and-projects/managing-the-transit-network/tspr/csv-data/2025/tspr2025_bus_yearlinedaytypeseasontimerange.csv
2025,99,summer,Sun/Hol,24,24:00,04:00,4,west,toward_ubc,10.4468254,13.92910053,1.666666667,https://www.translink.ca/-/media/translink/documents/plans-and-projects/managing-the-transit-network/tspr/csv-data/2025/tspr2025_bus_peakload_yearlinedaytypeseasontimerangedirection.csv,https://www.translink.ca/-/media/translink/documents/plans-and-projects/managing-the-transit-network/tspr/csv-data/2025/tspr2025_bus_yearlinedaytypeseasontimerange.csv
2025,R4,fall,MF,4,04:00,06:00,2,east,away_from_ubc,45.51323877,60.68431836,5,https://www.translink.ca/-/media/translink/documents/plans-and-projects/managing-the-transit-network/tspr/csv-data/2025/tspr2025_bus_peakload_yearlinedaytypeseasontimerangedirection.csv,https://www.translink.ca/-/media/translink/documents/plans-and-projects/managing-the-transit-network/tspr/csv-data/2025/tspr2025_bus_yearlinedaytypeseasontimerange.csv
2025,R4,fall,MF,4,04:00,06:00,2,west,toward_ubc,46.18553635,61.58071513,5,https://www.translink.ca/-/media/translink/documents/plans-and-projects/managing-the-transit-network/tspr/csv-data/2025/tspr2025_bus_peakload_yearlinedaytypeseasontimerangedirection.csv,https://www.translink.ca/-/media/translink/documents/plans-and-projects/managing-the-transit-network/tspr/csv-data/2025/tspr2025_bus_yearlinedaytypeseasontimerange.csv
2025,R4,fall,MF,6,06:00,09:00,3,east,away_from_ubc,26.98535647,35.98047529,15.49765258,https://www.translink.ca/-/media/translink/documents/plans-and-projects/managing-the-transit-network/tspr/csv-data/2025/tspr2025_bus_peakload_yearlinedaytypeseasontimerangedirection.csv,https://www.translink.ca/-/media/translink/documents/plans-and-projects/managing-the-transit-network/tspr/csv-data/2025/tspr2025_bus_yearlinedaytypeseasontimerange.csv
2025,R4,fall,MF,6,06:00,09:00,3,west,toward_ubc,71.11261936,94.81682581,15.49765258,https://www.translink.ca/-/media/translink/documents/plans-and-projects/managing-the-transit-network/tspr/csv-data/2025/tspr2025_bus_peakload_yearlinedaytypeseasontimerangedirection.csv,https://www.translink.ca/-/media/translink/documents/plans-and-projects/managing-the-transit-network/tspr/csv-data/2025/tspr2025_bus_yearlinedaytypeseasontimerange.csv
2025,R4,fall,MF,9,09:00,15:00,6,east,away_from_ubc,45.52125059,60.69500079,9.410798122,https://www.translink.ca/-/media/translink/documents/plans-and-projects/managing-the-transit-network/tspr/csv-data/2025/tspr2025_bus_peakload_yearlinedaytypeseasontimerangedirection.csv,https://www.translink.ca/-/media/translink/documents/plans-and-projects/managing-the-transit-network/tspr/csv-data/2025/tspr2025_bus_yearlinedaytypeseasontimerange.csv
2025,R4,fall,MF,9,09:00,15:00,6,west,toward_ubc,59.20934638,78.94579518,9.410798122,https://www.translink.ca/-/media/translink/documents/plans-and-projects/managing-the-transit-network/tspr/csv-data/2025/tspr2025_bus_peakload_yearlinedaytypeseasontimerangedirection.csv,https://www.translink.ca/-/media/translink/documents/plans-and-projects/managing-the-transit-network/tspr/csv-data/2025/tspr2025_bus_yearlinedaytypeseasontimerange.csv
2025,R4,fall,MF,15,15:00,18:00,3,east,away_from_ubc,69.69585359,92.92780479,14.66197183,https://www.translink.ca/-/media/translink/documents/plans-and-projects/managing-the-transit-network/tspr/csv-data/2025/tspr2025_bus_peakload_yearlinedaytypeseasontimerangedirection.csv,https://www.translink.ca/-/media/translink/documents/plans-and-projects/managing-the-transit-network/tspr/csv-data/2025/tspr2025_bus_yearlinedaytypeseasontimerange.csv
2025,R4,fall,MF,15,15:00,18:00,3,west,toward_ubc,41.72734889,55.63646519,14.66197183,https://www.translink.ca/-/media/translink/documents/plans-and-projects/managing-the-transit-network/tspr/csv-data/2025/tspr2025_bus_peakload_yearlinedaytypeseasontimerangedirection.csv,https://www.translink.ca/-/media/translink/documents/plans-and-projects/managing-the-transit-network/tspr/csv-data/2025/tspr2025_bus_yearlinedaytypeseasontimerange.csv
2025,R4,fall,MF,18,18:00,21:00,3,east,away_from_ubc,60.89694383,81.19592511,7.328638498,https://www.translink.ca/-/media/translink/documents/plans-and-projects/managing-the-transit-network/tspr/csv-data/2025/tspr2025_bus_peakload_yearlinedaytypeseasontimerangedirection.csv,https://www.translink.ca/-/media/translink/documents/plans-and-projects/managing-the-transit-network/tspr/csv-data/2025/tspr2025_bus_yearlinedaytypeseasontimerange.csv
2025,R4,fall,MF,18,18:00,21:00,3,west,toward_ubc,42.04585167,56.06113556,7.328638498,https://www.translink.ca/-/media/translink/documents/plans-and-projects/managing-the-transit-network/tspr/csv-data/2025/tspr2025_bus_peakload_yearlinedaytypeseasontimerangedirection.csv,https://www.translink.ca/-/media/translink/documents/plans-and-projects/managing-the-transit-network/tspr/csv-data/2025/tspr2025_bus_yearlinedaytypeseasontimerange.csv
2025,R4,fall,MF,21,21:00,24:00,3,east,away_from_ubc,52.61645574,70.15527432,4.328638498,https://www.translink.ca/-/media/translink/documents/plans-and-projects/managing-the-transit-network/tspr/csv-data/2025/tspr2025_bus_peakload_yearlinedaytypeseasontimerangedirection.csv,https://www.translink.ca/-/media/translink/documents/plans-and-projects/managing-the-transit-network/tspr/csv-data/2025/tspr2025_bus_yearlinedaytypeseasontimerange.csv
2025,R4,fall,MF,21,21:00,24:00,3,west,toward_ubc,35.9014373,47.86858306,4.328638498,https://www.translink.ca/-/media/translink/documents/plans-and-projects/managing-the-transit-network/tspr/csv-data/2025/tspr2025_bus_peakload_yearlinedaytypeseasontimerangedirection.csv,https://www.translink.ca/-/media/translink/documents/plans-and-projects/managing-the-transit-network/tspr/csv-data/2025/tspr2025_bus_yearlinedaytypeseasontimerange.csv
2025,R4,fall,MF,24,24:00,04:00,4,east,away_from_ubc,18.48999138,24.65332184,2.5,https://www.translink.ca/-/media/translink/documents/plans-and-projects/managing-the-transit-network/tspr/csv-data/2025/tspr2025_bus_peakload_yearlinedaytypeseasontimerangedirection.csv,https://www.translink.ca/-/media/translink/documents/plans-and-projects/managing-the-transit-network/tspr/csv-data/2025/tspr2025_bus_yearlinedaytypeseasontimerange.csv
2025,R4,fall,MF,24,24:00,04:00,4,west,toward_ubc,15.85950662,21.14600883,2.5,https://www.translink.ca/-/media/translink/documents/plans-and-projects/managing-the-transit-network/tspr/csv-data/2025/tspr2025_bus_peakload_yearlinedaytypeseasontimerangedirection.csv,https://www.translink.ca/-/media/translink/documents/plans-and-projects/managing-the-transit-network/tspr/csv-data/2025/tspr2025_bus_yearlinedaytypeseasontimerange.csv
2025,R4,fall,Sat,4,04:00,06:00,2,east,away_from_ubc,16.75,22.33333333,2.466666667,https://www.translink.ca/-/media/translink/documents/plans-and-projects/managing-the-transit-network/tspr/csv-data/2025/tspr2025_bus_peakload_yearlinedaytypeseasontimerangedirection.csv,https://www.translink.ca/-/media/translink/documents/plans-and-projects/managing-the-transit-network/tspr/csv-data/2025/tspr2025_bus_yearlinedaytypeseasontimerange.csv
2025,R4,fall,Sat,4,04:00,06:00,2,west,toward_ubc,25.66923077,34.22564103,2.466666667,https://www.translink.ca/-/media/translink/documents/plans-and-projects/managing-the-transit-network/tspr/csv-data/2025/tspr2025_bus_peakload_yearlinedaytypeseasontimerangedirection.csv,https://www.translink.ca/-/media/translink/documents/plans-and-projects/managing-the-transit-network/tspr/csv-data/2025/tspr2025_bus_yearlinedaytypeseasontimerange.csv
2025,R4,fall,Sat,6,06:00,09:00,3,east,away_from_ubc,28.87528361,38.50037814,5.488888889,https://www.translink.ca/-/media/translink/documents/plans-and-projects/managing-the-transit-network/tspr/csv-data/2025/tspr2025_bus_peakload_yearlinedaytypeseasontimerangedirection.csv,https://www.translink.ca/-/media/translink/documents/plans-and-projects/managing-the-transit-network/tspr/csv-data/2025/tspr2025_bus_yearlinedaytypeseasontimerange.csv
2025,R4,fall,Sat,6,06:00,09:00,3,west,toward_ubc,55.54852432,74.06469909,5.488888889,https://www.translink.ca/-/media/translink/documents/plans-and-projects/managing-the-transit-network/tspr/csv-data/2025/tspr2025_bus_peakload_yearlinedaytypeseasontimerangedirection.csv,https://www.translink.ca/-/media/translink/documents/plans-and-projects/managing-the-transit-network/tspr/csv-data/2025/tspr2025_bus_yearlinedaytypeseasontimerange.csv
2025,R4,fall,Sat,9,09:00,15:00,6,east,away_from_ubc,46.28669341,61.71559121,7.244444444,https://www.translink.ca/-/media/translink/documents/plans-and-projects/managing-the-transit-network/tspr/csv-data/2025/tspr2025_bus_peakload_yearlinedaytypeseasontimerangedirection.csv,https://www.translink.ca/-/media/translink/documents/plans-and-projects/managing-the-transit-network/tspr/csv-data/2025/tspr2025_bus_yearlinedaytypeseasontimerange.csv
2025,R4,fall,Sat,9,09:00,15:00,6,west,toward_ubc,51.2429147,68.32388627,7.244444444,https://www.translink.ca/-/media/translink/documents/plans-and-projects/managing-the-transit-network/tspr/csv-data/2025/tspr2025_bus_peakload_yearlinedaytypeseasontimerangedirection.csv,https://www.translink.ca/-/media/translink/documents/plans-and-projects/managing-the-transit-network/tspr/csv-data/2025/tspr2025_bus_yearlinedaytypeseasontimerange.csv
2025,R4,fall,Sat,15,15:00,18:00,3,east,away_from_ubc,55.60680382,74.1424051,7.488888889,https://www.translink.ca/-/media/translink/documents/plans-and-projects/managing-the-transit-network/tspr/csv-data/2025/tspr2025_bus_peakload_yearlinedaytypeseasontimerangedirection.csv,https://www.translink.ca/-/media/translink/documents/plans-and-projects/managing-the-transit-network/tspr/csv-data/2025/tspr2025_bus_yearlinedaytypeseasontimerange.csv
2025,R4,fall,Sat,15,15:00,18:00,3,west,toward_ubc,47.2487259,62.99830119,7.488888889,https://www.translink.ca/-/media/translink/documents/plans-and-projects/managing-the-transit-network/tspr/csv-data/2025/tspr2025_bus_peakload_yearlinedaytypeseasontimerangedirection.csv,https://www.translink.ca/-/media/translink/documents/plans-and-projects/managing-the-transit-network/tspr/csv-data/2025/tspr2025_bus_yearlinedaytypeseasontimerange.csv
2025,R4,fall,Sat,18,18:00,21:00,3,east,away_from_ubc,47.50611021,63.34148028,5.133333333,https://www.translink.ca/-/media/translink/documents/plans-and-projects/managing-the-transit-network/tspr/csv-data/2025/tspr2025_bus_peakload_yearlinedaytypeseasontimerangedirection.csv,https://www.translink.ca/-/media/translink/documents/plans-and-projects/managing-the-transit-network/tspr/csv-data/2025/tspr2025_bus_yearlinedaytypeseasontimerange.csv
2025,R4,fall,Sat,18,18:00,21:00,3,west,toward_ubc,47.70600252,63.60800335,5.133333333,https://www.translink.ca/-/media/translink/documents/plans-and-projects/managing-the-transit-network/tspr/csv-data/2025/tspr2025_bus_peakload_yearlinedaytypeseasontimerangedirection.csv,https://www.translink.ca/-/media/translink/documents/plans-and-projects/managing-the-transit-network/tspr/csv-data/2025/tspr2025_bus_yearlinedaytypeseasontimerange.csv
2025,R4,fall,Sat,21,21:00,24:00,3,east,away_from_ubc,48.09845753,64.1312767,4.155555556,https://www.translink.ca/-/media/translink/documents/plans-and-projects/managing-the-transit-network/tspr/csv-data/2025/tspr2025_bus_peakload_yearlinedaytypeseasontimerangedirection.csv,https://www.translink.ca/-/media/translink/documents/plans-and-projects/managing-the-transit-network/tspr/csv-data/2025/tspr2025_bus_yearlinedaytypeseasontimerange.csv
2025,R4,fall,Sat,21,21:00,24:00,3,west,toward_ubc,39.49436906,52.65915874,4.155555556,https://www.translink.ca/-/media/translink/documents/plans-and-projects/managing-the-transit-network/tspr/csv-data/2025/tspr2025_bus_peakload_yearlinedaytypeseasontimerangedirection.csv,https://www.translink.ca/-/media/translink/documents/plans-and-projects/managing-the-transit-network/tspr/csv-data/2025/tspr2025_bus_yearlinedaytypeseasontimerange.csv
2025,R4,fall,Sat,24,24:00,04:00,4,east,away_from_ubc,20.24217796,26.98957061,4,https://www.translink.ca/-/media/translink/documents/plans-and-projects/managing-the-transit-network/tspr/csv-data/2025/tspr2025_bus_peakload_yearlinedaytypeseasontimerangedirection.csv,https://www.translink.ca/-/media/translink/documents/plans-and-projects/managing-the-transit-network/tspr/csv-data/2025/tspr2025_bus_yearlinedaytypeseasontimerange.csv
2025,R4,fall,Sat,24,24:00,04:00,4,west,toward_ubc,21.50189394,28.66919192,4,https://www.translink.ca/-/media/translink/documents/plans-and-projects/managing-the-transit-network/tspr/csv-data/2025/tspr2025_bus_peakload_yearlinedaytypeseasontimerangedirection.csv,https://www.translink.ca/-/media/translink/documents/plans-and-projects/managing-the-transit-network/tspr/csv-data/2025/tspr2025_bus_yearlinedaytypeseasontimerange.csv
2025,R4,fall,Sun/Hol,4,04:00,06:00,2,east,away_from_ubc,7.315789474,9.754385965,2.473684211,https://www.translink.ca/-/media/translink/documents/plans-and-projects/managing-the-transit-network/tspr/csv-data/2025/tspr2025_bus_peakload_yearlinedaytypeseasontimerangedirection.csv,https://www.translink.ca/-/media/translink/documents/plans-and-projects/managing-the-transit-network/tspr/csv-data/2025/tspr2025_bus_yearlinedaytypeseasontimerange.csv
2025,R4,fall,Sun/Hol,4,04:00,06:00,2,west,toward_ubc,20.36211796,27.14949062,2.473684211,https://www.translink.ca/-/media/translink/documents/plans-and-projects/managing-the-transit-network/tspr/csv-data/2025/tspr2025_bus_peakload_yearlinedaytypeseasontimerangedirection.csv,https://www.translink.ca/-/media/translink/documents/plans-and-projects/managing-the-transit-network/tspr/csv-data/2025/tspr2025_bus_yearlinedaytypeseasontimerange.csv
2025,R4,fall,Sun/Hol,6,06:00,09:00,3,east,away_from_ubc,21.09360266,28.12480355,4.157894737,https://www.translink.ca/-/media/translink/documents/plans-and-projects/managing-the-transit-network/tspr/csv-data/2025/tspr2025_bus_peakload_yearlinedaytypeseasontimerangedirection.csv,https://www.translink.ca/-/media/translink/documents/plans-and-projects/managing-the-transit-network/tspr/csv-data/2025/tspr2025_bus_yearlinedaytypeseasontimerange.csv
2025,R4,fall,Sun/Hol,6,06:00,09:00,3,west,toward_ubc,40.07109335,53.42812447,4.157894737,https://www.translink.ca/-/media/translink/documents/plans-and-projects/managing-the-transit-network/tspr/csv-data/2025/tspr2025_bus_peakload_yearlinedaytypeseasontimerangedirection.csv,https://www.translink.ca/-/media/translink/documents/plans-and-projects/managing-the-transit-network/tspr/csv-data/2025/tspr2025_bus_yearlinedaytypeseasontimerange.csv
2025,R4,fall,Sun/Hol,9,09:00,15:00,6,east,away_from_ubc,49.78459938,66.37946584,5.070175439,https://www.translink.ca/-/media/translink/documents/plans-and-projects/managing-the-transit-network/tspr/csv-data/2025/tspr2025_bus_peakload_yearlinedaytypeseasontimerangedirection.csv,https://www.translink.ca/-/media/translink/documents/plans-and-projects/managing-the-transit-network/tspr/csv-data/2025/tspr2025_bus_yearlinedaytypeseasontimerange.csv
2025,R4,fall,Sun/Hol,9,09:00,15:00,6,west,toward_ubc,56.98450333,75.97933778,5.070175439,https://www.translink.ca/-/media/translink/documents/plans-and-projects/managing-the-transit-network/tspr/csv-data/2025/tspr2025_bus_peakload_yearlinedaytypeseasontimerangedirection.csv,https://www.translink.ca/-/media/translink/documents/plans-and-projects/managing-the-transit-network/tspr/csv-data/2025/tspr2025_bus_yearlinedaytypeseasontimerange.csv
2025,R4,fall,Sun/Hol,15,15:00,18:00,3,east,away_from_ubc,54.89400408,73.19200544,5.98245614,https://www.translink.ca/-/media/translink/documents/plans-and-projects/managing-the-transit-network/tspr/csv-data/2025/tspr2025_bus_peakload_yearlinedaytypeseasontimerangedirection.csv,https://www.translink.ca/-/media/translink/documents/plans-and-projects/managing-the-transit-network/tspr/csv-data/2025/tspr2025_bus_yearlinedaytypeseasontimerange.csv
2025,R4,fall,Sun/Hol,15,15:00,18:00,3,west,toward_ubc,51.09479796,68.12639728,5.98245614,https://www.translink.ca/-/media/translink/documents/plans-and-projects/managing-the-transit-network/tspr/csv-data/2025/tspr2025_bus_peakload_yearlinedaytypeseasontimerangedirection.csv,https://www.translink.ca/-/media/translink/documents/plans-and-projects/managing-the-transit-network/tspr/csv-data/2025/tspr2025_bus_yearlinedaytypeseasontimerange.csv
2025,R4,fall,Sun/Hol,18,18:00,21:00,3,east,away_from_ubc,43.29605806,57.72807742,4.98245614,https://www.translink.ca/-/media/translink/documents/plans-and-projects/managing-the-transit-network/tspr/csv-data/2025/tspr2025_bus_peakload_yearlinedaytypeseasontimerangedirection.csv,https://www.translink.ca/-/media/translink/documents/plans-and-projects/managing-the-transit-network/tspr/csv-data/2025/tspr2025_bus_yearlinedaytypeseasontimerange.csv
2025,R4,fall,Sun/Hol,18,18:00,21:00,3,west,toward_ubc,48.1714642,64.22861894,4.98245614,https://www.translink.ca/-/media/translink/documents/plans-and-projects/managing-the-transit-network/tspr/csv-data/2025/tspr2025_bus_peakload_yearlinedaytypeseasontimerangedirection.csv,https://www.translink.ca/-/media/translink/documents/plans-and-projects/managing-the-transit-network/tspr/csv-data/2025/tspr2025_bus_yearlinedaytypeseasontimerange.csv
2025,R4,fall,Sun/Hol,21,21:00,24:00,3,east,away_from_ubc,42.59726142,56.79634855,4,https://www.translink.ca/-/media/translink/documents/plans-and-projects/managing-the-transit-network/tspr/csv-data/2025/tspr2025_bus_peakload_yearlinedaytypeseasontimerangedirection.csv,https://www.translink.ca/-/media/translink/documents/plans-and-projects/managing-the-transit-network/tspr/csv-data/2025/tspr2025_bus_yearlinedaytypeseasontimerange.csv
2025,R4,fall,Sun/Hol,21,21:00,24:00,3,west,toward_ubc,34.83204408,46.44272544,4,https://www.translink.ca/-/media/translink/documents/plans-and-projects/managing-the-transit-network/tspr/csv-data/2025/tspr2025_bus_peakload_yearlinedaytypeseasontimerangedirection.csv,https://www.translink.ca/-/media/translink/documents/plans-and-projects/managing-the-transit-network/tspr/csv-data/2025/tspr2025_bus_yearlinedaytypeseasontimerange.csv
2025,R4,fall,Sun/Hol,24,24:00,04:00,4,east,away_from_ubc,13.23083075,17.64110767,2.5,https://www.translink.ca/-/media/translink/documents/plans-and-projects/managing-the-transit-network/tspr/csv-data/2025/tspr2025_bus_peakload_yearlinedaytypeseasontimerangedirection.csv,https://www.translink.ca/-/media/translink/documents/plans-and-projects/managing-the-transit-network/tspr/csv-data/2025/tspr2025_bus_yearlinedaytypeseasontimerange.csv
2025,R4,fall,Sun/Hol,24,24:00,04:00,4,west,toward_ubc,10.38201939,13.84269252,2.5,https://www.translink.ca/-/media/translink/documents/plans-and-projects/managing-the-transit-network/tspr/csv-data/2025/tspr2025_bus_peakload_yearlinedaytypeseasontimerangedirection.csv,https://www.translink.ca/-/media/translink/documents/plans-and-projects/managing-the-transit-network/tspr/csv-data/2025/tspr2025_bus_yearlinedaytypeseasontimerange.csv
2025,R4,summer,MF,4,04:00,06:00,2,east,away_from_ubc,46.33850108,61.78466811,5,https://www.translink.ca/-/media/translink/documents/plans-and-projects/managing-the-transit-network/tspr/csv-data/2025/tspr2025_bus_peakload_yearlinedaytypeseasontimerangedirection.csv,https://www.translink.ca/-/media/translink/documents/plans-and-projects/managing-the-transit-network/tspr/csv-data/2025/tspr2025_bus_yearlinedaytypeseasontimerange.csv
2025,R4,summer,MF,4,04:00,06:00,2,west,toward_ubc,43.81746667,58.4232889,5,https://www.translink.ca/-/media/translink/documents/plans-and-projects/managing-the-transit-network/tspr/csv-data/2025/tspr2025_bus_peakload_yearlinedaytypeseasontimerangedirection.csv,https://www.translink.ca/-/media/translink/documents/plans-and-projects/managing-the-transit-network/tspr/csv-data/2025/tspr2025_bus_yearlinedaytypeseasontimerange.csv
2025,R4,summer,MF,6,06:00,09:00,3,east,away_from_ubc,25.146013,33.52801734,15.5,https://www.translink.ca/-/media/translink/documents/plans-and-projects/managing-the-transit-network/tspr/csv-data/2025/tspr2025_bus_peakload_yearlinedaytypeseasontimerangedirection.csv,https://www.translink.ca/-/media/translink/documents/plans-and-projects/managing-the-transit-network/tspr/csv-data/2025/tspr2025_bus_yearlinedaytypeseasontimerange.csv
2025,R4,summer,MF,6,06:00,09:00,3,west,toward_ubc,54.39465523,72.52620697,15.5,https://www.translink.ca/-/media/translink/documents/plans-and-projects/managing-the-transit-network/tspr/csv-data/2025/tspr2025_bus_peakload_yearlinedaytypeseasontimerangedirection.csv,https://www.translink.ca/-/media/translink/documents/plans-and-projects/managing-the-transit-network/tspr/csv-data/2025/tspr2025_bus_yearlinedaytypeseasontimerange.csv
2025,R4,summer,MF,9,09:00,15:00,6,east,away_from_ubc,38.44299718,51.25732957,9.083333333,https://www.translink.ca/-/media/translink/documents/plans-and-projects/managing-the-transit-network/tspr/csv-data/2025/tspr2025_bus_peakload_yearlinedaytypeseasontimerangedirection.csv,https://www.translink.ca/-/media/translink/documents/plans-and-projects/managing-the-transit-network/tspr/csv-data/2025/tspr2025_bus_yearlinedaytypeseasontimerange.csv
2025,R4,summer,MF,9,09:00,15:00,6,west,toward_ubc,43.83293563,58.44391417,9.083333333,https://www.translink.ca/-/media/translink/documents/plans-and-projects/managing-the-transit-network/tspr/csv-data/2025/tspr2025_bus_peakload_yearlinedaytypeseasontimerangedirection.csv,https://www.translink.ca/-/media/translink/documents/plans-and-projects/managing-the-transit-network/tspr/csv-data/2025/tspr2025_bus_yearlinedaytypeseasontimerange.csv
2025,R4,summer,MF,15,15:00,18:00,3,east,away_from_ubc,54.84511377,73.12681837,14.66666667,https://www.translink.ca/-/media/translink/documents/plans-and-projects/managing-the-transit-network/tspr/csv-data/2025/tspr2025_bus_peakload_yearlinedaytypeseasontimerangedirection.csv,https://www.translink.ca/-/media/translink/documents/plans-and-projects/managing-the-transit-network/tspr/csv-data/2025/tspr2025_bus_yearlinedaytypeseasontimerange.csv
2025,R4,summer,MF,15,15:00,18:00,3,west,toward_ubc,40.22798887,53.63731849,14.66666667,https://www.translink.ca/-/media/translink/documents/plans-and-projects/managing-the-transit-network/tspr/csv-data/2025/tspr2025_bus_peakload_yearlinedaytypeseasontimerangedirection.csv,https://www.translink.ca/-/media/translink/documents/plans-and-projects/managing-the-transit-network/tspr/csv-data/2025/tspr2025_bus_yearlinedaytypeseasontimerange.csv
2025,R4,summer,MF,18,18:00,21:00,3,east,away_from_ubc,46.2251296,61.63350613,7,https://www.translink.ca/-/media/translink/documents/plans-and-projects/managing-the-transit-network/tspr/csv-data/2025/tspr2025_bus_peakload_yearlinedaytypeseasontimerangedirection.csv,https://www.translink.ca/-/media/translink/documents/plans-and-projects/managing-the-transit-network/tspr/csv-data/2025/tspr2025_bus_yearlinedaytypeseasontimerange.csv
2025,R4,summer,MF,18,18:00,21:00,3,west,toward_ubc,45.89728331,61.19637775,7,https://www.translink.ca/-/media/translink/documents/plans-and-projects/managing-the-transit-network/tspr/csv-data/2025/tspr2025_bus_peakload_yearlinedaytypeseasontimerangedirection.csv,https://www.translink.ca/-/media/translink/documents/plans-and-projects/managing-the-transit-network/tspr/csv-data/2025/tspr2025_bus_yearlinedaytypeseasontimerange.csv
2025,R4,summer,MF,21,21:00,24:00,3,east,away_from_ubc,46.83681639,62.44908852,4.333333333,https://www.translink.ca/-/media/translink/documents/plans-and-projects/managing-the-transit-network/tspr/csv-data/2025/tspr2025_bus_peakload_yearlinedaytypeseasontimerangedirection.csv,https://www.translink.ca/-/media/translink/documents/plans-and-projects/managing-the-transit-network/tspr/csv-data/2025/tspr2025_bus_yearlinedaytypeseasontimerange.csv
2025,R4,summer,MF,21,21:00,24:00,3,west,toward_ubc,41.34329456,55.12439274,4.333333333,https://www.translink.ca/-/media/translink/documents/plans-and-projects/managing-the-transit-network/tspr/csv-data/2025/tspr2025_bus_peakload_yearlinedaytypeseasontimerangedirection.csv,https://www.translink.ca/-/media/translink/documents/plans-and-projects/managing-the-transit-network/tspr/csv-data/2025/tspr2025_bus_yearlinedaytypeseasontimerange.csv
2025,R4,summer,MF,24,24:00,04:00,4,east,away_from_ubc,14.500881,19.334508,2.5,https://www.translink.ca/-/media/translink/documents/plans-and-projects/managing-the-transit-network/tspr/csv-data/2025/tspr2025_bus_peakload_yearlinedaytypeseasontimerangedirection.csv,https://www.translink.ca/-/media/translink/documents/plans-and-projects/managing-the-transit-network/tspr/csv-data/2025/tspr2025_bus_yearlinedaytypeseasontimerange.csv
2025,R4,summer,MF,24,24:00,04:00,4,west,toward_ubc,18.49022419,24.65363225,2.5,https://www.translink.ca/-/media/translink/documents/plans-and-projects/managing-the-transit-network/tspr/csv-data/2025/tspr2025_bus_peakload_yearlinedaytypeseasontimerangedirection.csv,https://www.translink.ca/-/media/translink/documents/plans-and-projects/managing-the-transit-network/tspr/csv-data/2025/tspr2025_bus_yearlinedaytypeseasontimerange.csv
2025,R4,summer,Sat,4,04:00,06:00,2,east,away_from_ubc,,,2.5,https://www.translink.ca/-/media/translink/documents/plans-and-projects/managing-the-transit-network/tspr/csv-data/2025/tspr2025_bus_peakload_yearlinedaytypeseasontimerangedirection.csv,https://www.translink.ca/-/media/translink/documents/plans-and-projects/managing-the-transit-network/tspr/csv-data/2025/tspr2025_bus_yearlinedaytypeseasontimerange.csv
2025,R4,summer,Sat,4,04:00,06:00,2,west,toward_ubc,24.52767857,32.70357143,2.5,https://www.translink.ca/-/media/translink/documents/plans-and-projects/managing-the-transit-network/tspr/csv-data/2025/tspr2025_bus_peakload_yearlinedaytypeseasontimerangedirection.csv,https://www.translink.ca/-/media/translink/documents/plans-and-projects/managing-the-transit-network/tspr/csv-data/2025/tspr2025_bus_yearlinedaytypeseasontimerange.csv
2025,R4,summer,Sat,6,06:00,09:00,3,east,away_from_ubc,33.32830688,44.4377425,5.5,https://www.translink.ca/-/media/translink/documents/plans-and-projects/managing-the-transit-network/tspr/csv-data/2025/tspr2025_bus_peakload_yearlinedaytypeseasontimerangedirection.csv,https://www.translink.ca/-/media/translink/documents/plans-and-projects/managing-the-transit-network/tspr/csv-data/2025/tspr2025_bus_yearlinedaytypeseasontimerange.csv
2025,R4,summer,Sat,6,06:00,09:00,3,west,toward_ubc,54.86832011,73.15776014,5.5,https://www.translink.ca/-/media/translink/documents/plans-and-projects/managing-the-transit-network/tspr/csv-data/2025/tspr2025_bus_peakload_yearlinedaytypeseasontimerangedirection.csv,https://www.translink.ca/-/media/translink/documents/plans-and-projects/managing-the-transit-network/tspr/csv-data/2025/tspr2025_bus_yearlinedaytypeseasontimerange.csv
2025,R4,summer,Sat,9,09:00,15:00,6,east,away_from_ubc,44.006543,58.67539067,7.25,https://www.translink.ca/-/media/translink/documents/plans-and-projects/managing-the-transit-network/tspr/csv-data/2025/tspr2025_bus_peakload_yearlinedaytypeseasontimerangedirection.csv,https://www.translink.ca/-/media/translink/documents/plans-and-projects/managing-the-transit-network/tspr/csv-data/2025/tspr2025_bus_yearlinedaytypeseasontimerange.csv
2025,R4,summer,Sat,9,09:00,15:00,6,west,toward_ubc,50.77636183,67.70181578,7.25,https://www.translink.ca/-/media/translink/documents/plans-and-projects/managing-the-transit-network/tspr/csv-data/2025/tspr2025_bus_peakload_yearlinedaytypeseasontimerangedirection.csv,https://www.translink.ca/-/media/translink/documents/plans-and-projects/managing-the-transit-network/tspr/csv-data/2025/tspr2025_bus_yearlinedaytypeseasontimerange.csv
2025,R4,summer,Sat,15,15:00,18:00,3,east,away_from_ubc,53.84259834,71.79013112,7.5,https://www.translink.ca/-/media/translink/documents/plans-and-projects/managing-the-transit-network/tspr/csv-data/2025/tspr2025_bus_peakload_yearlinedaytypeseasontimerangedirection.csv,https://www.translink.ca/-/media/translink/documents/plans-and-projects/managing-the-transit-network/tspr/csv-data/2025/tspr2025_bus_yearlinedaytypeseasontimerange.csv
2025,R4,summer,Sat,15,15:00,18:00,3,west,toward_ubc,47.32137446,63.09516595,7.5,https://www.translink.ca/-/media/translink/documents/plans-and-projects/managing-the-transit-network/tspr/csv-data/2025/tspr2025_bus_peakload_yearlinedaytypeseasontimerangedirection.csv,https://www.translink.ca/-/media/translink/documents/plans-and-projects/managing-the-transit-network/tspr/csv-data/2025/tspr2025_bus_yearlinedaytypeseasontimerange.csv
2025,R4,summer,Sat,18,18:00,21:00,3,east,away_from_ubc,45.20803571,60.27738095,5.166666667,https://www.translink.ca/-/media/translink/documents/plans-and-projects/managing-the-transit-network/tspr/csv-data/2025/tspr2025_bus_peakload_yearlinedaytypeseasontimerangedirection.csv,https://www.translink.ca/-/media/translink/documents/plans-and-projects/managing-the-transit-network/tspr/csv-data/2025/tspr2025_bus_yearlinedaytypeseasontimerange.csv
2025,R4,summer,Sat,18,18:00,21:00,3,west,toward_ubc,49.94865079,66.59820106,5.166666667,https://www.translink.ca/-/media/translink/documents/plans-and-projects/managing-the-transit-network/tspr/csv-data/2025/tspr2025_bus_peakload_yearlinedaytypeseasontimerangedirection.csv,https://www.translink.ca/-/media/translink/documents/plans-and-projects/managing-the-transit-network/tspr/csv-data/2025/tspr2025_bus_yearlinedaytypeseasontimerange.csv
2025,R4,summer,Sat,21,21:00,24:00,3,east,away_from_ubc,56.62628968,75.50171958,4,https://www.translink.ca/-/media/translink/documents/plans-and-projects/managing-the-transit-network/tspr/csv-data/2025/tspr2025_bus_peakload_yearlinedaytypeseasontimerangedirection.csv,https://www.translink.ca/-/media/translink/documents/plans-and-projects/managing-the-transit-network/tspr/csv-data/2025/tspr2025_bus_yearlinedaytypeseasontimerange.csv
2025,R4,summer,Sat,21,21:00,24:00,3,west,toward_ubc,45.71160714,60.94880952,4,https://www.translink.ca/-/media/translink/documents/plans-and-projects/managing-the-transit-network/tspr/csv-data/2025/tspr2025_bus_peakload_yearlinedaytypeseasontimerangedirection.csv,https://www.translink.ca/-/media/translink/documents/plans-and-projects/managing-the-transit-network/tspr/csv-data/2025/tspr2025_bus_yearlinedaytypeseasontimerange.csv
2025,R4,summer,Sat,24,24:00,04:00,4,east,away_from_ubc,25.67214286,34.22952381,2.5,https://www.translink.ca/-/media/translink/documents/plans-and-projects/managing-the-transit-network/tspr/csv-data/2025/tspr2025_bus_peakload_yearlinedaytypeseasontimerangedirection.csv,https://www.translink.ca/-/media/translink/documents/plans-and-projects/managing-the-transit-network/tspr/csv-data/2025/tspr2025_bus_yearlinedaytypeseasontimerange.csv
2025,R4,summer,Sat,24,24:00,04:00,4,west,toward_ubc,24.59196429,32.78928571,2.5,https://www.translink.ca/-/media/translink/documents/plans-and-projects/managing-the-transit-network/tspr/csv-data/2025/tspr2025_bus_peakload_yearlinedaytypeseasontimerangedirection.csv,https://www.translink.ca/-/media/translink/documents/plans-and-projects/managing-the-transit-network/tspr/csv-data/2025/tspr2025_bus_yearlinedaytypeseasontimerange.csv
2025,R4,summer,Sun/Hol,4,04:00,06:00,2,east,away_from_ubc,8.5,11.33333333,2.5,https://www.translink.ca/-/media/translink/documents/plans-and-projects/managing-the-transit-network/tspr/csv-data/2025/tspr2025_bus_peakload_yearlinedaytypeseasontimerangedirection.csv,https://www.translink.ca/-/media/translink/documents/plans-and-projects/managing-the-transit-network/tspr/csv-data/2025/tspr2025_bus_yearlinedaytypeseasontimerange.csv
2025,R4,summer,Sun/Hol,4,04:00,06:00,2,west,toward_ubc,19.41517857,25.88690476,2.5,https://www.translink.ca/-/media/translink/documents/plans-and-projects/managing-the-transit-network/tspr/csv-data/2025/tspr2025_bus_peakload_yearlinedaytypeseasontimerangedirection.csv,https://www.translink.ca/-/media/translink/documents/plans-and-projects/managing-the-transit-network/tspr/csv-data/2025/tspr2025_bus_yearlinedaytypeseasontimerange.csv
2025,R4,summer,Sun/Hol,6,06:00,09:00,3,east,away_from_ubc,23.3914442,31.18859227,4.166666667,https://www.translink.ca/-/media/translink/documents/plans-and-projects/managing-the-transit-network/tspr/csv-data/2025/tspr2025_bus_peakload_yearlinedaytypeseasontimerangedirection.csv,https://www.translink.ca/-/media/translink/documents/plans-and-projects/managing-the-transit-network/tspr/csv-data/2025/tspr2025_bus_yearlinedaytypeseasontimerange.csv
2025,R4,summer,Sun/Hol,6,06:00,09:00,3,west,toward_ubc,40.59313187,54.12417582,4.166666667,https://www.translink.ca/-/media/translink/documents/plans-and-projects/managing-the-transit-network/tspr/csv-data/2025/tspr2025_bus_peakload_yearlinedaytypeseasontimerangedirection.csv,https://www.translink.ca/-/media/translink/documents/plans-and-projects/managing-the-transit-network/tspr/csv-data/2025/tspr2025_bus_yearlinedaytypeseasontimerange.csv
2025,R4,summer,Sun/Hol,9,09:00,15:00,6,east,away_from_ubc,50.52924844,67.37233125,5.083333333,https://www.translink.ca/-/media/translink/documents/plans-and-projects/managing-the-transit-network/tspr/csv-data/2025/tspr2025_bus_peakload_yearlinedaytypeseasontimerangedirection.csv,https://www.translink.ca/-/media/translink/documents/plans-and-projects/managing-the-transit-network/tspr/csv-data/2025/tspr2025_bus_yearlinedaytypeseasontimerange.csv
2025,R4,summer,Sun/Hol,9,09:00,15:00,6,west,toward_ubc,57.4292266,76.57230213,5.083333333,https://www.translink.ca/-/media/translink/documents/plans-and-projects/managing-the-transit-network/tspr/csv-data/2025/tspr2025_bus_peakload_yearlinedaytypeseasontimerangedirection.csv,https://www.translink.ca/-/media/translink/documents/plans-and-projects/managing-the-transit-network/tspr/csv-data/2025/tspr2025_bus_yearlinedaytypeseasontimerange.csv
2025,R4,summer,Sun/Hol,15,15:00,18:00,3,east,away_from_ubc,53.70325477,71.60433969,6,https://www.translink.ca/-/media/translink/documents/plans-and-projects/managing-the-transit-network/tspr/csv-data/2025/tspr2025_bus_peakload_yearlinedaytypeseasontimerangedirection.csv,https://www.translink.ca/-/media/translink/documents/plans-and-projects/managing-the-transit-network/tspr/csv-data/2025/tspr2025_bus_yearlinedaytypeseasontimerange.csv
2025,R4,summer,Sun/Hol,15,15:00,18:00,3,west,toward_ubc,49.8398088,66.4530784,6,https://www.translink.ca/-/media/translink/documents/plans-and-projects/managing-the-transit-network/tspr/csv-data/2025/tspr2025_bus_peakload_yearlinedaytypeseasontimerangedirection.csv,https://www.translink.ca/-/media/translink/documents/plans-and-projects/managing-the-transit-network/tspr/csv-data/2025/tspr2025_bus_yearlinedaytypeseasontimerange.csv
2025,R4,summer,Sun/Hol,18,18:00,21:00,3,east,away_from_ubc,47.29878472,63.0650463,5.166666667,https://www.translink.ca/-/media/translink/documents/plans-and-projects/managing-the-transit-network/tspr/csv-data/2025/tspr2025_bus_peakload_yearlinedaytypeseasontimerangedirection.csv,https://www.translink.ca/-/media/translink/documents/plans-and-projects/managing-the-transit-network/tspr/csv-data/2025/tspr2025_bus_yearlinedaytypeseasontimerange.csv
2025,R4,summer,Sun/Hol,18,18:00,21:00,3,west,toward_ubc,49.9537037,66.60493827,5.166666667,https://www.translink.ca/-/media/translink/documents/plans-and-projects/managing-the-transit-network/tspr/csv-data/2025/tspr2025_bus_peakload_yearlinedaytypeseasontimerangedirection.csv,https://www.translink.ca/-/media/translink/documents/plans-and-projects/managing-the-transit-network/tspr/csv-data/2025/tspr2025_bus_yearlinedaytypeseasontimerange.csv
2025,R4,summer,Sun/Hol,21,21:00,24:00,3,east,away_from_ubc,44.05638228,58.74184303,3.833333333,https://www.translink.ca/-/media/translink/documents/plans-and-projects/managing-the-transit-network/tspr/csv-data/2025/tspr2025_bus_peakload_yearlinedaytypeseasontimerangedirection.csv,https://www.translink.ca/-/media/translink/documents/plans-and-projects/managing-the-transit-network/tspr/csv-data/2025/tspr2025_bus_yearlinedaytypeseasontimerange.csv
2025,R4,summer,Sun/Hol,21,21:00,24:00,3,west,toward_ubc,43.60378788,58.13838384,3.833333333,https://www.translink.ca/-/media/translink/documents/plans-and-projects/managing-the-transit-network/tspr/csv-data/2025/tspr2025_bus_peakload_yearlinedaytypeseasontimerangedirection.csv,https://www.translink.ca/-/media/translink/documents/plans-and-projects/managing-the-transit-network/tspr/csv-data/2025/tspr2025_bus_yearlinedaytypeseasontimerange.csv
2025,R4,summer,Sun/Hol,24,24:00,04:00,4,east,away_from_ubc,13.96805556,18.62407407,2.5,https://www.translink.ca/-/media/translink/documents/plans-and-projects/managing-the-transit-network/tspr/csv-data/2025/tspr2025_bus_peakload_yearlinedaytypeseasontimerangedirection.csv,https://www.translink.ca/-/media/translink/documents/plans-and-projects/managing-the-transit-network/tspr/csv-data/2025/tspr2025_bus_yearlinedaytypeseasontimerange.csv
2025,R4,summer,Sun/Hol,24,24:00,04:00,4,west,toward_ubc,14.54888889,19.39851852,2.5,https://www.translink.ca/-/media/translink/documents/plans-and-projects/managing-the-transit-network/tspr/csv-data/2025/tspr2025_bus_peakload_yearlinedaytypeseasontimerangedirection.csv,https://www.translink.ca/-/media/translink/documents/plans-and-projects/managing-the-transit-network/tspr/csv-data/2025/tspr2025_bus_yearlinedaytypeseasontimerange.csv
