schedule_version,effective_start,effective_end,service_date,service_day_type,route,direction,event_type,stop_id,stop_code,stop_name,scheduled_arrival_local,scheduled_departure_local,scheduled_arrival_utc,scheduled_departure_utc,trip_id,headsign,pickup_type,drop_off_type,source_url
26SEP_20260925,20260907,20270103,2026-09-28,weekday,49,away_from_ubc,departure,12362,60163,UBC Exchange @ Bay 5,2026-09-28T06:36:00-07:00,2026-09-28T06:36:00-07:00,2026-09-28T13:36:00Z,2026-09-28T13:36:00Z,15459087,49 49TH Avenue/To Metrotown Station,0,0,https://gtfs-static.translink.ca/gtfs/google_transit.zip
26SEP_20260925,20260907,20270103,2026-09-28,weekday,49,away_from_ubc,departure,12362,60163,UBC Exchange @ Bay 5,2026-09-28T06:44:00-07:00,2026-09-28T06:44:00-07:00,2026-09-28T13:44:00Z,2026-09-28T13:44:00Z,15459088,49 49TH Avenue/To Metrotown Station,0,0,https://gtfs-static.translink.ca/gtfs/google_transit.zip
26SEP_20260925,20260907,20270103,2026-09-28,weekday,49,away_from_ubc,departure,12362,60163,UBC Exchange @ Bay 5,2026-09-28T06:52:00-07:00,2026-09-28T06:52:00-07:00,2026-09-28T13:52:00Z,2026-09-28T13:52:00Z,15459089,49 49TH Avenue/To Metrotown Station,0,0,https://gtfs-static.translink.ca/gtfs/google_transit.zip
26SEP_20260925,20260907,20270103,2026-09-28,weekday,49,away_from_ubc,departure,12362,60163,UBC Exchange @ Bay 5,2026-09-28T07:02:00-07:00,2026-09-28T07:02:00-07:00,2026-09-28T14:02:00Z,2026-09-28T14:02:00Z,15459091,49 49TH Avenue/To Metrotown Station,0,0,https://gtfs-static.translink.ca/gtfs/google_transit.zip
26SEP_20260925,20260907,20270103,2026-09-28,weekday,49,away_from_ubc,departure,12362,60163,UBC Exchange @ Bay 5,2026-09-28T07:07:00-07:00,2026-09-28T07:07:00-07:00,2026-09-28T14:07:00Z,2026-09-28T14:07:00Z,15459092,49 49TH Avenue/To Metrotown Station,0,0,https://gtfs-static.translink.ca/gtfs/google_transit.zip
26SEP_20260925,20260907,20270103,2026-09-28,weekday,49,away_from_ubc,departure,12362,60163,UBC Exchange @ Bay 5,2026-09-28T07:13:00-07:00,2026-09-28T07:13:00-07:00,2026-09-28T14:13:00Z,2026-09-28T14:13:00Z,15459093,49 49TH Avenue/To Metrotown Station,0,0,https://gtfs-static.translink.ca/gtfs/google_transit.zip
26SEP_20260925,20260907,20270103,2026-09-28,weekday,49,away_from_ubc,departure,12362,60163,UBC Exchange @ Bay 5,2026-09-28T07:19:00-07:00,2026-09-28T07:19:00-07:00,2026-09-28T14:19:00Z,2026-09-28T14:19:00Z,15459094,49 49TH Avenue/To Metrotown Station,0,0,https://gtfs-static.translink.ca/gtfs/google_transit.zip
26SEP_20260925,20260907,20270103,2026-09-28,weekday,49,away_from_ubc,departure,12362,60163,UBC Exchange @ Bay 5,2026-09-28T07:27:00-07:00,2026-09-28T07:27:00-07:00,2026-09-28T14:27:00Z,2026-09-28T14:27:00Z,15459095,49 49TH Avenue/To Metrotown Station,0,0,https://gtfs-static.translink.ca/gtfs/google_transit.zip
26SEP_20260925,20260907,20270103,2026-09-28,weekday,49,away_from_ubc,departure,12362,60163,UBC Exchange @ Bay 5,2026-09-28T07:33:00-07:00,2026-09-28T07:33:00-07:00,2026-09-28T14:33:00Z,2026-09-28T14:33:00Z,15459096,49 49TH Avenue/To Metrotown Station,0,0,https://gtfs-static.translink.ca/gtfs/google_transit.zip
26SEP_20260925,20260907,20270103,2026-09-28,weekday,49,away_from_ubc,departure,12362,60163,UBC Exchange @ Bay 5,2026-09-28T07:39:00-07:00,2026-09-28T07:39:00-07:00,2026-09-28T14:39:00Z,2026-09-28T14:39:00Z,15459097,49 49TH Avenue/To Metrotown Station,0,0,https://gtfs-static.translink.ca/gtfs/google_transit.zip
26SEP_20260925,20260907,20270103,2026-09-28,weekday,49,away_from_ubc,departure,12362,60163,UBC Exchange @ Bay 5,2026-09-28T07:45:00-07:00,2026-09-28T07:45:00-07:00,2026-09-28T14:45:00Z,2026-09-28T14:45:00Z,15459236,49 49TH Avenue/To Metrotown Station,0,0,https://gtfs-static.translink.ca/gtfs/google_transit.zip
26SEP_20260925,20260907,20270103,2026-09-28,weekday,49,away_from_ubc,departure,12362,60163,UBC Exchange @ Bay 5,2026-09-28T07:51:00-07:00,2026-09-28T07:51:00-07:00,2026-09-28T14:51:00Z,2026-09-28T14:51:00Z,15459098,49 49TH Avenue/To Metrotown Station,0,0,https://gtfs-static.translink.ca/gtfs/google_transit.zip
26SEP_20260925,20260907,20270103,2026-09-28,weekday,49,away_from_ubc,departure,12362,60163,UBC Exchange @ Bay 5,2026-09-28T07:57:00-07:00,2026-09-28T07:57:00-07:00,2026-09-28T14:57:00Z,2026-09-28T14:57:00Z,15459099,49 49TH Avenue/To Metrotown Station,0,0,https://gtfs-static.translink.ca/gtfs/google_transit.zip
26SEP_20260925,20260907,20270103,2026-09-28,weekday,49,away_from_ubc,departure,12362,60163,UBC Exchange @ Bay 5,2026-09-28T08:02:00-07:00,2026-09-28T08:02:00-07:00,2026-09-28T15:02:00Z,2026-09-28T15:02:00Z,15459100,49 49TH Avenue/To Metrotown Station,0,0,https://gtfs-static.translink.ca/gtfs/google_transit.zip
26SEP_20260925,20260907,20270103,2026-09-28,weekday,49,away_from_ubc,departure,12362,60163,UBC Exchange @ Bay 5,2026-09-28T08:07:00-07:00,2026-09-28T08:07:00-07:00,2026-09-28T15:07:00Z,2026-09-28T15:07:00Z,15459101,49 49TH Avenue/To Metrotown Station,0,0,https://gtfs-static.translink.ca/gtfs/google_transit.zip
26SEP_20260925,20260907,20270103,2026-09-28,weekday,49,away_from_ubc,departure,12362,60163,UBC Exchange @ Bay 5,2026-09-28T08:11:00-07:00,2026-09-28T08:11:00-07:00,2026-09-28T15:11:00Z,2026-09-28T15:11:00Z,15459102,49 49TH Avenue/To Metrotown Station,0,0,https://gtfs-static.translink.ca/gtfs/google_transit.zip
26SEP_20260925,20260907,20270103,2026-09-28,weekday,49,away_from_ubc,departure,12362,60163,UBC Exchange @ Bay 5,2026-09-28T08:15:00-07:00,2026-09-28T08:15:00-07:00,2026-09-28T15:15:00Z,2026-09-28T15:15:00Z,15459103,49 49TH Avenue/To Metrotown Station,0,0,https://gtfs-static.translink.ca/gtfs/google_transit.zip
26SEP_20260925,20260907,20270103,2026-09-28,weekday,49,away_from_ubc,departure,12362,60163,UBC Exchange @ Bay 5,2026-09-28T08:19:00-07:00,2026-09-28T08:19:00-07:00,2026-09-28T15:19:00Z,2026-09-28T15:19:00Z,15459104,49 49TH Avenue/To Metrotown Station,0,0,https://gtfs-static.translink.ca/gtfs/google_transit.zip
26SEP_20260925,20260907,20270103,2026-09-28,weekday,49,away_from_ubc,departure,12362,60163,UBC Exchange @ Bay 5,2026-09-28T08:23:00-07:00,2026-09-28T08:23:00-07:00,2026-09-28T15:23:00Z,2026-09-28T15:23:00Z,15459231,49 49TH Avenue/To Metrotown Station,0,0,https://gtfs-static.translink.ca/gtfs/google_transit.zip
26SEP_20260925,20260907,20270103,2026-09-28,weekday,49,away_from_ubc,departure,12362,60163,UBC Exchange @ Bay 5,2026-09-28T08:27:00-07:00,2026-09-28T08:27:00-07:00,2026-09-28T15:27:00Z,2026-09-28T15:27:00Z,15459105,49 49TH Avenue/To Metrotown Station,0,0,https://gtfs-static.translink.ca/gtfs/google_transit.zip
26SEP_20260925,20260907,20270103,2026-09-28,weekday,49,away_from_ubc,departure,12362,60163,UBC Exchange @ Bay 5,2026-09-28T08:31:00-07:00,2026-09-28T08:31:00-07:00,2026-09-28T15:31:00Z,2026-09-28T15:31:00Z,15459106,49 49TH Avenue/To Metrotown Station,0,0,https://gtfs-static.translink.ca/gtfs/google_transit.zip
26SEP_20260925,20260907,20270103,2026-09-28,weekday,49,away_from_ubc,departure,12362,60163,UBC Exchange @ Bay 5,2026-09-28T08:36:00-07:00,2026-09-28T08:36:00-07:00,2026-09-28T15:36:00Z,2026-09-28T15:36:00Z,15459107,49 49TH Avenue/To Metrotown Station,0,0,https://gtfs-static.translink.ca/gtfs/google_transit.zip
26SEP_20260925,20260907,20270103,2026-09-28,weekday,49,away_from_ubc,departure,12362,60163,UBC Exchange @ Bay 5,2026-09-28T08:41:00-07:00,2026-09-28T08:41:00-07:00,2026-09-28T15:41:00Z,2026-09-28T15:41:00Z,15459108,49 49TH Avenue/To Metrotown Station,0,0,https://gtfs-static.translink.ca/gtfs/google_transit.zip
26SEP_20260925,20260907,20270103,2026-09-28,weekday,49,away_from_ubc,departure,12362,60163,UBC Exchange @ Bay 5,2026-09-28T08:45:00-07:00,2026-09-28T08:45:00-07:00,2026-09-28T15:45:00Z,2026-09-28T15:45:00Z,15459109,49 49TH Avenue/To Metrotown Station,0,0,https://gtfs-static.translink.ca/gtfs/google_transit.zip
26SEP_20260925,20260907,20270103,2026-09-28,weekday,49,away_from_ubc,departure,12362,60163,UBC Exchange @ Bay 5,2026-09-28T08:50:00-07:00,2026-09-28T08:50:00-07:00,2026-09-28T15:50:00Z,2026-09-28T15:50:00Z,15459110,49 49TH Avenue/To Metrotown Station,0,0,https://gtfs-static.translink.ca/gtfs/google_transit.zip
26SEP_20260925,20260907,20270103,2026-09-28,weekday,49,away_from_ubc,departure,12362,60163,UBC Exchange @ Bay 5,2026-09-28T08:55:00-07:00,2026-09-28T08:55:00-07:00,2026-09-28T15:55:00Z,2026-09-28T15:55:00Z,15459234,49 49TH Avenue/To Metrotown Station,0,0,https://gtfs-static.translink.ca/gtfs/google_transit.zip
26SEP_20260925,20260907,20270103,2026-09-28,weekday,49,away_from_ubc,departure,12362,60163,UBC Exchange @ Bay 5,2026-09-28T09:01:00-07:00,2026-09-28T09:01:00-07:00,2026-09-28T16:01:00Z,2026-09-28T16:01:00Z,15459111,49 49TH Avenue/To Metrotown Station,0,0,https://gtfs-static.translink.ca/gtfs/google_transit.zip
26SEP_20260925,20260907,20270103,2026-09-28,weekday,49,away_from_ubc,departure,12362,60163,UBC Exchange @ Bay 5,2026-09-28T09:07:00-07:00,2026-09-28T09:07:00-07:00,2026-09-28T16:07:00Z,2026-09-28T16:07:00Z,15459112,49 49TH Avenue/To Metrotown Station,0,0,https://gtfs-static.translink.ca/gtfs/google_transit.zip
26SEP_20260925,20260907,20270103,2026-09-28,weekday,49,away_from_ubc,departure,12362,60163,UBC Exchange @ Bay 5,2026-09-28T09:13:00-07:00,2026-09-28T09:13:00-07:00,2026-09-28T16:13:00Z,2026-09-28T16:13:00Z,15459113,49 49TH Avenue/To Metrotown Station,0,0,https://gtfs-static.translink.ca/gtfs/google_transit.zip
26SEP_20260925,20260907,20270103,2026-09-28,weekday,49,away_from_ubc,departure,12362,60163,UBC Exchange @ Bay 5,2026-09-28T09:20:00-07:00,2026-09-28T09:20:00-07:00,2026-09-28T16:20:00Z,2026-09-28T16:20:00Z,15459114,49 49TH Avenue/To Metrotown Station,0,0,https://gtfs-static.translink.ca/gtfs/google_transit.zip
26SEP_20260925,20260907,20270103,2026-09-28,weekday,49,away_from_ubc,departure,12362,60163,UBC Exchange @ Bay 5,2026-09-28T09:27:00-07:00,2026-09-28T09:27:00-07:00,2026-09-28T16:27:00Z,2026-09-28T16:27:00Z,15459115,49 49TH Avenue/To Metrotown Station,0,0,https://gtfs-static.translink.ca/gtfs/google_transit.zip
26SEP_20260925,20260907,20270103,2026-09-28,weekday,49,away_from_ubc,departure,12362,60163,UBC Exchange @ Bay 5,2026-09-28T09:35:00-07:00,2026-09-28T09:35:00-07:00,2026-09-28T16:35:00Z,2026-09-28T16:35:00Z,15459116,49 49TH Avenue/To Metrotown Station,0,0,https://gtfs-static.translink.ca/gtfs/google_transit.zip
26SEP_20260925,20260907,20270103,2026-09-28,weekday,49,away_from_ubc,departure,12362,60163,UBC Exchange @ Bay 5,2026-09-28T09:43:00-07:00,2026-09-28T09:43:00-07:00,2026-09-28T16:43:00Z,2026-09-28T16:43:00Z,15459117,49 49TH Avenue/To Metrotown Station,0,0,https://gtfs-static.translink.ca/gtfs/google_transit.zip
26SEP_20260925,20260907,20270103,2026-09-28,weekday,49,away_from_ubc,departure,12362,60163,UBC Exchange @ Bay 5,2026-09-28T09:50:00-07:00,2026-09-28T09:50:00-07:00,2026-09-28T16:50:00Z,2026-09-28T16:50:00Z,15459118,49 49TH Avenue/To Metrotown Station,0,0,https://gtfs-static.translink.ca/gtfs/google_transit.zip
26SEP_20260925,20260907,20270103,2026-09-28,weekday,49,away_from_ubc,departure,12362,60163,UBC Exchange @ Bay 5,2026-09-28T09:57:00-07:00,2026-09-28T09:57:00-07:00,2026-09-28T16:57:00Z,2026-09-28T16:57:00Z,15459119,49 49TH Avenue/To Metrotown Station,0,0,https://gtfs-static.translink.ca/gtfs/google_transit.zip
26SEP_20260925,20260907,20270103,2026-09-28,weekday,49,away_from_ubc,departure,12362,60163,UBC Exchange @ Bay 5,2026-09-28T10:02:00-07:00,2026-09-28T10:02:00-07:00,2026-09-28T17:02:00Z,2026-09-28T17:02:00Z,15459120,49 49TH Avenue/To Metrotown Station,0,0,https://gtfs-static.translink.ca/gtfs/google_transit.zip
26SEP_20260925,20260907,20270103,2026-09-28,weekday,49,away_from_ubc,departure,12362,60163,UBC Exchange @ Bay 5,2026-09-28T10:08:00-07:00,2026-09-28T10:08:00-07:00,2026-09-28T17:08:00Z,2026-09-28T17:08:00Z,15459121,49 49TH Avenue/To Metrotown Station,0,0,https://gtfs-static.translink.ca/gtfs/google_transit.zip
26SEP_20260925,20260907,20270103,2026-09-28,weekday,49,away_from_ubc,departure,12362,60163,UBC Exchange @ Bay 5,2026-09-28T10:12:00-07:00,2026-09-28T10:12:00-07:00,2026-09-28T17:12:00Z,2026-09-28T17:12:00Z,15459237,49 49TH Avenue/To Metrotown Station,0,0,https://gtfs-static.translink.ca/gtfs/google_transit.zip
26SEP_20260925,20260907,20270103,2026-09-28,weekday,49,away_from_ubc,departure,12362,60163,UBC Exchange @ Bay 5,2026-09-28T10:16:00-07:00,2026-09-28T10:16:00-07:00,2026-09-28T17:16:00Z,2026-09-28T17:16:00Z,15459122,49 49TH Avenue/To Metrotown Station,0,0,https://gtfs-static.translink.ca/gtfs/google_transit.zip
26SEP_20260925,20260907,20270103,2026-09-28,weekday,49,away_from_ubc,departure,12362,60163,UBC Exchange @ Bay 5,2026-09-28T10:23:00-07:00,2026-09-28T10:23:00-07:00,2026-09-28T17:23:00Z,2026-09-28T17:23:00Z,15459123,49 49TH Avenue/To Metrotown Station,0,0,https://gtfs-static.translink.ca/gtfs/google_transit.zip
26SEP_20260925,20260907,20270103,2026-09-28,weekday,49,away_from_ubc,departure,12362,60163,UBC Exchange @ Bay 5,2026-09-28T10:31:00-07:00,2026-09-28T10:31:00-07:00,2026-09-28T17:31:00Z,2026-09-28T17:31:00Z,15459124,49 49TH Avenue/To Metrotown Station,0,0,https://gtfs-static.translink.ca/gtfs/google_transit.zip
26SEP_20260925,20260907,20270103,2026-09-28,weekday,49,away_from_ubc,departure,12362,60163,UBC Exchange @ Bay 5,2026-09-28T10:38:00-07:00,2026-09-28T10:38:00-07:00,2026-09-28T17:38:00Z,2026-09-28T17:38:00Z,15459125,49 49TH Avenue/To Metrotown Station,0,0,https://gtfs-static.translink.ca/gtfs/google_transit.zip
26SEP_20260925,20260907,20270103,2026-09-28,weekday,49,away_from_ubc,departure,12362,60163,UBC Exchange @ Bay 5,2026-09-28T10:43:00-07:00,2026-09-28T10:43:00-07:00,2026-09-28T17:43:00Z,2026-09-28T17:43:00Z,15459238,49 49TH Avenue/To Metrotown Station,0,0,https://gtfs-static.translink.ca/gtfs/google_transit.zip
26SEP_20260925,20260907,20270103,2026-09-28,weekday,49,away_from_ubc,departure,12362,60163,UBC Exchange @ Bay 5,2026-09-28T10:47:00-07:00,2026-09-28T10:47:00-07:00,2026-09-28T17:47:00Z,2026-09-28T17:47:00Z,15459126,49 49TH Avenue/To Metrotown Station,0,0,https://gtfs-static.translink.ca/gtfs/google_transit.zip
26SEP_20260925,20260907,20270103,2026-09-28,weekday,49,away_from_ubc,departure,12362,60163,UBC Exchange @ Bay 5,2026-09-28T10:53:00-07:00,2026-09-28T10:53:00-07:00,2026-09-28T17:53:00Z,2026-09-28T17:53:00Z,15459127,49 49TH Avenue/To Metrotown Station,0,0,https://gtfs-static.translink.ca/gtfs/google_transit.zip
26SEP_20260925,20260907,20270103,2026-09-28,weekday,49,away_from_ubc,departure,12362,60163,UBC Exchange @ Bay 5,2026-09-28T10:59:00-07:00,2026-09-28T10:59:00-07:00,2026-09-28T17:59:00Z,2026-09-28T17:59:00Z,15459230,49 49TH Avenue/To Metrotown Station,0,0,https://gtfs-static.translink.ca/gtfs/google_transit.zip
26SEP_20260925,20260907,20270103,2026-09-28,weekday,49,away_from_ubc,departure,12362,60163,UBC Exchange @ Bay 5,2026-09-28T11:05:00-07:00,2026-09-28T11:05:00-07:00,2026-09-28T18:05:00Z,2026-09-28T18:05:00Z,15459128,49 49TH Avenue/To Metrotown Station,0,0,https://gtfs-static.translink.ca/gtfs/google_transit.zip
26SEP_20260925,20260907,20270103,2026-09-28,weekday,49,away_from_ubc,departure,12362,60163,UBC Exchange @ Bay 5,2026-09-28T11:12:00-07:00,2026-09-28T11:12:00-07:00,2026-09-28T18:12:00Z,2026-09-28T18:12:00Z,15459129,49 49TH Avenue/To Metrotown Station,0,0,https://gtfs-static.translink.ca/gtfs/google_transit.zip
26SEP_20260925,20260907,20270103,2026-09-28,weekday,49,away_from_ubc,departure,12362,60163,UBC Exchange @ Bay 5,2026-09-28T11:18:00-07:00,2026-09-28T11:18:00-07:00,2026-09-28T18:18:00Z,2026-09-28T18:18:00Z,15459130,49 49TH Avenue/To Metrotown Station,0,0,https://gtfs-static.translink.ca/gtfs/google_transit.zip
26SEP_20260925,20260907,20270103,2026-09-28,weekday,49,away_from_ubc,departure,12362,60163,UBC Exchange @ Bay 5,2026-09-28T11:25:00-07:00,2026-09-28T11:25:00-07:00,2026-09-28T18:25:00Z,2026-09-28T18:25:00Z,15459131,49 49TH Avenue/To Metrotown Station,0,0,https://gtfs-static.translink.ca/gtfs/google_transit.zip
26SEP_20260925,20260907,20270103,2026-09-28,weekday,49,away_from_ubc,departure,12362,60163,UBC Exchange @ Bay 5,2026-09-28T11:32:00-07:00,2026-09-28T11:32:00-07:00,2026-09-28T18:32:00Z,2026-09-28T18:32:00Z,15459132,49 49TH Avenue/To Metrotown Station,0,0,https://gtfs-static.translink.ca/gtfs/google_transit.zip
26SEP_20260925,20260907,20270103,2026-09-28,weekday,49,away_from_ubc,departure,12362,60163,UBC Exchange @ Bay 5,2026-09-28T11:39:00-07:00,2026-09-28T11:39:00-07:00,2026-09-28T18:39:00Z,2026-09-28T18:39:00Z,15459133,49 49TH Avenue/To Metrotown Station,0,0,https://gtfs-static.translink.ca/gtfs/google_transit.zip
26SEP_20260925,20260907,20270103,2026-09-28,weekday,49,away_from_ubc,departure,12362,60163,UBC Exchange @ Bay 5,2026-09-28T11:47:00-07:00,2026-09-28T11:47:00-07:00,2026-09-28T18:47:00Z,2026-09-28T18:47:00Z,15459134,49 49TH Avenue/To Metrotown Station,0,0,https://gtfs-static.translink.ca/gtfs/google_transit.zip
26SEP_20260925,20260907,20270103,2026-09-28,weekday,49,away_from_ubc,departure,12362,60163,UBC Exchange @ Bay 5,2026-09-28T11:54:00-07:00,2026-09-28T11:54:00-07:00,2026-09-28T18:54:00Z,2026-09-28T18:54:00Z,15459135,49 49TH Avenue/To Metrotown Station,0,0,https://gtfs-static.translink.ca/gtfs/google_transit.zip
26SEP_20260925,20260907,20270103,2026-09-28,weekday,49,away_from_ubc,departure,12362,60163,UBC Exchange @ Bay 5,2026-09-28T12:01:00-07:00,2026-09-28T12:01:00-07:00,2026-09-28T19:01:00Z,2026-09-28T19:01:00Z,15459136,49 49TH Avenue/To Metrotown Station,0,0,https://gtfs-static.translink.ca/gtfs/google_transit.zip
26SEP_20260925,20260907,20270103,2026-09-28,weekday,49,away_from_ubc,departure,12362,60163,UBC Exchange @ Bay 5,2026-09-28T12:09:00-07:00,2026-09-28T12:09:00-07:00,2026-09-28T19:09:00Z,2026-09-28T19:09:00Z,15459137,49 49TH Avenue/To Metrotown Station,0,0,https://gtfs-static.translink.ca/gtfs/google_transit.zip
26SEP_20260925,20260907,20270103,2026-09-28,weekday,49,away_from_ubc,departure,12362,60163,UBC Exchange @ Bay 5,2026-09-28T12:16:00-07:00,2026-09-28T12:16:00-07:00,2026-09-28T19:16:00Z,2026-09-28T19:16:00Z,15459138,49 49TH Avenue/To Metrotown Station,0,0,https://gtfs-static.translink.ca/gtfs/google_transit.zip
26SEP_20260925,20260907,20270103,2026-09-28,weekday,49,away_from_ubc,departure,12362,60163,UBC Exchange @ Bay 5,2026-09-28T12:23:00-07:00,2026-09-28T12:23:00-07:00,2026-09-28T19:23:00Z,2026-09-28T19:23:00Z,15459139,49 49TH Avenue/To Metrotown Station,0,0,https://gtfs-static.translink.ca/gtfs/google_transit.zip
26SEP_20260925,20260907,20270103,2026-09-28,weekday,49,away_from_ubc,departure,12362,60163,UBC Exchange @ Bay 5,2026-09-28T12:30:00-07:00,2026-09-28T12:30:00-07:00,2026-09-28T19:30:00Z,2026-09-28T19:30:00Z,15459140,49 49TH Avenue/To Metrotown Station,0,0,https://gtfs-static.translink.ca/gtfs/google_transit.zip
26SEP_20260925,20260907,20270103,2026-09-28,weekday,49,away_from_ubc,departure,12362,60163,UBC Exchange @ Bay 5,2026-09-28T12:37:00-07:00,2026-09-28T12:37:00-07:00,2026-09-28T19:37:00Z,2026-09-28T19:37:00Z,15459141,49 49TH Avenue/To Metrotown Station,0,0,https://gtfs-static.translink.ca/gtfs/google_transit.zip
26SEP_20260925,20260907,20270103,2026-09-28,weekday,49,away_from_ubc,departure,12362,60163,UBC Exchange @ Bay 5,2026-09-28T12:45:00-07:00,2026-09-28T12:45:00-07:00,2026-09-28T19:45:00Z,2026-09-28T19:45:00Z,15459142,49 49TH Avenue/To Metrotown Station,0,0,https://gtfs-static.translink.ca/gtfs/google_transit.zip
26SEP_20260925,20260907,20270103,2026-09-28,weekday,49,away_from_ubc,departure,12362,60163,UBC Exchange @ Bay 5,2026-09-28T12:52:00-07:00,2026-09-28T12:52:00-07:00,2026-09-28T19:52:00Z,2026-09-28T19:52:00Z,15459143,49 49TH Avenue/To Metrotown Station,0,0,https://gtfs-static.translink.ca/gtfs/google_transit.zip
26SEP_20260925,20260907,20270103,2026-09-28,weekday,49,away_from_ubc,departure,12362,60163,UBC Exchange @ Bay 5,2026-09-28T12:58:00-07:00,2026-09-28T12:58:00-07:00,2026-09-28T19:58:00Z,2026-09-28T19:58:00Z,15459239,49 49TH Avenue/To Metrotown Station,0,0,https://gtfs-static.translink.ca/gtfs/google_transit.zip
26SEP_20260925,20260907,20270103,2026-09-28,weekday,49,away_from_ubc,departure,12362,60163,UBC Exchange @ Bay 5,2026-09-28T13:03:00-07:00,2026-09-28T13:03:00-07:00,2026-09-28T20:03:00Z,2026-09-28T20:03:00Z,15459144,49 49TH Avenue/To Metrotown Station,0,0,https://gtfs-static.translink.ca/gtfs/google_transit.zip
26SEP_20260925,20260907,20270103,2026-09-28,weekday,49,away_from_ubc,departure,12362,60163,UBC Exchange @ Bay 5,2026-09-28T13:10:00-07:00,2026-09-28T13:10:00-07:00,2026-09-28T20:10:00Z,2026-09-28T20:10:00Z,15459145,49 49TH Avenue/To Metrotown Station,0,0,https://gtfs-static.translink.ca/gtfs/google_transit.zip
26SEP_20260925,20260907,20270103,2026-09-28,weekday,49,away_from_ubc,departure,12362,60163,UBC Exchange @ Bay 5,2026-09-28T13:16:00-07:00,2026-09-28T13:16:00-07:00,2026-09-28T20:16:00Z,2026-09-28T20:16:00Z,15459146,49 49TH Avenue/To Metrotown Station,0,0,https://gtfs-static.translink.ca/gtfs/google_transit.zip
26SEP_20260925,20260907,20270103,2026-09-28,weekday,49,away_from_ubc,departure,12362,60163,UBC Exchange @ Bay 5,2026-09-28T13:23:00-07:00,2026-09-28T13:23:00-07:00,2026-09-28T20:23:00Z,2026-09-28T20:23:00Z,15459147,49 49TH Avenue/To Metrotown Station,0,0,https://gtfs-static.translink.ca/gtfs/google_transit.zip
26SEP_20260925,20260907,20270103,2026-09-28,weekday,49,away_from_ubc,departure,12362,60163,UBC Exchange @ Bay 5,2026-09-28T13:28:00-07:00,2026-09-28T13:28:00-07:00,2026-09-28T20:28:00Z,2026-09-28T20:28:00Z,15459148,49 49TH Avenue/To Metrotown Station,0,0,https://gtfs-static.translink.ca/gtfs/google_transit.zip
26SEP_20260925,20260907,20270103,2026-09-28,weekday,49,away_from_ubc,departure,12362,60163,UBC Exchange @ Bay 5,2026-09-28T13:33:00-07:00,2026-09-28T13:33:00-07:00,2026-09-28T20:33:00Z,2026-09-28T20:33:00Z,15459149,49 49TH Avenue/To Metrotown Station,0,0,https://gtfs-static.translink.ca/gtfs/google_transit.zip
26SEP_20260925,20260907,20270103,2026-09-28,weekday,49,away_from_ubc,departure,12362,60163,UBC Exchange @ Bay 5,2026-09-28T13:38:00-07:00,2026-09-28T13:38:00-07:00,2026-09-28T20:38:00Z,2026-09-28T20:38:00Z,15459150,49 49TH Avenue/To Metrotown Station,0,0,https://gtfs-static.translink.ca/gtfs/google_transit.zip
26SEP_20260925,20260907,20270103,2026-09-28,weekday,49,away_from_ubc,departure,12362,60163,UBC Exchange @ Bay 5,2026-09-28T13:43:00-07:00,2026-09-28T13:43:00-07:00,2026-09-28T20:43:00Z,2026-09-28T20:43:00Z,15459151,49 49TH Avenue/To Metrotown Station,0,0,https://gtfs-static.translink.ca/gtfs/google_transit.zip
26SEP_20260925,20260907,20270103,2026-09-28,weekday,49,away_from_ubc,departure,12362,60163,UBC Exchange @ Bay 5,2026-09-28T13:48:00-07:00,2026-09-28T13:48:00-07:00,2026-09-28T20:48:00Z,2026-09-28T20:48:00Z,15459222,49 49TH Avenue/To Metrotown Station,0,0,https://gtfs-static.translink.ca/gtfs/google_transit.zip
26SEP_20260925,20260907,20270103,2026-09-28,weekday,49,away_from_ubc,departure,12362,60163,UBC Exchange @ Bay 5,2026-09-28T13:53:00-07:00,2026-09-28T13:53:00-07:00,2026-09-28T20:53:00Z,2026-09-28T20:53:00Z,15459152,49 49TH Avenue/To Metrotown Station,0,0,https://gtfs-static.translink.ca/gtfs/google_transit.zip
26SEP_20260925,20260907,20270103,2026-09-28,weekday,49,away_from_ubc,departure,12362,60163,UBC Exchange @ Bay 5,2026-09-28T13:58:00-07:00,2026-09-28T13:58:00-07:00,2026-09-28T20:58:00Z,2026-09-28T20:58:00Z,15459224,49 49TH Avenue/To Metrotown Station,0,0,https://gtfs-static.translink.ca/gtfs/google_transit.zip
26SEP_20260925,20260907,20270103,2026-09-28,weekday,49,away_from_ubc,departure,12362,60163,UBC Exchange @ Bay 5,2026-09-28T14:02:00-07:00,2026-09-28T14:02:00-07:00,2026-09-28T21:02:00Z,2026-09-28T21:02:00Z,15459153,49 49TH Avenue/To Metrotown Station,0,0,https://gtfs-static.translink.ca/gtfs/google_transit.zip
26SEP_20260925,20260907,20270103,2026-09-28,weekday,49,away_from_ubc,departure,12362,60163,UBC Exchange @ Bay 5,2026-09-28T14:06:00-07:00,2026-09-28T14:06:00-07:00,2026-09-28T21:06:00Z,2026-09-28T21:06:00Z,15459242,49 49TH Avenue/To Metrotown Station,0,0,https://gtfs-static.translink.ca/gtfs/google_transit.zip
26SEP_20260925,20260907,20270103,2026-09-28,weekday,49,away_from_ubc,departure,12362,60163,UBC Exchange @ Bay 5,2026-09-28T14:10:00-07:00,2026-09-28T14:10:00-07:00,2026-09-28T21:10:00Z,2026-09-28T21:10:00Z,15459154,49 49TH Avenue/To Metrotown Station,0,0,https://gtfs-static.translink.ca/gtfs/google_transit.zip
26SEP_20260925,20260907,20270103,2026-09-28,weekday,49,away_from_ubc,departure,12362,60163,UBC Exchange @ Bay 5,2026-09-28T14:14:00-07:00,2026-09-28T14:14:00-07:00,2026-09-28T21:14:00Z,2026-09-28T21:14:00Z,15459155,49 49TH Avenue/To Metrotown Station,0,0,https://gtfs-static.translink.ca/gtfs/google_transit.zip
26SEP_20260925,20260907,20270103,2026-09-28,weekday,49,away_from_ubc,departure,12362,60163,UBC Exchange @ Bay 5,2026-09-28T14:19:00-07:00,2026-09-28T14:19:00-07:00,2026-09-28T21:19:00Z,2026-09-28T21:19:00Z,15459156,49 49TH Avenue/To Metrotown Station,0,0,https://gtfs-static.translink.ca/gtfs/google_transit.zip
26SEP_20260925,20260907,20270103,2026-09-28,weekday,49,away_from_ubc,departure,12362,60163,UBC Exchange @ Bay 5,2026-09-28T14:24:00-07:00,2026-09-28T14:24:00-07:00,2026-09-28T21:24:00Z,2026-09-28T21:24:00Z,15459157,49 49TH Avenue/To Metrotown Station,0,0,https://gtfs-static.translink.ca/gtfs/google_transit.zip
26SEP_20260925,20260907,20270103,2026-09-28,weekday,49,away_from_ubc,departure,12362,60163,UBC Exchange @ Bay 5,2026-09-28T14:29:00-07:00,2026-09-28T14:29:00-07:00,2026-09-28T21:29:00Z,2026-09-28T21:29:00Z,15459158,49 49TH Avenue/To Metrotown Station,0,0,https://gtfs-static.translink.ca/gtfs/google_transit.zip
26SEP_20260925,20260907,20270103,2026-09-28,weekday,49,away_from_ubc,departure,12362,60163,UBC Exchange @ Bay 5,2026-09-28T14:33:00-07:00,2026-09-28T14:33:00-07:00,2026-09-28T21:33:00Z,2026-09-28T21:33:00Z,15459159,49 49TH Avenue/To Metrotown Station,0,0,https://gtfs-static.translink.ca/gtfs/google_transit.zip
26SEP_20260925,20260907,20270103,2026-09-28,weekday,49,away_from_ubc,departure,12362,60163,UBC Exchange @ Bay 5,2026-09-28T14:37:00-07:00,2026-09-28T14:37:00-07:00,2026-09-28T21:37:00Z,2026-09-28T21:37:00Z,15459160,49 49TH Avenue/To Metrotown Station,0,0,https://gtfs-static.translink.ca/gtfs/google_transit.zip
26SEP_20260925,20260907,20270103,2026-09-28,weekday,49,away_from_ubc,departure,12362,60163,UBC Exchange @ Bay 5,2026-09-28T14:41:00-07:00,2026-09-28T14:41:00-07:00,2026-09-28T21:41:00Z,2026-09-28T21:41:00Z,15459161,49 49TH Avenue/To Metrotown Station,0,0,https://gtfs-static.translink.ca/gtfs/google_transit.zip
26SEP_20260925,20260907,20270103,2026-09-28,weekday,49,away_from_ubc,departure,12362,60163,UBC Exchange @ Bay 5,2026-09-28T14:45:00-07:00,2026-09-28T14:45:00-07:00,2026-09-28T21:45:00Z,2026-09-28T21:45:00Z,15459162,49 49TH Avenue/To Metrotown Station,0,0,https://gtfs-static.translink.ca/gtfs/google_transit.zip
26SEP_20260925,20260907,20270103,2026-09-28,weekday,49,away_from_ubc,departure,12362,60163,UBC Exchange @ Bay 5,2026-09-28T14:49:00-07:00,2026-09-28T14:49:00-07:00,2026-09-28T21:49:00Z,2026-09-28T21:49:00Z,15459163,49 49TH Avenue/To Metrotown Station,0,0,https://gtfs-static.translink.ca/gtfs/google_transit.zip
26SEP_20260925,20260907,20270103,2026-09-28,weekday,49,away_from_ubc,departure,12362,60163,UBC Exchange @ Bay 5,2026-09-28T14:53:00-07:00,2026-09-28T14:53:00-07:00,2026-09-28T21:53:00Z,2026-09-28T21:53:00Z,15459164,49 49TH Avenue/To Metrotown Station,0,0,https://gtfs-static.translink.ca/gtfs/google_transit.zip
26SEP_20260925,20260907,20270103,2026-09-28,weekday,49,away_from_ubc,departure,12362,60163,UBC Exchange @ Bay 5,2026-09-28T14:58:00-07:00,2026-09-28T14:58:00-07:00,2026-09-28T21:58:00Z,2026-09-28T21:58:00Z,15459165,49 49TH Avenue/To Metrotown Station,0,0,https://gtfs-static.translink.ca/gtfs/google_transit.zip
26SEP_20260925,20260907,20270103,2026-09-28,weekday,49,away_from_ubc,departure,12362,60163,UBC Exchange @ Bay 5,2026-09-28T15:01:00-07:00,2026-09-28T15:01:00-07:00,2026-09-28T22:01:00Z,2026-09-28T22:01:00Z,15459166,49 49TH Avenue/To Metrotown Station,0,0,https://gtfs-static.translink.ca/gtfs/google_transit.zip
26SEP_20260925,20260907,20270103,2026-09-28,weekday,49,away_from_ubc,departure,12362,60163,UBC Exchange @ Bay 5,2026-09-28T15:07:00-07:00,2026-09-28T15:07:00-07:00,2026-09-28T22:07:00Z,2026-09-28T22:07:00Z,15459167,49 49TH Avenue/To Metrotown Station,0,0,https://gtfs-static.translink.ca/gtfs/google_transit.zip
26SEP_20260925,20260907,20270103,2026-09-28,weekday,49,away_from_ubc,departure,12362,60163,UBC Exchange @ Bay 5,2026-09-28T15:13:00-07:00,2026-09-28T15:13:00-07:00,2026-09-28T22:13:00Z,2026-09-28T22:13:00Z,15459168,49 49TH Avenue/To Metrotown Station,0,0,https://gtfs-static.translink.ca/gtfs/google_transit.zip
26SEP_20260925,20260907,20270103,2026-09-28,weekday,49,away_from_ubc,departure,12362,60163,UBC Exchange @ Bay 5,2026-09-28T15:19:00-07:00,2026-09-28T15:19:00-07:00,2026-09-28T22:19:00Z,2026-09-28T22:19:00Z,15459169,49 49TH Avenue/To Metrotown Station,0,0,https://gtfs-static.translink.ca/gtfs/google_transit.zip
26SEP_20260925,20260907,20270103,2026-09-28,weekday,49,away_from_ubc,departure,12362,60163,UBC Exchange @ Bay 5,2026-09-28T15:24:00-07:00,2026-09-28T15:24:00-07:00,2026-09-28T22:24:00Z,2026-09-28T22:24:00Z,15459229,49 49TH Avenue/To Metrotown Station,0,0,https://gtfs-static.translink.ca/gtfs/google_transit.zip
26SEP_20260925,20260907,20270103,2026-09-28,weekday,49,away_from_ubc,departure,12362,60163,UBC Exchange @ Bay 5,2026-09-28T15:31:00-07:00,2026-09-28T15:31:00-07:00,2026-09-28T22:31:00Z,2026-09-28T22:31:00Z,15459170,49 49TH Avenue/To Metrotown Station,0,0,https://gtfs-static.translink.ca/gtfs/google_transit.zip
26SEP_20260925,20260907,20270103,2026-09-28,weekday,49,away_from_ubc,departure,12362,60163,UBC Exchange @ Bay 5,2026-09-28T15:36:00-07:00,2026-09-28T15:36:00-07:00,2026-09-28T22:36:00Z,2026-09-28T22:36:00Z,15459171,49 49TH Avenue/To Metrotown Station,0,0,https://gtfs-static.translink.ca/gtfs/google_transit.zip
26SEP_20260925,20260907,20270103,2026-09-28,weekday,49,away_from_ubc,departure,12362,60163,UBC Exchange @ Bay 5,2026-09-28T15:41:00-07:00,2026-09-28T15:41:00-07:00,2026-09-28T22:41:00Z,2026-09-28T22:41:00Z,15459172,49 49TH Avenue/To Metrotown Station,0,0,https://gtfs-static.translink.ca/gtfs/google_transit.zip
26SEP_20260925,20260907,20270103,2026-09-28,weekday,49,away_from_ubc,departure,12362,60163,UBC Exchange @ Bay 5,2026-09-28T15:48:00-07:00,2026-09-28T15:48:00-07:00,2026-09-28T22:48:00Z,2026-09-28T22:48:00Z,15459232,49 49TH Avenue/To Metrotown Station,0,0,https://gtfs-static.translink.ca/gtfs/google_transit.zip
26SEP_20260925,20260907,20270103,2026-09-28,weekday,49,away_from_ubc,departure,12362,60163,UBC Exchange @ Bay 5,2026-09-28T15:55:00-07:00,2026-09-28T15:55:00-07:00,2026-09-28T22:55:00Z,2026-09-28T22:55:00Z,15459174,49 49TH Avenue/To Metrotown Station,0,0,https://gtfs-static.translink.ca/gtfs/google_transit.zip
26SEP_20260925,20260907,20270103,2026-09-28,weekday,49,away_from_ubc,departure,12362,60163,UBC Exchange @ Bay 5,2026-09-28T16:00:00-07:00,2026-09-28T16:00:00-07:00,2026-09-28T23:00:00Z,2026-09-28T23:00:00Z,15459173,49 49TH Avenue/To Metrotown Station,0,0,https://gtfs-static.translink.ca/gtfs/google_transit.zip
26SEP_20260925,20260907,20270103,2026-09-28,weekday,49,away_from_ubc,departure,12362,60163,UBC Exchange @ Bay 5,2026-09-28T16:05:00-07:00,2026-09-28T16:05:00-07:00,2026-09-28T23:05:00Z,2026-09-28T23:05:00Z,15459226,49 49TH Avenue/To Metrotown Station,0,0,https://gtfs-static.translink.ca/gtfs/google_transit.zip
26SEP_20260925,20260907,20270103,2026-09-28,weekday,49,away_from_ubc,departure,12362,60163,UBC Exchange @ Bay 5,2026-09-28T16:09:00-07:00,2026-09-28T16:09:00-07:00,2026-09-28T23:09:00Z,2026-09-28T23:09:00Z,15459243,49 49TH Avenue/To Metrotown Station,0,0,https://gtfs-static.translink.ca/gtfs/google_transit.zip
26SEP_20260925,20260907,20270103,2026-09-28,weekday,49,away_from_ubc,departure,12362,60163,UBC Exchange @ Bay 5,2026-09-28T16:14:00-07:00,2026-09-28T16:14:00-07:00,2026-09-28T23:14:00Z,2026-09-28T23:14:00Z,15459225,49 49TH Avenue/To Metrotown Station,0,0,https://gtfs-static.translink.ca/gtfs/google_transit.zip
26SEP_20260925,20260907,20270103,2026-09-28,weekday,49,away_from_ubc,departure,12362,60163,UBC Exchange @ Bay 5,2026-09-28T16:20:00-07:00,2026-09-28T16:20:00-07:00,2026-09-28T23:20:00Z,2026-09-28T23:20:00Z,15459175,49 49TH Avenue/To Metrotown Station,0,0,https://gtfs-static.translink.ca/gtfs/google_transit.zip
26SEP_20260925,20260907,20270103,2026-09-28,weekday,49,away_from_ubc,departure,12362,60163,UBC Exchange @ Bay 5,2026-09-28T16:24:00-07:00,2026-09-28T16:24:00-07:00,2026-09-28T23:24:00Z,2026-09-28T23:24:00Z,15459176,49 49TH Avenue/To Metrotown Station,0,0,https://gtfs-static.translink.ca/gtfs/google_transit.zip
26SEP_20260925,20260907,20270103,2026-09-28,weekday,49,away_from_ubc,departure,12362,60163,UBC Exchange @ Bay 5,2026-09-28T16:30:00-07:00,2026-09-28T16:30:00-07:00,2026-09-28T23:30:00Z,2026-09-28T23:30:00Z,15459177,49 49TH Avenue/To Metrotown Station,0,0,https://gtfs-static.translink.ca/gtfs/google_transit.zip
26SEP_20260925,20260907,20270103,2026-09-28,weekday,49,away_from_ubc,departure,12362,60163,UBC Exchange @ Bay 5,2026-09-28T16:34:00-07:00,2026-09-28T16:34:00-07:00,2026-09-28T23:34:00Z,2026-09-28T23:34:00Z,15459178,49 49TH Avenue/To Metrotown Station,0,0,https://gtfs-static.translink.ca/gtfs/google_transit.zip
26SEP_20260925,20260907,20270103,2026-09-28,weekday,49,away_from_ubc,departure,12362,60163,UBC Exchange @ Bay 5,2026-09-28T16:38:00-07:00,2026-09-28T16:38:00-07:00,2026-09-28T23:38:00Z,2026-09-28T23:38:00Z,15459179,49 49TH Avenue/To Metrotown Station,0,0,https://gtfs-static.translink.ca/gtfs/google_transit.zip
26SEP_20260925,20260907,20270103,2026-09-28,weekday,49,away_from_ubc,departure,12362,60163,UBC Exchange @ Bay 5,2026-09-28T16:42:00-07:00,2026-09-28T16:42:00-07:00,2026-09-28T23:42:00Z,2026-09-28T23:42:00Z,15459180,49 49TH Avenue/To Metrotown Station,0,0,https://gtfs-static.translink.ca/gtfs/google_transit.zip
26SEP_20260925,20260907,20270103,2026-09-28,weekday,49,away_from_ubc,departure,12362,60163,UBC Exchange @ Bay 5,2026-09-28T16:46:00-07:00,2026-09-28T16:46:00-07:00,2026-09-28T23:46:00Z,2026-09-28T23:46:00Z,15459181,49 49TH Avenue/To Metrotown Station,0,0,https://gtfs-static.translink.ca/gtfs/google_transit.zip
26SEP_20260925,20260907,20270103,2026-09-28,weekday,49,away_from_ubc,departure,12362,60163,UBC Exchange @ Bay 5,2026-09-28T16:50:00-07:00,2026-09-28T16:50:00-07:00,2026-09-28T23:50:00Z,2026-09-28T23:50:00Z,15459182,49 49TH Avenue/To Metrotown Station,0,0,https://gtfs-static.translink.ca/gtfs/google_transit.zip
26SEP_20260925,20260907,20270103,2026-09-28,weekday,49,away_from_ubc,departure,12362,60163,UBC Exchange @ Bay 5,2026-09-28T16:54:00-07:00,2026-09-28T16:54:00-07:00,2026-09-28T23:54:00Z,2026-09-28T23:54:00Z,15459183,49 49TH Avenue/To Metrotown Station,0,0,https://gtfs-static.translink.ca/gtfs/google_transit.zip
26SEP_20260925,20260907,20270103,2026-09-28,weekday,49,away_from_ubc,departure,12362,60163,UBC Exchange @ Bay 5,2026-09-28T16:58:00-07:00,2026-09-28T16:58:00-07:00,2026-09-28T23:58:00Z,2026-09-28T23:58:00Z,15459184,49 49TH Avenue/To Metrotown Station,0,0,https://gtfs-static.translink.ca/gtfs/google_transit.zip
26SEP_20260925,20260907,20270103,2026-09-28,weekday,49,away_from_ubc,departure,12362,60163,UBC Exchange @ Bay 5,2026-09-28T17:02:00-07:00,2026-09-28T17:02:00-07:00,2026-09-29T00:02:00Z,2026-09-29T00:02:00Z,15459185,49 49TH Avenue/To Metrotown Station,0,0,https://gtfs-static.translink.ca/gtfs/google_transit.zip
26SEP_20260925,20260907,20270103,2026-09-28,weekday,49,away_from_ubc,departure,12362,60163,UBC Exchange @ Bay 5,2026-09-28T17:07:00-07:00,2026-09-28T17:07:00-07:00,2026-09-29T00:07:00Z,2026-09-29T00:07:00Z,15459227,49 49TH Avenue/To Metrotown Station,0,0,https://gtfs-static.translink.ca/gtfs/google_transit.zip
26SEP_20260925,20260907,20270103,2026-09-28,weekday,49,away_from_ubc,departure,12362,60163,UBC Exchange @ Bay 5,2026-09-28T17:11:00-07:00,2026-09-28T17:11:00-07:00,2026-09-29T00:11:00Z,2026-09-29T00:11:00Z,15459187,49 49TH Avenue/To Metrotown Station,0,0,https://gtfs-static.translink.ca/gtfs/google_transit.zip
26SEP_20260925,20260907,20270103,2026-09-28,weekday,49,away_from_ubc,departure,12362,60163,UBC Exchange @ Bay 5,2026-09-28T17:16:00-07:00,2026-09-28T17:16:00-07:00,2026-09-29T00:16:00Z,2026-09-29T00:16:00Z,15459186,49 49TH Avenue/To Metrotown Station,0,0,https://gtfs-static.translink.ca/gtfs/google_transit.zip
26SEP_20260925,20260907,20270103,2026-09-28,weekday,49,away_from_ubc,departure,12362,60163,UBC Exchange @ Bay 5,2026-09-28T17:22:00-07:00,2026-09-28T17:22:00-07:00,2026-09-29T00:22:00Z,2026-09-29T00:22:00Z,15459188,49 49TH Avenue/To Metrotown Station,0,0,https://gtfs-static.translink.ca/gtfs/google_transit.zip
26SEP_20260925,20260907,20270103,2026-09-28,weekday,49,away_from_ubc,departure,12362,60163,UBC Exchange @ Bay 5,2026-09-28T17:27:00-07:00,2026-09-28T17:27:00-07:00,2026-09-29T00:27:00Z,2026-09-29T00:27:00Z,15459189,49 49TH Avenue/To Metrotown Station,0,0,https://gtfs-static.translink.ca/gtfs/google_transit.zip
26SEP_20260925,20260907,20270103,2026-09-28,weekday,49,away_from_ubc,departure,12362,60163,UBC Exchange @ Bay 5,2026-09-28T17:33:00-07:00,2026-09-28T17:33:00-07:00,2026-09-29T00:33:00Z,2026-09-29T00:33:00Z,15459190,49 49TH Avenue/To Metrotown Station,0,0,https://gtfs-static.translink.ca/gtfs/google_transit.zip
26SEP_20260925,20260907,20270103,2026-09-28,weekday,49,away_from_ubc,departure,12362,60163,UBC Exchange @ Bay 5,2026-09-28T17:38:00-07:00,2026-09-28T17:38:00-07:00,2026-09-29T00:38:00Z,2026-09-29T00:38:00Z,15459191,49 49TH Avenue/To Metrotown Station,0,0,https://gtfs-static.translink.ca/gtfs/google_transit.zip
26SEP_20260925,20260907,20270103,2026-09-28,weekday,49,away_from_ubc,departure,12362,60163,UBC Exchange @ Bay 5,2026-09-28T17:44:00-07:00,2026-09-28T17:44:00-07:00,2026-09-29T00:44:00Z,2026-09-29T00:44:00Z,15459233,49 49TH Avenue/To Metrotown Station,0,0,https://gtfs-static.translink.ca/gtfs/google_transit.zip
26SEP_20260925,20260907,20270103,2026-09-28,weekday,49,away_from_ubc,departure,12362,60163,UBC Exchange @ Bay 5,2026-09-28T17:51:00-07:00,2026-09-28T17:51:00-07:00,2026-09-29T00:51:00Z,2026-09-29T00:51:00Z,15459192,49 49TH Avenue/To Metrotown Station,0,0,https://gtfs-static.translink.ca/gtfs/google_transit.zip
26SEP_20260925,20260907,20270103,2026-09-28,weekday,49,away_from_ubc,departure,12362,60163,UBC Exchange @ Bay 5,2026-09-28T17:59:00-07:00,2026-09-28T17:59:00-07:00,2026-09-29T00:59:00Z,2026-09-29T00:59:00Z,15459193,49 49TH Avenue/To Metrotown Station,0,0,https://gtfs-static.translink.ca/gtfs/google_transit.zip
26SEP_20260925,20260907,20270103,2026-09-28,weekday,49,away_from_ubc,departure,12362,60163,UBC Exchange @ Bay 5,2026-09-28T18:06:00-07:00,2026-09-28T18:06:00-07:00,2026-09-29T01:06:00Z,2026-09-29T01:06:00Z,15459228,49 49TH Avenue/To Metrotown Station,0,0,https://gtfs-static.translink.ca/gtfs/google_transit.zip
26SEP_20260925,20260907,20270103,2026-09-28,weekday,49,away_from_ubc,departure,12362,60163,UBC Exchange @ Bay 5,2026-09-28T18:12:00-07:00,2026-09-28T18:12:00-07:00,2026-09-29T01:12:00Z,2026-09-29T01:12:00Z,15459223,49 49TH Avenue/To Metrotown Station,0,0,https://gtfs-static.translink.ca/gtfs/google_transit.zip
26SEP_20260925,20260907,20270103,2026-09-28,weekday,49,away_from_ubc,departure,12362,60163,UBC Exchange @ Bay 5,2026-09-28T18:18:00-07:00,2026-09-28T18:18:00-07:00,2026-09-29T01:18:00Z,2026-09-29T01:18:00Z,15459194,49 49TH Avenue/To Metrotown Station,0,0,https://gtfs-static.translink.ca/gtfs/google_transit.zip
26SEP_20260925,20260907,20270103,2026-09-28,weekday,49,away_from_ubc,departure,12362,60163,UBC Exchange @ Bay 5,2026-09-28T18:25:00-07:00,2026-09-28T18:25:00-07:00,2026-09-29T01:25:00Z,2026-09-29T01:25:00Z,15459195,49 49TH Avenue/To Metrotown Station,0,0,https://gtfs-static.translink.ca/gtfs/google_transit.zip
26SEP_20260925,20260907,20270103,2026-09-28,weekday,49,away_from_ubc,departure,12362,60163,UBC Exchange @ Bay 5,2026-09-28T18:33:00-07:00,2026-09-28T18:33:00-07:00,2026-09-29T01:33:00Z,2026-09-29T01:33:00Z,15459196,49 49TH Avenue/To Metrotown Station,0,0,https://gtfs-static.translink.ca/gtfs/google_transit.zip
26SEP_20260925,20260907,20270103,2026-09-28,weekday,49,away_from_ubc,departure,12362,60163,UBC Exchange @ Bay 5,2026-09-28T18:40:00-07:00,2026-09-28T18:40:00-07:00,2026-09-29T01:40:00Z,2026-09-29T01:40:00Z,15459197,49 49TH Avenue/To Metrotown Station,0,0,https://gtfs-static.translink.ca/gtfs/google_transit.zip
26SEP_20260925,20260907,20270103,2026-09-28,weekday,49,away_from_ubc,departure,12362,60163,UBC Exchange @ Bay 5,2026-09-28T18:48:00-07:00,2026-09-28T18:48:00-07:00,2026-09-29T01:48:00Z,2026-09-29T01:48:00Z,15459198,49 49TH Avenue/To Metrotown Station,0,0,https://gtfs-static.translink.ca/gtfs/google_transit.zip
26SEP_20260925,20260907,20270103,2026-09-28,weekday,49,away_from_ubc,departure,12362,60163,UBC Exchange @ Bay 5,2026-09-28T18:56:00-07:00,2026-09-28T18:56:00-07:00,2026-09-29T01:56:00Z,2026-09-29T01:56:00Z,15459199,49 49TH Avenue/To Metrotown Station,0,0,https://gtfs-static.translink.ca/gtfs/google_transit.zip
26SEP_20260925,20260907,20270103,2026-09-28,weekday,49,away_from_ubc,departure,12362,60163,UBC Exchange @ Bay 5,2026-09-28T19:04:00-07:00,2026-09-28T19:04:00-07:00,2026-09-29T02:04:00Z,2026-09-29T02:04:00Z,15459200,49 49TH Avenue/To Metrotown Station,0,0,https://gtfs-static.translink.ca/gtfs/google_transit.zip
26SEP_20260925,20260907,20270103,2026-09-28,weekday,49,away_from_ubc,departure,12362,60163,UBC Exchange @ Bay 5,2026-09-28T19:13:00-07:00,2026-09-28T19:13:00-07:00,2026-09-29T02:13:00Z,2026-09-29T02:13:00Z,15459201,49 49TH Avenue/To Metrotown Station,0,0,https://gtfs-static.translink.ca/gtfs/google_transit.zip
26SEP_20260925,20260907,20270103,2026-09-28,weekday,49,away_from_ubc,departure,12362,60163,UBC Exchange @ Bay 5,2026-09-28T19:23:00-07:00,2026-09-28T19:23:00-07:00,2026-09-29T02:23:00Z,2026-09-29T02:23:00Z,15459202,49 49TH Avenue/To Metrotown Station,0,0,https://gtfs-static.translink.ca/gtfs/google_transit.zip
26SEP_20260925,20260907,20270103,2026-09-28,weekday,49,away_from_ubc,departure,12362,60163,UBC Exchange @ Bay 5,2026-09-28T19:35:00-07:00,2026-09-28T19:35:00-07:00,2026-09-29T02:35:00Z,2026-09-29T02:35:00Z,15459203,49 49TH Avenue/To Metrotown Station,0,0,https://gtfs-static.translink.ca/gtfs/google_transit.zip
26SEP_20260925,20260907,20270103,2026-09-28,weekday,49,away_from_ubc,departure,12362,60163,UBC Exchange @ Bay 5,2026-09-28T19:45:00-07:00,2026-09-28T19:45:00-07:00,2026-09-29T02:45:00Z,2026-09-29T02:45:00Z,15459204,49 49TH Avenue/To Metrotown Station,0,0,https://gtfs-static.translink.ca/gtfs/google_transit.zip
26SEP_20260925,20260907,20270103,2026-09-28,weekday,49,away_from_ubc,departure,12362,60163,UBC Exchange @ Bay 5,2026-09-28T19:55:00-07:00,2026-09-28T19:55:00-07:00,2026-09-29T02:55:00Z,2026-09-29T02:55:00Z,15459205,49 49TH Avenue/To Metrotown Station,0,0,https://gtfs-static.translink.ca/gtfs/google_transit.zip
26SEP_20260925,20260907,20270103,2026-09-28,weekday,49,away_from_ubc,departure,12362,60163,UBC Exchange @ Bay 5,2026-09-28T20:05:00-07:00,2026-09-28T20:05:00-07:00,2026-09-29T03:05:00Z,2026-09-29T03:05:00Z,15459206,49 49TH Avenue/To Metrotown Station,0,0,https://gtfs-static.translink.ca/gtfs/google_transit.zip
26SEP_20260925,20260907,20270103,2026-09-28,weekday,49,away_from_ubc,departure,12362,60163,UBC Exchange @ Bay 5,2026-09-28T20:14:00-07:00,2026-09-28T20:14:00-07:00,2026-09-29T03:14:00Z,2026-09-29T03:14:00Z,15459207,49 49TH Avenue/To Metrotown Station,0,0,https://gtfs-static.translink.ca/gtfs/google_transit.zip
26SEP_20260925,20260907,20270103,2026-09-28,weekday,49,away_from_ubc,departure,12362,60163,UBC Exchange @ Bay 5,2026-09-28T20:24:00-07:00,2026-09-28T20:24:00-07:00,2026-09-29T03:24:00Z,2026-09-29T03:24:00Z,15459208,49 49TH Avenue/To Metrotown Station,0,0,https://gtfs-static.translink.ca/gtfs/google_transit.zip
26SEP_20260925,20260907,20270103,2026-09-28,weekday,49,away_from_ubc,departure,12362,60163,UBC Exchange @ Bay 5,2026-09-28T20:34:00-07:00,2026-09-28T20:34:00-07:00,2026-09-29T03:34:00Z,2026-09-29T03:34:00Z,15459209,49 49TH Avenue/To Metrotown Station,0,0,https://gtfs-static.translink.ca/gtfs/google_transit.zip
26SEP_20260925,20260907,20270103,2026-09-28,weekday,49,away_from_ubc,departure,12362,60163,UBC Exchange @ Bay 5,2026-09-28T20:44:00-07:00,2026-09-28T20:44:00-07:00,2026-09-29T03:44:00Z,2026-09-29T03:44:00Z,15459210,49 49TH Avenue/To Metrotown Station,0,0,https://gtfs-static.translink.ca/gtfs/google_transit.zip
26SEP_20260925,20260907,20270103,2026-09-28,weekday,49,away_from_ubc,departure,12362,60163,UBC Exchange @ Bay 5,2026-09-28T20:54:00-07:00,2026-09-28T20:54:00-07:00,2026-09-29T03:54:00Z,2026-09-29T03:54:00Z,15459211,49 49TH Avenue/To Metrotown Station,0,0,https://gtfs-static.translink.ca/gtfs/google_transit.zip
26SEP_20260925,20260907,20270103,2026-09-28,weekday,49,away_from_ubc,departure,12362,60163,UBC Exchange @ Bay 5,2026-09-28T21:05:00-07:00,2026-09-28T21:05:00-07:00,2026-09-29T04:05:00Z,2026-09-29T04:05:00Z,15459212,49 49TH Avenue/To Metrotown Station,0,0,https://gtfs-static.translink.ca/gtfs/google_transit.zip
26SEP_20260925,20260907,20270103,2026-09-28,weekday,49,away_from_ubc,departure,12362,60163,UBC Exchange @ Bay 5,2026-09-28T21:15:00-07:00,2026-09-28T21:15:00-07:00,2026-09-29T04:15:00Z,2026-09-29T04:15:00Z,15459213,49 49TH Avenue/To Metrotown Station,0,0,https://gtfs-static.translink.ca/gtfs/google_transit.zip
26SEP_20260925,20260907,20270103,2026-09-28,weekday,49,away_from_ubc,departure,12362,60163,UBC Exchange @ Bay 5,2026-09-28T21:25:00-07:00,2026-09-28T21:25:00-07:00,2026-09-29T04:25:00Z,2026-09-29T04:25:00Z,15459214,49 49TH Avenue/To Metrotown Station,0,0,https://gtfs-static.translink.ca/gtfs/google_transit.zip
26SEP_20260925,20260907,20270103,2026-09-28,weekday,49,away_from_ubc,departure,12362,60163,UBC Exchange @ Bay 5,2026-09-28T21:43:00-07:00,2026-09-28T21:43:00-07:00,2026-09-29T04:43:00Z,2026-09-29T04:43:00Z,15459215,49 49TH Avenue/To Metrotown Station,0,0,https://gtfs-static.translink.ca/gtfs/google_transit.zip
26SEP_20260925,20260907,20270103,2026-09-28,weekday,49,away_from_ubc,departure,12362,60163,UBC Exchange @ Bay 5,2026-09-28T22:02:00-07:00,2026-09-28T22:02:00-07:00,2026-09-29T05:02:00Z,2026-09-29T05:02:00Z,15459216,49 49TH Avenue/To Metrotown Station,0,0,https://gtfs-static.translink.ca/gtfs/google_transit.zip
26SEP_20260925,20260907,20270103,2026-09-28,weekday,49,away_from_ubc,departure,12362,60163,UBC Exchange @ Bay 5,2026-09-28T22:22:00-07:00,2026-09-28T22:22:00-07:00,2026-09-29T05:22:00Z,2026-09-29T05:22:00Z,15459217,49 49TH Avenue/To Metrotown Station,0,0,https://gtfs-static.translink.ca/gtfs/google_transit.zip
26SEP_20260925,20260907,20270103,2026-09-28,weekday,49,away_from_ubc,departure,12362,60163,UBC Exchange @ Bay 5,2026-09-28T22:42:00-07:00,2026-09-28T22:42:00-07:00,2026-09-29T05:42:00Z,2026-09-29T05:42:00Z,15459218,49 49TH Avenue/To Metrotown Station,0,0,https://gtfs-static.translink.ca/gtfs/google_transit.zip
26SEP_20260925,20260907,20270103,2026-09-28,weekday,49,away_from_ubc,departure,12362,60163,UBC Exchange @ Bay 5,2026-09-28T23:12:00-07:00,2026-09-28T23:12:00-07:00,2026-09-29T06:12:00Z,2026-09-29T06:12:00Z,15459219,49 49TH Avenue/To Metrotown Station,0,0,https://gtfs-static.translink.ca/gtfs/google_transit.zip
26SEP_20260925,20260907,20270103,2026-09-28,weekday,49,away_from_ubc,departure,12362,60163,UBC Exchange @ Bay 5,2026-09-28T23:48:00-07:00,2026-09-28T23:48:00-07:00,2026-09-29T06:48:00Z,2026-09-29T06:48:00Z,15459220,49 49TH Avenue/To Metrotown Station,0,0,https://gtfs-static.translink.ca/gtfs/google_transit.zip
26SEP_20260925,20260907,20270103,2026-09-28,weekday,49,away_from_ubc,departure,12362,60163,UBC Exchange @ Bay 5,2026-09-29T00:15:00-07:00,2026-09-29T00:15:00-07:00,2026-09-29T07:15:00Z,2026-09-29T07:15:00Z,15459221,49 49TH Avenue/To Metrotown Station,0,0,https://gtfs-static.translink.ca/gtfs/google_transit.zip
26SEP_20260925,20260907,20270103,2026-09-28,weekday,49,toward_ubc,arrival,12600,60358,UBC Exchange @ Unloading Only,2026-09-28T06:28:00-07:00,2026-09-28T06:28:00-07:00,2026-09-28T13:28:00Z,2026-09-28T13:28:00Z,15459244,49 49TH Avenue/To UBC Exchange,1,0,https://gtfs-static.translink.ca/gtfs/google_transit.zip
26SEP_20260925,20260907,20270103,2026-09-28,weekday,49,toward_ubc,arrival,12600,60358,UBC Exchange @ Unloading Only,2026-09-28T06:40:00-07:00,2026-09-28T06:40:00-07:00,2026-09-28T13:40:00Z,2026-09-28T13:40:00Z,15459245,49 49TH Avenue/To UBC Exchange,1,0,https://gtfs-static.translink.ca/gtfs/google_transit.zip
26SEP_20260925,20260907,20270103,2026-09-28,weekday,49,toward_ubc,arrival,12600,60358,UBC Exchange @ Unloading Only,2026-09-28T06:52:00-07:00,2026-09-28T06:52:00-07:00,2026-09-28T13:52:00Z,2026-09-28T13:52:00Z,15459246,49 49TH Avenue/To UBC Exchange,1,0,https://gtfs-static.translink.ca/gtfs/google_transit.zip
26SEP_20260925,20260907,20270103,2026-09-28,weekday,49,toward_ubc,arrival,12600,60358,UBC Exchange @ Unloading Only,2026-09-28T06:56:00-07:00,2026-09-28T06:56:00-07:00,2026-09-28T13:56:00Z,2026-09-28T13:56:00Z,15459247,49 49TH Avenue/To UBC Exchange,1,0,https://gtfs-static.translink.ca/gtfs/google_transit.zip
26SEP_20260925,20260907,20270103,2026-09-28,weekday,49,toward_ubc,arrival,12600,60358,UBC Exchange @ Unloading Only,2026-09-28T07:02:00-07:00,2026-09-28T07:02:00-07:00,2026-09-28T14:02:00Z,2026-09-28T14:02:00Z,15459248,49 49TH Avenue/To UBC Exchange,1,0,https://gtfs-static.translink.ca/gtfs/google_transit.zip
26SEP_20260925,20260907,20270103,2026-09-28,weekday,49,toward_ubc,arrival,12600,60358,UBC Exchange @ Unloading Only,2026-09-28T07:07:00-07:00,2026-09-28T07:07:00-07:00,2026-09-28T14:07:00Z,2026-09-28T14:07:00Z,15459249,49 49TH Avenue/To UBC Exchange,1,0,https://gtfs-static.translink.ca/gtfs/google_transit.zip
26SEP_20260925,20260907,20270103,2026-09-28,weekday,49,toward_ubc,arrival,12600,60358,UBC Exchange @ Unloading Only,2026-09-28T07:13:00-07:00,2026-09-28T07:13:00-07:00,2026-09-28T14:13:00Z,2026-09-28T14:13:00Z,15459250,49 49TH Avenue/To UBC Exchange,1,0,https://gtfs-static.translink.ca/gtfs/google_transit.zip
26SEP_20260925,20260907,20270103,2026-09-28,weekday,49,toward_ubc,arrival,12600,60358,UBC Exchange @ Unloading Only,2026-09-28T07:18:00-07:00,2026-09-28T07:18:00-07:00,2026-09-28T14:18:00Z,2026-09-28T14:18:00Z,15459251,49 49TH Avenue/To UBC Exchange,1,0,https://gtfs-static.translink.ca/gtfs/google_transit.zip
26SEP_20260925,20260907,20270103,2026-09-28,weekday,49,toward_ubc,arrival,12600,60358,UBC Exchange @ Unloading Only,2026-09-28T07:24:00-07:00,2026-09-28T07:24:00-07:00,2026-09-28T14:24:00Z,2026-09-28T14:24:00Z,15459252,49 49TH Avenue/To UBC Exchange,1,0,https://gtfs-static.translink.ca/gtfs/google_transit.zip
26SEP_20260925,20260907,20270103,2026-09-28,weekday,49,toward_ubc,arrival,12600,60358,UBC Exchange @ Unloading Only,2026-09-28T07:29:00-07:00,2026-09-28T07:29:00-07:00,2026-09-28T14:29:00Z,2026-09-28T14:29:00Z,15459387,49 49TH Avenue/To UBC Exchange,1,0,https://gtfs-static.translink.ca/gtfs/google_transit.zip
26SEP_20260925,20260907,20270103,2026-09-28,weekday,49,toward_ubc,arrival,12600,60358,UBC Exchange @ Unloading Only,2026-09-28T07:35:00-07:00,2026-09-28T07:35:00-07:00,2026-09-28T14:35:00Z,2026-09-28T14:35:00Z,15459397,49 49TH Avenue/To UBC Exchange,1,0,https://gtfs-static.translink.ca/gtfs/google_transit.zip
26SEP_20260925,20260907,20270103,2026-09-28,weekday,49,toward_ubc,arrival,12600,60358,UBC Exchange @ Unloading Only,2026-09-28T07:40:00-07:00,2026-09-28T07:40:00-07:00,2026-09-28T14:40:00Z,2026-09-28T14:40:00Z,15459253,49 49TH Avenue/To UBC Exchange,1,0,https://gtfs-static.translink.ca/gtfs/google_transit.zip
26SEP_20260925,20260907,20270103,2026-09-28,weekday,49,toward_ubc,arrival,12600,60358,UBC Exchange @ Unloading Only,2026-09-28T07:48:00-07:00,2026-09-28T07:48:00-07:00,2026-09-28T14:48:00Z,2026-09-28T14:48:00Z,15459255,49 49TH Avenue/To UBC Exchange,1,0,https://gtfs-static.translink.ca/gtfs/google_transit.zip
26SEP_20260925,20260907,20270103,2026-09-28,weekday,49,toward_ubc,arrival,12600,60358,UBC Exchange @ Unloading Only,2026-09-28T07:52:00-07:00,2026-09-28T07:52:00-07:00,2026-09-28T14:52:00Z,2026-09-28T14:52:00Z,15459256,49 49TH Avenue/To UBC Exchange,1,0,https://gtfs-static.translink.ca/gtfs/google_transit.zip
26SEP_20260925,20260907,20270103,2026-09-28,weekday,49,toward_ubc,arrival,12600,60358,UBC Exchange @ Unloading Only,2026-09-28T07:58:00-07:00,2026-09-28T07:58:00-07:00,2026-09-28T14:58:00Z,2026-09-28T14:58:00Z,15459257,49 49TH Avenue/To UBC Exchange,1,0,https://gtfs-static.translink.ca/gtfs/google_transit.zip
26SEP_20260925,20260907,20270103,2026-09-28,weekday,49,toward_ubc,arrival,12600,60358,UBC Exchange @ Unloading Only,2026-09-28T08:01:00-07:00,2026-09-28T08:01:00-07:00,2026-09-28T15:01:00Z,2026-09-28T15:01:00Z,15459258,49 49TH Avenue/To UBC Exchange,1,0,https://gtfs-static.translink.ca/gtfs/google_transit.zip
26SEP_20260925,20260907,20270103,2026-09-28,weekday,49,toward_ubc,arrival,12600,60358,UBC Exchange @ Unloading Only,2026-09-28T08:04:00-07:00,2026-09-28T08:04:00-07:00,2026-09-28T15:04:00Z,2026-09-28T15:04:00Z,15459259,49 49TH Avenue/To UBC Exchange,1,0,https://gtfs-static.translink.ca/gtfs/google_transit.zip
26SEP_20260925,20260907,20270103,2026-09-28,weekday,49,toward_ubc,arrival,12600,60358,UBC Exchange @ Unloading Only,2026-09-28T08:07:00-07:00,2026-09-28T08:07:00-07:00,2026-09-28T15:07:00Z,2026-09-28T15:07:00Z,15459260,49 49TH Avenue/To UBC Exchange,1,0,https://gtfs-static.translink.ca/gtfs/google_transit.zip
26SEP_20260925,20260907,20270103,2026-09-28,weekday,49,toward_ubc,arrival,12600,60358,UBC Exchange @ Unloading Only,2026-09-28T08:10:00-07:00,2026-09-28T08:10:00-07:00,2026-09-28T15:10:00Z,2026-09-28T15:10:00Z,15459261,49 49TH Avenue/To UBC Exchange,1,0,https://gtfs-static.translink.ca/gtfs/google_transit.zip
26SEP_20260925,20260907,20270103,2026-09-28,weekday,49,toward_ubc,arrival,12600,60358,UBC Exchange @ Unloading Only,2026-09-28T08:18:00-07:00,2026-09-28T08:18:00-07:00,2026-09-28T15:18:00Z,2026-09-28T15:18:00Z,15459388,49 49TH Avenue/To UBC Exchange,1,0,https://gtfs-static.translink.ca/gtfs/google_transit.zip
26SEP_20260925,20260907,20270103,2026-09-28,weekday,49,toward_ubc,arrival,12600,60358,UBC Exchange @ Unloading Only,2026-09-28T08:21:00-07:00,2026-09-28T08:21:00-07:00,2026-09-28T15:21:00Z,2026-09-28T15:21:00Z,15459262,49 49TH Avenue/To UBC Exchange,1,0,https://gtfs-static.translink.ca/gtfs/google_transit.zip
26SEP_20260925,20260907,20270103,2026-09-28,weekday,49,toward_ubc,arrival,12600,60358,UBC Exchange @ Unloading Only,2026-09-28T08:24:00-07:00,2026-09-28T08:24:00-07:00,2026-09-28T15:24:00Z,2026-09-28T15:24:00Z,15459263,49 49TH Avenue/To UBC Exchange,1,0,https://gtfs-static.translink.ca/gtfs/google_transit.zip
26SEP_20260925,20260907,20270103,2026-09-28,weekday,49,toward_ubc,arrival,12600,60358,UBC Exchange @ Unloading Only,2026-09-28T08:28:00-07:00,2026-09-28T08:28:00-07:00,2026-09-28T15:28:00Z,2026-09-28T15:28:00Z,15459264,49 49TH Avenue/To UBC Exchange,1,0,https://gtfs-static.translink.ca/gtfs/google_transit.zip
26SEP_20260925,20260907,20270103,2026-09-28,weekday,49,toward_ubc,arrival,12600,60358,UBC Exchange @ Unloading Only,2026-09-28T08:31:00-07:00,2026-09-28T08:31:00-07:00,2026-09-28T15:31:00Z,2026-09-28T15:31:00Z,15459265,49 49TH Avenue/To UBC Exchange,1,0,https://gtfs-static.translink.ca/gtfs/google_transit.zip
26SEP_20260925,20260907,20270103,2026-09-28,weekday,49,toward_ubc,arrival,12600,60358,UBC Exchange @ Unloading Only,2026-09-28T08:34:00-07:00,2026-09-28T08:34:00-07:00,2026-09-28T15:34:00Z,2026-09-28T15:34:00Z,15459266,49 49TH Avenue/To UBC Exchange,1,0,https://gtfs-static.translink.ca/gtfs/google_transit.zip
26SEP_20260925,20260907,20270103,2026-09-28,weekday,49,toward_ubc,arrival,12600,60358,UBC Exchange @ Unloading Only,2026-09-28T08:38:00-07:00,2026-09-28T08:38:00-07:00,2026-09-28T15:38:00Z,2026-09-28T15:38:00Z,15459267,49 49TH Avenue/To UBC Exchange,1,0,https://gtfs-static.translink.ca/gtfs/google_transit.zip
26SEP_20260925,20260907,20270103,2026-09-28,weekday,49,toward_ubc,arrival,12600,60358,UBC Exchange @ Unloading Only,2026-09-28T08:41:00-07:00,2026-09-28T08:41:00-07:00,2026-09-28T15:41:00Z,2026-09-28T15:41:00Z,15459268,49 49TH Avenue/To UBC Exchange,1,0,https://gtfs-static.translink.ca/gtfs/google_transit.zip
26SEP_20260925,20260907,20270103,2026-09-28,weekday,49,toward_ubc,arrival,12600,60358,UBC Exchange @ Unloading Only,2026-09-28T08:46:00-07:00,2026-09-28T08:46:00-07:00,2026-09-28T15:46:00Z,2026-09-28T15:46:00Z,15459269,49 49TH Avenue/To UBC Exchange,1,0,https://gtfs-static.translink.ca/gtfs/google_transit.zip
26SEP_20260925,20260907,20270103,2026-09-28,weekday,49,toward_ubc,arrival,12600,60358,UBC Exchange @ Unloading Only,2026-09-28T08:50:00-07:00,2026-09-28T08:50:00-07:00,2026-09-28T15:50:00Z,2026-09-28T15:50:00Z,15459395,49 49TH Avenue/To UBC Exchange,1,0,https://gtfs-static.translink.ca/gtfs/google_transit.zip
26SEP_20260925,20260907,20270103,2026-09-28,weekday,49,toward_ubc,arrival,12600,60358,UBC Exchange @ Unloading Only,2026-09-28T08:53:00-07:00,2026-09-28T08:53:00-07:00,2026-09-28T15:53:00Z,2026-09-28T15:53:00Z,15459399,49 49TH Avenue/To UBC Exchange,1,0,https://gtfs-static.translink.ca/gtfs/google_transit.zip
26SEP_20260925,20260907,20270103,2026-09-28,weekday,49,toward_ubc,arrival,12600,60358,UBC Exchange @ Unloading Only,2026-09-28T08:57:00-07:00,2026-09-28T08:57:00-07:00,2026-09-28T15:57:00Z,2026-09-28T15:57:00Z,15459389,49 49TH Avenue/To UBC Exchange,1,0,https://gtfs-static.translink.ca/gtfs/google_transit.zip
26SEP_20260925,20260907,20270103,2026-09-28,weekday,49,toward_ubc,arrival,12600,60358,UBC Exchange @ Unloading Only,2026-09-28T09:06:00-07:00,2026-09-28T09:06:00-07:00,2026-09-28T16:06:00Z,2026-09-28T16:06:00Z,15459270,49 49TH Avenue/To UBC Exchange,1,0,https://gtfs-static.translink.ca/gtfs/google_transit.zip
26SEP_20260925,20260907,20270103,2026-09-28,weekday,49,toward_ubc,arrival,12600,60358,UBC Exchange @ Unloading Only,2026-09-28T09:11:00-07:00,2026-09-28T09:11:00-07:00,2026-09-28T16:11:00Z,2026-09-28T16:11:00Z,15459271,49 49TH Avenue/To UBC Exchange,1,0,https://gtfs-static.translink.ca/gtfs/google_transit.zip
26SEP_20260925,20260907,20270103,2026-09-28,weekday,49,toward_ubc,arrival,12600,60358,UBC Exchange @ Unloading Only,2026-09-28T09:15:00-07:00,2026-09-28T09:15:00-07:00,2026-09-28T16:15:00Z,2026-09-28T16:15:00Z,15459400,49 49TH Avenue/To UBC Exchange,1,0,https://gtfs-static.translink.ca/gtfs/google_transit.zip
26SEP_20260925,20260907,20270103,2026-09-28,weekday,49,toward_ubc,arrival,12600,60358,UBC Exchange @ Unloading Only,2026-09-28T09:24:00-07:00,2026-09-28T09:24:00-07:00,2026-09-28T16:24:00Z,2026-09-28T16:24:00Z,15459272,49 49TH Avenue/To UBC Exchange,1,0,https://gtfs-static.translink.ca/gtfs/google_transit.zip
26SEP_20260925,20260907,20270103,2026-09-28,weekday,49,toward_ubc,arrival,12600,60358,UBC Exchange @ Unloading Only,2026-09-28T09:28:00-07:00,2026-09-28T09:28:00-07:00,2026-09-28T16:28:00Z,2026-09-28T16:28:00Z,15459401,49 49TH Avenue/To UBC Exchange,1,0,https://gtfs-static.translink.ca/gtfs/google_transit.zip
26SEP_20260925,20260907,20270103,2026-09-28,weekday,49,toward_ubc,arrival,12600,60358,UBC Exchange @ Unloading Only,2026-09-28T09:33:00-07:00,2026-09-28T09:33:00-07:00,2026-09-28T16:33:00Z,2026-09-28T16:33:00Z,15459273,49 49TH Avenue/To UBC Exchange,1,0,https://gtfs-static.translink.ca/gtfs/google_transit.zip
26SEP_20260925,20260907,20270103,2026-09-28,weekday,49,toward_ubc,arrival,12600,60358,UBC Exchange @ Unloading Only,2026-09-28T09:37:00-07:00,2026-09-28T09:37:00-07:00,2026-09-28T16:37:00Z,2026-09-28T16:37:00Z,15459274,49 49TH Avenue/To UBC Exchange,1,0,https://gtfs-static.translink.ca/gtfs/google_transit.zip
26SEP_20260925,20260907,20270103,2026-09-28,weekday,49,toward_ubc,arrival,12600,60358,UBC Exchange @ Unloading Only,2026-09-28T09:39:00-07:00,2026-09-28T09:39:00-07:00,2026-09-28T16:39:00Z,2026-09-28T16:39:00Z,15459402,49 49TH Avenue/To UBC Exchange,1,0,https://gtfs-static.translink.ca/gtfs/google_transit.zip
26SEP_20260925,20260907,20270103,2026-09-28,weekday,49,toward_ubc,arrival,12600,60358,UBC Exchange @ Unloading Only,2026-09-28T09:42:00-07:00,2026-09-28T09:42:00-07:00,2026-09-28T16:42:00Z,2026-09-28T16:42:00Z,15459275,49 49TH Avenue/To UBC Exchange,1,0,https://gtfs-static.translink.ca/gtfs/google_transit.zip
26SEP_20260925,20260907,20270103,2026-09-28,weekday,49,toward_ubc,arrival,12600,60358,UBC Exchange @ Unloading Only,2026-09-28T09:48:00-07:00,2026-09-28T09:48:00-07:00,2026-09-28T16:48:00Z,2026-09-28T16:48:00Z,15459276,49 49TH Avenue/To UBC Exchange,1,0,https://gtfs-static.translink.ca/gtfs/google_transit.zip
26SEP_20260925,20260907,20270103,2026-09-28,weekday,49,toward_ubc,arrival,12600,60358,UBC Exchange @ Unloading Only,2026-09-28T09:54:00-07:00,2026-09-28T09:54:00-07:00,2026-09-28T16:54:00Z,2026-09-28T16:54:00Z,15459277,49 49TH Avenue/To UBC Exchange,1,0,https://gtfs-static.translink.ca/gtfs/google_transit.zip
26SEP_20260925,20260907,20270103,2026-09-28,weekday,49,toward_ubc,arrival,12600,60358,UBC Exchange @ Unloading Only,2026-09-28T09:58:00-07:00,2026-09-28T09:58:00-07:00,2026-09-28T16:58:00Z,2026-09-28T16:58:00Z,15459278,49 49TH Avenue/To UBC Exchange,1,0,https://gtfs-static.translink.ca/gtfs/google_transit.zip
26SEP_20260925,20260907,20270103,2026-09-28,weekday,49,toward_ubc,arrival,12600,60358,UBC Exchange @ Unloading Only,2026-09-28T10:03:00-07:00,2026-09-28T10:03:00-07:00,2026-09-28T17:03:00Z,2026-09-28T17:03:00Z,15459279,49 49TH Avenue/To UBC Exchange,1,0,https://gtfs-static.translink.ca/gtfs/google_transit.zip
26SEP_20260925,20260907,20270103,2026-09-28,weekday,49,toward_ubc,arrival,12600,60358,UBC Exchange @ Unloading Only,2026-09-28T10:03:00-07:00,2026-09-28T10:03:00-07:00,2026-09-28T17:03:00Z,2026-09-28T17:03:00Z,15459280,49 49TH Avenue/To UBC Exchange,1,0,https://gtfs-static.translink.ca/gtfs/google_transit.zip
26SEP_20260925,20260907,20270103,2026-09-28,weekday,49,toward_ubc,arrival,12600,60358,UBC Exchange @ Unloading Only,2026-09-28T10:07:00-07:00,2026-09-28T10:07:00-07:00,2026-09-28T17:07:00Z,2026-09-28T17:07:00Z,15459281,49 49TH Avenue/To UBC Exchange,1,0,https://gtfs-static.translink.ca/gtfs/google_transit.zip
26SEP_20260925,20260907,20270103,2026-09-28,weekday,49,toward_ubc,arrival,12600,60358,UBC Exchange @ Unloading Only,2026-09-28T10:11:00-07:00,2026-09-28T10:11:00-07:00,2026-09-28T17:11:00Z,2026-09-28T17:11:00Z,15459282,49 49TH Avenue/To UBC Exchange,1,0,https://gtfs-static.translink.ca/gtfs/google_transit.zip
26SEP_20260925,20260907,20270103,2026-09-28,weekday,49,toward_ubc,arrival,12600,60358,UBC Exchange @ Unloading Only,2026-09-28T10:15:00-07:00,2026-09-28T10:15:00-07:00,2026-09-28T17:15:00Z,2026-09-28T17:15:00Z,15459283,49 49TH Avenue/To UBC Exchange,1,0,https://gtfs-static.translink.ca/gtfs/google_transit.zip
26SEP_20260925,20260907,20270103,2026-09-28,weekday,49,toward_ubc,arrival,12600,60358,UBC Exchange @ Unloading Only,2026-09-28T10:19:00-07:00,2026-09-28T10:19:00-07:00,2026-09-28T17:19:00Z,2026-09-28T17:19:00Z,15459284,49 49TH Avenue/To UBC Exchange,1,0,https://gtfs-static.translink.ca/gtfs/google_transit.zip
26SEP_20260925,20260907,20270103,2026-09-28,weekday,49,toward_ubc,arrival,12600,60358,UBC Exchange @ Unloading Only,2026-09-28T10:23:00-07:00,2026-09-28T10:23:00-07:00,2026-09-28T17:23:00Z,2026-09-28T17:23:00Z,15459285,49 49TH Avenue/To UBC Exchange,1,0,https://gtfs-static.translink.ca/gtfs/google_transit.zip
26SEP_20260925,20260907,20270103,2026-09-28,weekday,49,toward_ubc,arrival,12600,60358,UBC Exchange @ Unloading Only,2026-09-28T10:27:00-07:00,2026-09-28T10:27:00-07:00,2026-09-28T17:27:00Z,2026-09-28T17:27:00Z,15459286,49 49TH Avenue/To UBC Exchange,1,0,https://gtfs-static.translink.ca/gtfs/google_transit.zip
26SEP_20260925,20260907,20270103,2026-09-28,weekday,49,toward_ubc,arrival,12600,60358,UBC Exchange @ Unloading Only,2026-09-28T10:31:00-07:00,2026-09-28T10:31:00-07:00,2026-09-28T17:31:00Z,2026-09-28T17:31:00Z,15459390,49 49TH Avenue/To UBC Exchange,1,0,https://gtfs-static.translink.ca/gtfs/google_transit.zip
26SEP_20260925,20260907,20270103,2026-09-28,weekday,49,toward_ubc,arrival,12600,60358,UBC Exchange @ Unloading Only,2026-09-28T10:33:00-07:00,2026-09-28T10:33:00-07:00,2026-09-28T17:33:00Z,2026-09-28T17:33:00Z,15459287,49 49TH Avenue/To UBC Exchange,1,0,https://gtfs-static.translink.ca/gtfs/google_transit.zip
26SEP_20260925,20260907,20270103,2026-09-28,weekday,49,toward_ubc,arrival,12600,60358,UBC Exchange @ Unloading Only,2026-09-28T10:38:00-07:00,2026-09-28T10:38:00-07:00,2026-09-28T17:38:00Z,2026-09-28T17:38:00Z,15459288,49 49TH Avenue/To UBC Exchange,1,0,https://gtfs-static.translink.ca/gtfs/google_transit.zip
26SEP_20260925,20260907,20270103,2026-09-28,weekday,49,toward_ubc,arrival,12600,60358,UBC Exchange @ Unloading Only,2026-09-28T10:42:00-07:00,2026-09-28T10:42:00-07:00,2026-09-28T17:42:00Z,2026-09-28T17:42:00Z,15459289,49 49TH Avenue/To UBC Exchange,1,0,https://gtfs-static.translink.ca/gtfs/google_transit.zip
26SEP_20260925,20260907,20270103,2026-09-28,weekday,49,toward_ubc,arrival,12600,60358,UBC Exchange @ Unloading Only,2026-09-28T10:46:00-07:00,2026-09-28T10:46:00-07:00,2026-09-28T17:46:00Z,2026-09-28T17:46:00Z,15459290,49 49TH Avenue/To UBC Exchange,1,0,https://gtfs-static.translink.ca/gtfs/google_transit.zip
26SEP_20260925,20260907,20270103,2026-09-28,weekday,49,toward_ubc,arrival,12600,60358,UBC Exchange @ Unloading Only,2026-09-28T10:51:00-07:00,2026-09-28T10:51:00-07:00,2026-09-28T17:51:00Z,2026-09-28T17:51:00Z,15459391,49 49TH Avenue/To UBC Exchange,1,0,https://gtfs-static.translink.ca/gtfs/google_transit.zip
26SEP_20260925,20260907,20270103,2026-09-28,weekday,49,toward_ubc,arrival,12600,60358,UBC Exchange @ Unloading Only,2026-09-28T10:56:00-07:00,2026-09-28T10:56:00-07:00,2026-09-28T17:56:00Z,2026-09-28T17:56:00Z,15459393,49 49TH Avenue/To UBC Exchange,1,0,https://gtfs-static.translink.ca/gtfs/google_transit.zip
26SEP_20260925,20260907,20270103,2026-09-28,weekday,49,toward_ubc,arrival,12600,60358,UBC Exchange @ Unloading Only,2026-09-28T11:00:00-07:00,2026-09-28T11:00:00-07:00,2026-09-28T18:00:00Z,2026-09-28T18:00:00Z,15459396,49 49TH Avenue/To UBC Exchange,1,0,https://gtfs-static.translink.ca/gtfs/google_transit.zip
26SEP_20260925,20260907,20270103,2026-09-28,weekday,49,toward_ubc,arrival,12600,60358,UBC Exchange @ Unloading Only,2026-09-28T11:06:00-07:00,2026-09-28T11:06:00-07:00,2026-09-28T18:06:00Z,2026-09-28T18:06:00Z,15459291,49 49TH Avenue/To UBC Exchange,1,0,https://gtfs-static.translink.ca/gtfs/google_transit.zip
26SEP_20260925,20260907,20270103,2026-09-28,weekday,49,toward_ubc,arrival,12600,60358,UBC Exchange @ Unloading Only,2026-09-28T11:13:00-07:00,2026-09-28T11:13:00-07:00,2026-09-28T18:13:00Z,2026-09-28T18:13:00Z,15459292,49 49TH Avenue/To UBC Exchange,1,0,https://gtfs-static.translink.ca/gtfs/google_transit.zip
26SEP_20260925,20260907,20270103,2026-09-28,weekday,49,toward_ubc,arrival,12600,60358,UBC Exchange @ Unloading Only,2026-09-28T11:20:00-07:00,2026-09-28T11:20:00-07:00,2026-09-28T18:20:00Z,2026-09-28T18:20:00Z,15459293,49 49TH Avenue/To UBC Exchange,1,0,https://gtfs-static.translink.ca/gtfs/google_transit.zip
26SEP_20260925,20260907,20270103,2026-09-28,weekday,49,toward_ubc,arrival,12600,60358,UBC Exchange @ Unloading Only,2026-09-28T11:27:00-07:00,2026-09-28T11:27:00-07:00,2026-09-28T18:27:00Z,2026-09-28T18:27:00Z,15459294,49 49TH Avenue/To UBC Exchange,1,0,https://gtfs-static.translink.ca/gtfs/google_transit.zip
26SEP_20260925,20260907,20270103,2026-09-28,weekday,49,toward_ubc,arrival,12600,60358,UBC Exchange @ Unloading Only,2026-09-28T11:35:00-07:00,2026-09-28T11:35:00-07:00,2026-09-28T18:35:00Z,2026-09-28T18:35:00Z,15459295,49 49TH Avenue/To UBC Exchange,1,0,https://gtfs-static.translink.ca/gtfs/google_transit.zip
26SEP_20260925,20260907,20270103,2026-09-28,weekday,49,toward_ubc,arrival,12600,60358,UBC Exchange @ Unloading Only,2026-09-28T11:42:00-07:00,2026-09-28T11:42:00-07:00,2026-09-28T18:42:00Z,2026-09-28T18:42:00Z,15459296,49 49TH Avenue/To UBC Exchange,1,0,https://gtfs-static.translink.ca/gtfs/google_transit.zip
26SEP_20260925,20260907,20270103,2026-09-28,weekday,49,toward_ubc,arrival,12600,60358,UBC Exchange @ Unloading Only,2026-09-28T11:49:00-07:00,2026-09-28T11:49:00-07:00,2026-09-28T18:49:00Z,2026-09-28T18:49:00Z,15459297,49 49TH Avenue/To UBC Exchange,1,0,https://gtfs-static.translink.ca/gtfs/google_transit.zip
26SEP_20260925,20260907,20270103,2026-09-28,weekday,49,toward_ubc,arrival,12600,60358,UBC Exchange @ Unloading Only,2026-09-28T11:56:00-07:00,2026-09-28T11:56:00-07:00,2026-09-28T18:56:00Z,2026-09-28T18:56:00Z,15459298,49 49TH Avenue/To UBC Exchange,1,0,https://gtfs-static.translink.ca/gtfs/google_transit.zip
26SEP_20260925,20260907,20270103,2026-09-28,weekday,49,toward_ubc,arrival,12600,60358,UBC Exchange @ Unloading Only,2026-09-28T12:03:00-07:00,2026-09-28T12:03:00-07:00,2026-09-28T19:03:00Z,2026-09-28T19:03:00Z,15459299,49 49TH Avenue/To UBC Exchange,1,0,https://gtfs-static.translink.ca/gtfs/google_transit.zip
26SEP_20260925,20260907,20270103,2026-09-28,weekday,49,toward_ubc,arrival,12600,60358,UBC Exchange @ Unloading Only,2026-09-28T12:09:00-07:00,2026-09-28T12:09:00-07:00,2026-09-28T19:09:00Z,2026-09-28T19:09:00Z,15459300,49 49TH Avenue/To UBC Exchange,1,0,https://gtfs-static.translink.ca/gtfs/google_transit.zip
26SEP_20260925,20260907,20270103,2026-09-28,weekday,49,toward_ubc,arrival,12600,60358,UBC Exchange @ Unloading Only,2026-09-28T12:15:00-07:00,2026-09-28T12:15:00-07:00,2026-09-28T19:15:00Z,2026-09-28T19:15:00Z,15459301,49 49TH Avenue/To UBC Exchange,1,0,https://gtfs-static.translink.ca/gtfs/google_transit.zip
26SEP_20260925,20260907,20270103,2026-09-28,weekday,49,toward_ubc,arrival,12600,60358,UBC Exchange @ Unloading Only,2026-09-28T12:22:00-07:00,2026-09-28T12:22:00-07:00,2026-09-28T19:22:00Z,2026-09-28T19:22:00Z,15459302,49 49TH Avenue/To UBC Exchange,1,0,https://gtfs-static.translink.ca/gtfs/google_transit.zip
26SEP_20260925,20260907,20270103,2026-09-28,weekday,49,toward_ubc,arrival,12600,60358,UBC Exchange @ Unloading Only,2026-09-28T12:28:00-07:00,2026-09-28T12:28:00-07:00,2026-09-28T19:28:00Z,2026-09-28T19:28:00Z,15459303,49 49TH Avenue/To UBC Exchange,1,0,https://gtfs-static.translink.ca/gtfs/google_transit.zip
26SEP_20260925,20260907,20270103,2026-09-28,weekday,49,toward_ubc,arrival,12600,60358,UBC Exchange @ Unloading Only,2026-09-28T12:36:00-07:00,2026-09-28T12:36:00-07:00,2026-09-28T19:36:00Z,2026-09-28T19:36:00Z,15459304,49 49TH Avenue/To UBC Exchange,1,0,https://gtfs-static.translink.ca/gtfs/google_transit.zip
26SEP_20260925,20260907,20270103,2026-09-28,weekday,49,toward_ubc,arrival,12600,60358,UBC Exchange @ Unloading Only,2026-09-28T12:43:00-07:00,2026-09-28T12:43:00-07:00,2026-09-28T19:43:00Z,2026-09-28T19:43:00Z,15459305,49 49TH Avenue/To UBC Exchange,1,0,https://gtfs-static.translink.ca/gtfs/google_transit.zip
26SEP_20260925,20260907,20270103,2026-09-28,weekday,49,toward_ubc,arrival,12600,60358,UBC Exchange @ Unloading Only,2026-09-28T12:49:00-07:00,2026-09-28T12:49:00-07:00,2026-09-28T19:49:00Z,2026-09-28T19:49:00Z,15459306,49 49TH Avenue/To UBC Exchange,1,0,https://gtfs-static.translink.ca/gtfs/google_transit.zip
26SEP_20260925,20260907,20270103,2026-09-28,weekday,49,toward_ubc,arrival,12600,60358,UBC Exchange @ Unloading Only,2026-09-28T12:55:00-07:00,2026-09-28T12:55:00-07:00,2026-09-28T19:55:00Z,2026-09-28T19:55:00Z,15459403,49 49TH Avenue/To UBC Exchange,1,0,https://gtfs-static.translink.ca/gtfs/google_transit.zip
26SEP_20260925,20260907,20270103,2026-09-28,weekday,49,toward_ubc,arrival,12600,60358,UBC Exchange @ Unloading Only,2026-09-28T13:04:00-07:00,2026-09-28T13:04:00-07:00,2026-09-28T20:04:00Z,2026-09-28T20:04:00Z,15459307,49 49TH Avenue/To UBC Exchange,1,0,https://gtfs-static.translink.ca/gtfs/google_transit.zip
26SEP_20260925,20260907,20270103,2026-09-28,weekday,49,toward_ubc,arrival,12600,60358,UBC Exchange @ Unloading Only,2026-09-28T13:11:00-07:00,2026-09-28T13:11:00-07:00,2026-09-28T20:11:00Z,2026-09-28T20:11:00Z,15459308,49 49TH Avenue/To UBC Exchange,1,0,https://gtfs-static.translink.ca/gtfs/google_transit.zip
26SEP_20260925,20260907,20270103,2026-09-28,weekday,49,toward_ubc,arrival,12600,60358,UBC Exchange @ Unloading Only,2026-09-28T13:18:00-07:00,2026-09-28T13:18:00-07:00,2026-09-28T20:18:00Z,2026-09-28T20:18:00Z,15459309,49 49TH Avenue/To UBC Exchange,1,0,https://gtfs-static.translink.ca/gtfs/google_transit.zip
26SEP_20260925,20260907,20270103,2026-09-28,weekday,49,toward_ubc,arrival,12600,60358,UBC Exchange @ Unloading Only,2026-09-28T13:26:00-07:00,2026-09-28T13:26:00-07:00,2026-09-28T20:26:00Z,2026-09-28T20:26:00Z,15459310,49 49TH Avenue/To UBC Exchange,1,0,https://gtfs-static.translink.ca/gtfs/google_transit.zip
26SEP_20260925,20260907,20270103,2026-09-28,weekday,49,toward_ubc,arrival,12600,60358,UBC Exchange @ Unloading Only,2026-09-28T13:30:00-07:00,2026-09-28T13:30:00-07:00,2026-09-28T20:30:00Z,2026-09-28T20:30:00Z,15459311,49 49TH Avenue/To UBC Exchange,1,0,https://gtfs-static.translink.ca/gtfs/google_transit.zip
26SEP_20260925,20260907,20270103,2026-09-28,weekday,49,toward_ubc,arrival,12600,60358,UBC Exchange @ Unloading Only,2026-09-28T13:37:00-07:00,2026-09-28T13:37:00-07:00,2026-09-28T20:37:00Z,2026-09-28T20:37:00Z,15459312,49 49TH Avenue/To UBC Exchange,1,0,https://gtfs-static.translink.ca/gtfs/google_transit.zip
26SEP_20260925,20260907,20270103,2026-09-28,weekday,49,toward_ubc,arrival,12600,60358,UBC Exchange @ Unloading Only,2026-09-28T13:45:00-07:00,2026-09-28T13:45:00-07:00,2026-09-28T20:45:00Z,2026-09-28T20:45:00Z,15459313,49 49TH Avenue/To UBC Exchange,1,0,https://gtfs-static.translink.ca/gtfs/google_transit.zip
26SEP_20260925,20260907,20270103,2026-09-28,weekday,49,toward_ubc,arrival,12600,60358,UBC Exchange @ Unloading Only,2026-09-28T13:52:00-07:00,2026-09-28T13:52:00-07:00,2026-09-28T20:52:00Z,2026-09-28T20:52:00Z,15459314,49 49TH Avenue/To UBC Exchange,1,0,https://gtfs-static.translink.ca/gtfs/google_transit.zip
26SEP_20260925,20260907,20270103,2026-09-28,weekday,49,toward_ubc,arrival,12600,60358,UBC Exchange @ Unloading Only,2026-09-28T14:00:00-07:00,2026-09-28T14:00:00-07:00,2026-09-28T21:00:00Z,2026-09-28T21:00:00Z,15459315,49 49TH Avenue/To UBC Exchange,1,0,https://gtfs-static.translink.ca/gtfs/google_transit.zip
26SEP_20260925,20260907,20270103,2026-09-28,weekday,49,toward_ubc,arrival,12600,60358,UBC Exchange @ Unloading Only,2026-09-28T14:09:00-07:00,2026-09-28T14:09:00-07:00,2026-09-28T21:09:00Z,2026-09-28T21:09:00Z,15459316,49 49TH Avenue/To UBC Exchange,1,0,https://gtfs-static.translink.ca/gtfs/google_transit.zip
26SEP_20260925,20260907,20270103,2026-09-28,weekday,49,toward_ubc,arrival,12600,60358,UBC Exchange @ Unloading Only,2026-09-28T14:15:00-07:00,2026-09-28T14:15:00-07:00,2026-09-28T21:15:00Z,2026-09-28T21:15:00Z,15459317,49 49TH Avenue/To UBC Exchange,1,0,https://gtfs-static.translink.ca/gtfs/google_transit.zip
26SEP_20260925,20260907,20270103,2026-09-28,weekday,49,toward_ubc,arrival,12600,60358,UBC Exchange @ Unloading Only,2026-09-28T14:23:00-07:00,2026-09-28T14:23:00-07:00,2026-09-28T21:23:00Z,2026-09-28T21:23:00Z,15459318,49 49TH Avenue/To UBC Exchange,1,0,https://gtfs-static.translink.ca/gtfs/google_transit.zip
26SEP_20260925,20260907,20270103,2026-09-28,weekday,49,toward_ubc,arrival,12600,60358,UBC Exchange @ Unloading Only,2026-09-28T14:30:00-07:00,2026-09-28T14:30:00-07:00,2026-09-28T21:30:00Z,2026-09-28T21:30:00Z,15459319,49 49TH Avenue/To UBC Exchange,1,0,https://gtfs-static.translink.ca/gtfs/google_transit.zip
26SEP_20260925,20260907,20270103,2026-09-28,weekday,49,toward_ubc,arrival,12600,60358,UBC Exchange @ Unloading Only,2026-09-28T14:37:00-07:00,2026-09-28T14:37:00-07:00,2026-09-28T21:37:00Z,2026-09-28T21:37:00Z,15459320,49 49TH Avenue/To UBC Exchange,1,0,https://gtfs-static.translink.ca/gtfs/google_transit.zip
26SEP_20260925,20260907,20270103,2026-09-28,weekday,49,toward_ubc,arrival,12600,60358,UBC Exchange @ Unloading Only,2026-09-28T14:45:00-07:00,2026-09-28T14:45:00-07:00,2026-09-28T21:45:00Z,2026-09-28T21:45:00Z,15459321,49 49TH Avenue/To UBC Exchange,1,0,https://gtfs-static.translink.ca/gtfs/google_transit.zip
26SEP_20260925,20260907,20270103,2026-09-28,weekday,49,toward_ubc,arrival,12600,60358,UBC Exchange @ Unloading Only,2026-09-28T14:52:00-07:00,2026-09-28T14:52:00-07:00,2026-09-28T21:52:00Z,2026-09-28T21:52:00Z,15459322,49 49TH Avenue/To UBC Exchange,1,0,https://gtfs-static.translink.ca/gtfs/google_transit.zip
26SEP_20260925,20260907,20270103,2026-09-28,weekday,49,toward_ubc,arrival,12600,60358,UBC Exchange @ Unloading Only,2026-09-28T15:00:00-07:00,2026-09-28T15:00:00-07:00,2026-09-28T22:00:00Z,2026-09-28T22:00:00Z,15459323,49 49TH Avenue/To UBC Exchange,1,0,https://gtfs-static.translink.ca/gtfs/google_transit.zip
26SEP_20260925,20260907,20270103,2026-09-28,weekday,49,toward_ubc,arrival,12600,60358,UBC Exchange @ Unloading Only,2026-09-28T15:06:00-07:00,2026-09-28T15:06:00-07:00,2026-09-28T22:06:00Z,2026-09-28T22:06:00Z,15459404,49 49TH Avenue/To UBC Exchange,1,0,https://gtfs-static.translink.ca/gtfs/google_transit.zip
26SEP_20260925,20260907,20270103,2026-09-28,weekday,49,toward_ubc,arrival,12600,60358,UBC Exchange @ Unloading Only,2026-09-28T15:12:00-07:00,2026-09-28T15:12:00-07:00,2026-09-28T22:12:00Z,2026-09-28T22:12:00Z,15459324,49 49TH Avenue/To UBC Exchange,1,0,https://gtfs-static.translink.ca/gtfs/google_transit.zip
26SEP_20260925,20260907,20270103,2026-09-28,weekday,49,toward_ubc,arrival,12600,60358,UBC Exchange @ Unloading Only,2026-09-28T15:18:00-07:00,2026-09-28T15:18:00-07:00,2026-09-28T22:18:00Z,2026-09-28T22:18:00Z,15459325,49 49TH Avenue/To UBC Exchange,1,0,https://gtfs-static.translink.ca/gtfs/google_transit.zip
26SEP_20260925,20260907,20270103,2026-09-28,weekday,49,toward_ubc,arrival,12600,60358,UBC Exchange @ Unloading Only,2026-09-28T15:24:00-07:00,2026-09-28T15:24:00-07:00,2026-09-28T22:24:00Z,2026-09-28T22:24:00Z,15459326,49 49TH Avenue/To UBC Exchange,1,0,https://gtfs-static.translink.ca/gtfs/google_transit.zip
26SEP_20260925,20260907,20270103,2026-09-28,weekday,49,toward_ubc,arrival,12600,60358,UBC Exchange @ Unloading Only,2026-09-28T15:36:00-07:00,2026-09-28T15:36:00-07:00,2026-09-28T22:36:00Z,2026-09-28T22:36:00Z,15459327,49 49TH Avenue/To UBC Exchange,1,0,https://gtfs-static.translink.ca/gtfs/google_transit.zip
26SEP_20260925,20260907,20270103,2026-09-28,weekday,49,toward_ubc,arrival,12600,60358,UBC Exchange @ Unloading Only,2026-09-28T15:42:00-07:00,2026-09-28T15:42:00-07:00,2026-09-28T22:42:00Z,2026-09-28T22:42:00Z,15459405,49 49TH Avenue/To UBC Exchange,1,0,https://gtfs-static.translink.ca/gtfs/google_transit.zip
26SEP_20260925,20260907,20270103,2026-09-28,weekday,49,toward_ubc,arrival,12600,60358,UBC Exchange @ Unloading Only,2026-09-28T15:48:00-07:00,2026-09-28T15:48:00-07:00,2026-09-28T22:48:00Z,2026-09-28T22:48:00Z,15459328,49 49TH Avenue/To UBC Exchange,1,0,https://gtfs-static.translink.ca/gtfs/google_transit.zip
26SEP_20260925,20260907,20270103,2026-09-28,weekday,49,toward_ubc,arrival,12600,60358,UBC Exchange @ Unloading Only,2026-09-28T15:54:00-07:00,2026-09-28T15:54:00-07:00,2026-09-28T22:54:00Z,2026-09-28T22:54:00Z,15459394,49 49TH Avenue/To UBC Exchange,1,0,https://gtfs-static.translink.ca/gtfs/google_transit.zip
26SEP_20260925,20260907,20270103,2026-09-28,weekday,49,toward_ubc,arrival,12600,60358,UBC Exchange @ Unloading Only,2026-09-28T16:00:00-07:00,2026-09-28T16:00:00-07:00,2026-09-28T23:00:00Z,2026-09-28T23:00:00Z,15459329,49 49TH Avenue/To UBC Exchange,1,0,https://gtfs-static.translink.ca/gtfs/google_transit.zip
26SEP_20260925,20260907,20270103,2026-09-28,weekday,49,toward_ubc,arrival,12600,60358,UBC Exchange @ Unloading Only,2026-09-28T16:04:00-07:00,2026-09-28T16:04:00-07:00,2026-09-28T23:04:00Z,2026-09-28T23:04:00Z,15459330,49 49TH Avenue/To UBC Exchange,1,0,https://gtfs-static.translink.ca/gtfs/google_transit.zip
26SEP_20260925,20260907,20270103,2026-09-28,weekday,49,toward_ubc,arrival,12600,60358,UBC Exchange @ Unloading Only,2026-09-28T16:09:00-07:00,2026-09-28T16:09:00-07:00,2026-09-28T23:09:00Z,2026-09-28T23:09:00Z,15459331,49 49TH Avenue/To UBC Exchange,1,0,https://gtfs-static.translink.ca/gtfs/google_transit.zip
26SEP_20260925,20260907,20270103,2026-09-28,weekday,49,toward_ubc,arrival,12600,60358,UBC Exchange @ Unloading Only,2026-09-28T16:15:00-07:00,2026-09-28T16:15:00-07:00,2026-09-28T23:15:00Z,2026-09-28T23:15:00Z,15459332,49 49TH Avenue/To UBC Exchange,1,0,https://gtfs-static.translink.ca/gtfs/google_transit.zip
26SEP_20260925,20260907,20270103,2026-09-28,weekday,49,toward_ubc,arrival,12600,60358,UBC Exchange @ Unloading Only,2026-09-28T16:21:00-07:00,2026-09-28T16:21:00-07:00,2026-09-28T23:21:00Z,2026-09-28T23:21:00Z,15459333,49 49TH Avenue/To UBC Exchange,1,0,https://gtfs-static.translink.ca/gtfs/google_transit.zip
26SEP_20260925,20260907,20270103,2026-09-28,weekday,49,toward_ubc,arrival,12600,60358,UBC Exchange @ Unloading Only,2026-09-28T16:27:00-07:00,2026-09-28T16:27:00-07:00,2026-09-28T23:27:00Z,2026-09-28T23:27:00Z,15459334,49 49TH Avenue/To UBC Exchange,1,0,https://gtfs-static.translink.ca/gtfs/google_transit.zip
26SEP_20260925,20260907,20270103,2026-09-28,weekday,49,toward_ubc,arrival,12600,60358,UBC Exchange @ Unloading Only,2026-09-28T16:32:00-07:00,2026-09-28T16:32:00-07:00,2026-09-28T23:32:00Z,2026-09-28T23:32:00Z,15459335,49 49TH Avenue/To UBC Exchange,1,0,https://gtfs-static.translink.ca/gtfs/google_transit.zip
26SEP_20260925,20260907,20270103,2026-09-28,weekday,49,toward_ubc,arrival,12600,60358,UBC Exchange @ Unloading Only,2026-09-28T16:39:00-07:00,2026-09-28T16:39:00-07:00,2026-09-28T23:39:00Z,2026-09-28T23:39:00Z,15459336,49 49TH Avenue/To UBC Exchange,1,0,https://gtfs-static.translink.ca/gtfs/google_transit.zip
26SEP_20260925,20260907,20270103,2026-09-28,weekday,49,toward_ubc,arrival,12600,60358,UBC Exchange @ Unloading Only,2026-09-28T16:44:00-07:00,2026-09-28T16:44:00-07:00,2026-09-28T23:44:00Z,2026-09-28T23:44:00Z,15459337,49 49TH Avenue/To UBC Exchange,1,0,https://gtfs-static.translink.ca/gtfs/google_transit.zip
26SEP_20260925,20260907,20270103,2026-09-28,weekday,49,toward_ubc,arrival,12600,60358,UBC Exchange @ Unloading Only,2026-09-28T16:49:00-07:00,2026-09-28T16:49:00-07:00,2026-09-28T23:49:00Z,2026-09-28T23:49:00Z,15459338,49 49TH Avenue/To UBC Exchange,1,0,https://gtfs-static.translink.ca/gtfs/google_transit.zip
26SEP_20260925,20260907,20270103,2026-09-28,weekday,49,toward_ubc,arrival,12600,60358,UBC Exchange @ Unloading Only,2026-09-28T16:52:00-07:00,2026-09-28T16:52:00-07:00,2026-09-28T23:52:00Z,2026-09-28T23:52:00Z,15459339,49 49TH Avenue/To UBC Exchange,1,0,https://gtfs-static.translink.ca/gtfs/google_transit.zip
26SEP_20260925,20260907,20270103,2026-09-28,weekday,49,toward_ubc,arrival,12600,60358,UBC Exchange @ Unloading Only,2026-09-28T16:57:00-07:00,2026-09-28T16:57:00-07:00,2026-09-28T23:57:00Z,2026-09-28T23:57:00Z,15459340,49 49TH Avenue/To UBC Exchange,1,0,https://gtfs-static.translink.ca/gtfs/google_transit.zip
26SEP_20260925,20260907,20270103,2026-09-28,weekday,49,toward_ubc,arrival,12600,60358,UBC Exchange @ Unloading Only,2026-09-28T17:04:00-07:00,2026-09-28T17:04:00-07:00,2026-09-29T00:04:00Z,2026-09-29T00:04:00Z,15459341,49 49TH Avenue/To UBC Exchange,1,0,https://gtfs-static.translink.ca/gtfs/google_transit.zip
26SEP_20260925,20260907,20270103,2026-09-28,weekday,49,toward_ubc,arrival,12600,60358,UBC Exchange @ Unloading Only,2026-09-28T17:09:00-07:00,2026-09-28T17:09:00-07:00,2026-09-29T00:09:00Z,2026-09-29T00:09:00Z,15459342,49 49TH Avenue/To UBC Exchange,1,0,https://gtfs-static.translink.ca/gtfs/google_transit.zip
26SEP_20260925,20260907,20270103,2026-09-28,weekday,49,toward_ubc,arrival,12600,60358,UBC Exchange @ Unloading Only,2026-09-28T17:14:00-07:00,2026-09-28T17:14:00-07:00,2026-09-29T00:14:00Z,2026-09-29T00:14:00Z,15459406,49 49TH Avenue/To UBC Exchange,1,0,https://gtfs-static.translink.ca/gtfs/google_transit.zip
26SEP_20260925,20260907,20270103,2026-09-28,weekday,49,toward_ubc,arrival,12600,60358,UBC Exchange @ Unloading Only,2026-09-28T17:20:00-07:00,2026-09-28T17:20:00-07:00,2026-09-29T00:20:00Z,2026-09-29T00:20:00Z,15459343,49 49TH Avenue/To UBC Exchange,1,0,https://gtfs-static.translink.ca/gtfs/google_transit.zip
26SEP_20260925,20260907,20270103,2026-09-28,weekday,49,toward_ubc,arrival,12600,60358,UBC Exchange @ Unloading Only,2026-09-28T17:24:00-07:00,2026-09-28T17:24:00-07:00,2026-09-29T00:24:00Z,2026-09-29T00:24:00Z,15459344,49 49TH Avenue/To UBC Exchange,1,0,https://gtfs-static.translink.ca/gtfs/google_transit.zip
26SEP_20260925,20260907,20270103,2026-09-28,weekday,49,toward_ubc,arrival,12600,60358,UBC Exchange @ Unloading Only,2026-09-28T17:29:00-07:00,2026-09-28T17:29:00-07:00,2026-09-29T00:29:00Z,2026-09-29T00:29:00Z,15459345,49 49TH Avenue/To UBC Exchange,1,0,https://gtfs-static.translink.ca/gtfs/google_transit.zip
26SEP_20260925,20260907,20270103,2026-09-28,weekday,49,toward_ubc,arrival,12600,60358,UBC Exchange @ Unloading Only,2026-09-28T17:33:00-07:00,2026-09-28T17:33:00-07:00,2026-09-29T00:33:00Z,2026-09-29T00:33:00Z,15459346,49 49TH Avenue/To UBC Exchange,1,0,https://gtfs-static.translink.ca/gtfs/google_transit.zip
26SEP_20260925,20260907,20270103,2026-09-28,weekday,49,toward_ubc,arrival,12600,60358,UBC Exchange @ Unloading Only,2026-09-28T17:37:00-07:00,2026-09-28T17:37:00-07:00,2026-09-29T00:37:00Z,2026-09-29T00:37:00Z,15459347,49 49TH Avenue/To UBC Exchange,1,0,https://gtfs-static.translink.ca/gtfs/google_transit.zip
26SEP_20260925,20260907,20270103,2026-09-28,weekday,49,toward_ubc,arrival,12600,60358,UBC Exchange @ Unloading Only,2026-09-28T17:42:00-07:00,2026-09-28T17:42:00-07:00,2026-09-29T00:42:00Z,2026-09-29T00:42:00Z,15459348,49 49TH Avenue/To UBC Exchange,1,0,https://gtfs-static.translink.ca/gtfs/google_transit.zip
26SEP_20260925,20260907,20270103,2026-09-28,weekday,49,toward_ubc,arrival,12600,60358,UBC Exchange @ Unloading Only,2026-09-28T17:47:00-07:00,2026-09-28T17:47:00-07:00,2026-09-29T00:47:00Z,2026-09-29T00:47:00Z,15459349,49 49TH Avenue/To UBC Exchange,1,0,https://gtfs-static.translink.ca/gtfs/google_transit.zip
26SEP_20260925,20260907,20270103,2026-09-28,weekday,49,toward_ubc,arrival,12600,60358,UBC Exchange @ Unloading Only,2026-09-28T17:52:00-07:00,2026-09-28T17:52:00-07:00,2026-09-29T00:52:00Z,2026-09-29T00:52:00Z,15459350,49 49TH Avenue/To UBC Exchange,1,0,https://gtfs-static.translink.ca/gtfs/google_transit.zip
26SEP_20260925,20260907,20270103,2026-09-28,weekday,49,toward_ubc,arrival,12600,60358,UBC Exchange @ Unloading Only,2026-09-28T17:57:00-07:00,2026-09-28T17:57:00-07:00,2026-09-29T00:57:00Z,2026-09-29T00:57:00Z,15459351,49 49TH Avenue/To UBC Exchange,1,0,https://gtfs-static.translink.ca/gtfs/google_transit.zip
26SEP_20260925,20260907,20270103,2026-09-28,weekday,49,toward_ubc,arrival,12600,60358,UBC Exchange @ Unloading Only,2026-09-28T18:02:00-07:00,2026-09-28T18:02:00-07:00,2026-09-29T01:02:00Z,2026-09-29T01:02:00Z,15459352,49 49TH Avenue/To UBC Exchange,1,0,https://gtfs-static.translink.ca/gtfs/google_transit.zip
26SEP_20260925,20260907,20270103,2026-09-28,weekday,49,toward_ubc,arrival,12600,60358,UBC Exchange @ Unloading Only,2026-09-28T18:08:00-07:00,2026-09-28T18:08:00-07:00,2026-09-29T01:08:00Z,2026-09-29T01:08:00Z,15459353,49 49TH Avenue/To UBC Exchange,1,0,https://gtfs-static.translink.ca/gtfs/google_transit.zip
26SEP_20260925,20260907,20270103,2026-09-28,weekday,49,toward_ubc,arrival,12600,60358,UBC Exchange @ Unloading Only,2026-09-28T18:16:00-07:00,2026-09-28T18:16:00-07:00,2026-09-29T01:16:00Z,2026-09-29T01:16:00Z,15459354,49 49TH Avenue/To UBC Exchange,1,0,https://gtfs-static.translink.ca/gtfs/google_transit.zip
26SEP_20260925,20260907,20270103,2026-09-28,weekday,49,toward_ubc,arrival,12600,60358,UBC Exchange @ Unloading Only,2026-09-28T18:23:00-07:00,2026-09-28T18:23:00-07:00,2026-09-29T01:23:00Z,2026-09-29T01:23:00Z,15459355,49 49TH Avenue/To UBC Exchange,1,0,https://gtfs-static.translink.ca/gtfs/google_transit.zip
26SEP_20260925,20260907,20270103,2026-09-28,weekday,49,toward_ubc,arrival,12600,60358,UBC Exchange @ Unloading Only,2026-09-28T18:31:00-07:00,2026-09-28T18:31:00-07:00,2026-09-29T01:31:00Z,2026-09-29T01:31:00Z,15459356,49 49TH Avenue/To UBC Exchange,1,0,https://gtfs-static.translink.ca/gtfs/google_transit.zip
26SEP_20260925,20260907,20270103,2026-09-28,weekday,49,toward_ubc,arrival,12600,60358,UBC Exchange @ Unloading Only,2026-09-28T18:39:00-07:00,2026-09-28T18:39:00-07:00,2026-09-29T01:39:00Z,2026-09-29T01:39:00Z,15459357,49 49TH Avenue/To UBC Exchange,1,0,https://gtfs-static.translink.ca/gtfs/google_transit.zip
26SEP_20260925,20260907,20270103,2026-09-28,weekday,49,toward_ubc,arrival,12600,60358,UBC Exchange @ Unloading Only,2026-09-28T18:46:00-07:00,2026-09-28T18:46:00-07:00,2026-09-29T01:46:00Z,2026-09-29T01:46:00Z,15459358,49 49TH Avenue/To UBC Exchange,1,0,https://gtfs-static.translink.ca/gtfs/google_transit.zip
26SEP_20260925,20260907,20270103,2026-09-28,weekday,49,toward_ubc,arrival,12600,60358,UBC Exchange @ Unloading Only,2026-09-28T18:54:00-07:00,2026-09-28T18:54:00-07:00,2026-09-29T01:54:00Z,2026-09-29T01:54:00Z,15459359,49 49TH Avenue/To UBC Exchange,1,0,https://gtfs-static.translink.ca/gtfs/google_transit.zip
26SEP_20260925,20260907,20270103,2026-09-28,weekday,49,toward_ubc,arrival,12600,60358,UBC Exchange @ Unloading Only,2026-09-28T19:01:00-07:00,2026-09-28T19:01:00-07:00,2026-09-29T02:01:00Z,2026-09-29T02:01:00Z,15459360,49 49TH Avenue/To UBC Exchange,1,0,https://gtfs-static.translink.ca/gtfs/google_transit.zip
26SEP_20260925,20260907,20270103,2026-09-28,weekday,49,toward_ubc,arrival,12600,60358,UBC Exchange @ Unloading Only,2026-09-28T19:10:00-07:00,2026-09-28T19:10:00-07:00,2026-09-29T02:10:00Z,2026-09-29T02:10:00Z,15459392,49 49TH Avenue/To UBC Exchange,1,0,https://gtfs-static.translink.ca/gtfs/google_transit.zip
26SEP_20260925,20260907,20270103,2026-09-28,weekday,49,toward_ubc,arrival,12600,60358,UBC Exchange @ Unloading Only,2026-09-28T19:20:00-07:00,2026-09-28T19:20:00-07:00,2026-09-29T02:20:00Z,2026-09-29T02:20:00Z,15459361,49 49TH Avenue/To UBC Exchange,1,0,https://gtfs-static.translink.ca/gtfs/google_transit.zip
26SEP_20260925,20260907,20270103,2026-09-28,weekday,49,toward_ubc,arrival,12600,60358,UBC Exchange @ Unloading Only,2026-09-28T19:30:00-07:00,2026-09-28T19:30:00-07:00,2026-09-29T02:30:00Z,2026-09-29T02:30:00Z,15459362,49 49TH Avenue/To UBC Exchange,1,0,https://gtfs-static.translink.ca/gtfs/google_transit.zip
26SEP_20260925,20260907,20270103,2026-09-28,weekday,49,toward_ubc,arrival,12600,60358,UBC Exchange @ Unloading Only,2026-09-28T19:34:00-07:00,2026-09-28T19:34:00-07:00,2026-09-29T02:34:00Z,2026-09-29T02:34:00Z,15459363,49 49TH Avenue/To UBC Exchange,1,0,https://gtfs-static.translink.ca/gtfs/google_transit.zip
26SEP_20260925,20260907,20270103,2026-09-28,weekday,49,toward_ubc,arrival,12600,60358,UBC Exchange @ Unloading Only,2026-09-28T19:44:00-07:00,2026-09-28T19:44:00-07:00,2026-09-29T02:44:00Z,2026-09-29T02:44:00Z,15459364,49 49TH Avenue/To UBC Exchange,1,0,https://gtfs-static.translink.ca/gtfs/google_transit.zip
26SEP_20260925,20260907,20270103,2026-09-28,weekday,49,toward_ubc,arrival,12600,60358,UBC Exchange @ Unloading Only,2026-09-28T19:54:00-07:00,2026-09-28T19:54:00-07:00,2026-09-29T02:54:00Z,2026-09-29T02:54:00Z,15459365,49 49TH Avenue/To UBC Exchange,1,0,https://gtfs-static.translink.ca/gtfs/google_transit.zip
26SEP_20260925,20260907,20270103,2026-09-28,weekday,49,toward_ubc,arrival,12600,60358,UBC Exchange @ Unloading Only,2026-09-28T20:03:00-07:00,2026-09-28T20:03:00-07:00,2026-09-29T03:03:00Z,2026-09-29T03:03:00Z,15459366,49 49TH Avenue/To UBC Exchange,1,0,https://gtfs-static.translink.ca/gtfs/google_transit.zip
26SEP_20260925,20260907,20270103,2026-09-28,weekday,49,toward_ubc,arrival,12600,60358,UBC Exchange @ Unloading Only,2026-09-28T20:13:00-07:00,2026-09-28T20:13:00-07:00,2026-09-29T03:13:00Z,2026-09-29T03:13:00Z,15459367,49 49TH Avenue/To UBC Exchange,1,0,https://gtfs-static.translink.ca/gtfs/google_transit.zip
26SEP_20260925,20260907,20270103,2026-09-28,weekday,49,toward_ubc,arrival,12600,60358,UBC Exchange @ Unloading Only,2026-09-28T20:23:00-07:00,2026-09-28T20:23:00-07:00,2026-09-29T03:23:00Z,2026-09-29T03:23:00Z,15459368,49 49TH Avenue/To UBC Exchange,1,0,https://gtfs-static.translink.ca/gtfs/google_transit.zip
26SEP_20260925,20260907,20270103,2026-09-28,weekday,49,toward_ubc,arrival,12600,60358,UBC Exchange @ Unloading Only,2026-09-28T20:32:00-07:00,2026-09-28T20:32:00-07:00,2026-09-29T03:32:00Z,2026-09-29T03:32:00Z,15459369,49 49TH Avenue/To UBC Exchange,1,0,https://gtfs-static.translink.ca/gtfs/google_transit.zip
26SEP_20260925,20260907,20270103,2026-09-28,weekday,49,toward_ubc,arrival,12600,60358,UBC Exchange @ Unloading Only,2026-09-28T20:44:00-07:00,2026-09-28T20:44:00-07:00,2026-09-29T03:44:00Z,2026-09-29T03:44:00Z,15459370,49 49TH Avenue/To UBC Exchange,1,0,https://gtfs-static.translink.ca/gtfs/google_transit.zip
26SEP_20260925,20260907,20270103,2026-09-28,weekday,49,toward_ubc,arrival,12600,60358,UBC Exchange @ Unloading Only,2026-09-28T20:53:00-07:00,2026-09-28T20:53:00-07:00,2026-09-29T03:53:00Z,2026-09-29T03:53:00Z,15459371,49 49TH Avenue/To UBC Exchange,1,0,https://gtfs-static.translink.ca/gtfs/google_transit.zip
26SEP_20260925,20260907,20270103,2026-09-28,weekday,49,toward_ubc,arrival,12600,60358,UBC Exchange @ Unloading Only,2026-09-28T21:00:00-07:00,2026-09-28T21:00:00-07:00,2026-09-29T04:00:00Z,2026-09-29T04:00:00Z,15459372,49 49TH Avenue/To UBC Exchange,1,0,https://gtfs-static.translink.ca/gtfs/google_transit.zip
26SEP_20260925,20260907,20270103,2026-09-28,weekday,49,toward_ubc,arrival,12600,60358,UBC Exchange @ Unloading Only,2026-09-28T21:12:00-07:00,2026-09-28T21:12:00-07:00,2026-09-29T04:12:00Z,2026-09-29T04:12:00Z,15459373,49 49TH Avenue/To UBC Exchange,1,0,https://gtfs-static.translink.ca/gtfs/google_transit.zip
26SEP_20260925,20260907,20270103,2026-09-28,weekday,49,toward_ubc,arrival,12600,60358,UBC Exchange @ Unloading Only,2026-09-28T21:24:00-07:00,2026-09-28T21:24:00-07:00,2026-09-29T04:24:00Z,2026-09-29T04:24:00Z,15459374,49 49TH Avenue/To UBC Exchange,1,0,https://gtfs-static.translink.ca/gtfs/google_transit.zip
26SEP_20260925,20260907,20270103,2026-09-28,weekday,49,toward_ubc,arrival,12600,60358,UBC Exchange @ Unloading Only,2026-09-28T21:36:00-07:00,2026-09-28T21:36:00-07:00,2026-09-29T04:36:00Z,2026-09-29T04:36:00Z,15459375,49 49TH Avenue/To UBC Exchange,1,0,https://gtfs-static.translink.ca/gtfs/google_transit.zip
26SEP_20260925,20260907,20270103,2026-09-28,weekday,49,toward_ubc,arrival,12600,60358,UBC Exchange @ Unloading Only,2026-09-28T21:48:00-07:00,2026-09-28T21:48:00-07:00,2026-09-29T04:48:00Z,2026-09-29T04:48:00Z,15459376,49 49TH Avenue/To UBC Exchange,1,0,https://gtfs-static.translink.ca/gtfs/google_transit.zip
26SEP_20260925,20260907,20270103,2026-09-28,weekday,49,toward_ubc,arrival,12600,60358,UBC Exchange @ Unloading Only,2026-09-28T22:03:00-07:00,2026-09-28T22:03:00-07:00,2026-09-29T05:03:00Z,2026-09-29T05:03:00Z,15459377,49 49TH Avenue/To UBC Exchange,1,0,https://gtfs-static.translink.ca/gtfs/google_transit.zip
26SEP_20260925,20260907,20270103,2026-09-28,weekday,49,toward_ubc,arrival,12600,60358,UBC Exchange @ Unloading Only,2026-09-28T22:33:00-07:00,2026-09-28T22:33:00-07:00,2026-09-29T05:33:00Z,2026-09-29T05:33:00Z,15459379,49 49TH Avenue/To UBC Exchange,1,0,https://gtfs-static.translink.ca/gtfs/google_transit.zip
26SEP_20260925,20260907,20270103,2026-09-28,weekday,49,toward_ubc,arrival,12600,60358,UBC Exchange @ Unloading Only,2026-09-28T23:01:00-07:00,2026-09-28T23:01:00-07:00,2026-09-29T06:01:00Z,2026-09-29T06:01:00Z,15459381,49 49TH Avenue/To UBC Exchange,1,0,https://gtfs-static.translink.ca/gtfs/google_transit.zip
26SEP_20260925,20260907,20270103,2026-09-28,weekday,49,toward_ubc,arrival,12600,60358,UBC Exchange @ Unloading Only,2026-09-28T23:22:00-07:00,2026-09-28T23:22:00-07:00,2026-09-29T06:22:00Z,2026-09-29T06:22:00Z,15459382,49 49TH Avenue/To UBC Exchange,1,0,https://gtfs-static.translink.ca/gtfs/google_transit.zip
26SEP_20260925,20260907,20270103,2026-09-28,weekday,49,toward_ubc,arrival,12600,60358,UBC Exchange @ Unloading Only,2026-09-28T23:41:00-07:00,2026-09-28T23:41:00-07:00,2026-09-29T06:41:00Z,2026-09-29T06:41:00Z,15459383,49 49TH Avenue/To UBC Exchange,1,0,https://gtfs-static.translink.ca/gtfs/google_transit.zip
26SEP_20260925,20260907,20270103,2026-09-28,weekday,49,toward_ubc,arrival,12600,60358,UBC Exchange @ Unloading Only,2026-09-29T00:00:00-07:00,2026-09-29T00:00:00-07:00,2026-09-29T07:00:00Z,2026-09-29T07:00:00Z,15459384,49 49TH Avenue/To UBC Exchange,1,0,https://gtfs-static.translink.ca/gtfs/google_transit.zip
26SEP_20260925,20260907,20270103,2026-09-28,weekday,99,away_from_ubc,departure,12057,61935,UBC Exchange @ Bay 7,2026-09-28T06:23:00-07:00,2026-09-28T06:23:00-07:00,2026-09-28T13:23:00Z,2026-09-28T13:23:00Z,15460956,99 Broadway B-Line/To Commercial-Broadway Station,0,0,https://gtfs-static.translink.ca/gtfs/google_transit.zip
26SEP_20260925,20260907,20270103,2026-09-28,weekday,99,away_from_ubc,departure,12057,61935,UBC Exchange @ Bay 7,2026-09-28T06:41:00-07:00,2026-09-28T06:41:00-07:00,2026-09-28T13:41:00Z,2026-09-28T13:41:00Z,15460957,99 Broadway B-Line/To Commercial-Broadway Station,0,0,https://gtfs-static.translink.ca/gtfs/google_transit.zip
26SEP_20260925,20260907,20270103,2026-09-28,weekday,99,away_from_ubc,departure,12057,61935,UBC Exchange @ Bay 7,2026-09-28T06:49:00-07:00,2026-09-28T06:49:00-07:00,2026-09-28T13:49:00Z,2026-09-28T13:49:00Z,15460958,99 Broadway B-Line/To Commercial-Broadway Station,0,0,https://gtfs-static.translink.ca/gtfs/google_transit.zip
26SEP_20260925,20260907,20270103,2026-09-28,weekday,99,away_from_ubc,departure,12057,61935,UBC Exchange @ Bay 7,2026-09-28T06:54:00-07:00,2026-09-28T06:54:00-07:00,2026-09-28T13:54:00Z,2026-09-28T13:54:00Z,15460959,99 Broadway B-Line/To Commercial-Broadway Station,0,0,https://gtfs-static.translink.ca/gtfs/google_transit.zip
26SEP_20260925,20260907,20270103,2026-09-28,weekday,99,away_from_ubc,departure,12057,61935,UBC Exchange @ Bay 7,2026-09-28T06:59:00-07:00,2026-09-28T06:59:00-07:00,2026-09-28T13:59:00Z,2026-09-28T13:59:00Z,15460960,99 Broadway B-Line/To Commercial-Broadway Station,0,0,https://gtfs-static.translink.ca/gtfs/google_transit.zip
26SEP_20260925,20260907,20270103,2026-09-28,weekday,99,away_from_ubc,departure,12057,61935,UBC Exchange @ Bay 7,2026-09-28T07:05:00-07:00,2026-09-28T07:05:00-07:00,2026-09-28T14:05:00Z,2026-09-28T14:05:00Z,15460961,99 Broadway B-Line/To Commercial-Broadway Station,0,0,https://gtfs-static.translink.ca/gtfs/google_transit.zip
26SEP_20260925,20260907,20270103,2026-09-28,weekday,99,away_from_ubc,departure,12057,61935,UBC Exchange @ Bay 7,2026-09-28T07:07:00-07:00,2026-09-28T07:07:00-07:00,2026-09-28T14:07:00Z,2026-09-28T14:07:00Z,15460962,99 Broadway B-Line/To Commercial-Broadway Station,0,0,https://gtfs-static.translink.ca/gtfs/google_transit.zip
26SEP_20260925,20260907,20270103,2026-09-28,weekday,99,away_from_ubc,departure,12057,61935,UBC Exchange @ Bay 7,2026-09-28T07:12:00-07:00,2026-09-28T07:12:00-07:00,2026-09-28T14:12:00Z,2026-09-28T14:12:00Z,15460963,99 Broadway B-Line/To Commercial-Broadway Station,0,0,https://gtfs-static.translink.ca/gtfs/google_transit.zip
26SEP_20260925,20260907,20270103,2026-09-28,weekday,99,away_from_ubc,departure,12057,61935,UBC Exchange @ Bay 7,2026-09-28T07:15:00-07:00,2026-09-28T07:15:00-07:00,2026-09-28T14:15:00Z,2026-09-28T14:15:00Z,15460964,99 Broadway B-Line/To Commercial-Broadway Station,0,0,https://gtfs-static.translink.ca/gtfs/google_transit.zip
26SEP_20260925,20260907,20270103,2026-09-28,weekday,99,away_from_ubc,departure,12057,61935,UBC Exchange @ Bay 7,2026-09-28T07:18:00-07:00,2026-09-28T07:18:00-07:00,2026-09-28T14:18:00Z,2026-09-28T14:18:00Z,15461147,99 Broadway B-Line/To Commercial-Broadway Station,0,0,https://gtfs-static.translink.ca/gtfs/google_transit.zip
26SEP_20260925,20260907,20270103,2026-09-28,weekday,99,away_from_ubc,departure,12057,61935,UBC Exchange @ Bay 7,2026-09-28T07:19:00-07:00,2026-09-28T07:19:00-07:00,2026-09-28T14:19:00Z,2026-09-28T14:19:00Z,15460965,99 Broadway B-Line/To Commercial-Broadway Station,0,0,https://gtfs-static.translink.ca/gtfs/google_transit.zip
26SEP_20260925,20260907,20270103,2026-09-28,weekday,99,away_from_ubc,departure,12057,61935,UBC Exchange @ Bay 7,2026-09-28T07:25:00-07:00,2026-09-28T07:25:00-07:00,2026-09-28T14:25:00Z,2026-09-28T14:25:00Z,15460966,99 Broadway B-Line/To Commercial-Broadway Station,0,0,https://gtfs-static.translink.ca/gtfs/google_transit.zip
26SEP_20260925,20260907,20270103,2026-09-28,weekday,99,away_from_ubc,departure,12057,61935,UBC Exchange @ Bay 7,2026-09-28T07:28:00-07:00,2026-09-28T07:28:00-07:00,2026-09-28T14:28:00Z,2026-09-28T14:28:00Z,15460967,99 Broadway B-Line/To Commercial-Broadway Station,0,0,https://gtfs-static.translink.ca/gtfs/google_transit.zip
26SEP_20260925,20260907,20270103,2026-09-28,weekday,99,away_from_ubc,departure,12057,61935,UBC Exchange @ Bay 7,2026-09-28T07:31:00-07:00,2026-09-28T07:31:00-07:00,2026-09-28T14:31:00Z,2026-09-28T14:31:00Z,15460968,99 Broadway B-Line/To Commercial-Broadway Station,0,0,https://gtfs-static.translink.ca/gtfs/google_transit.zip
26SEP_20260925,20260907,20270103,2026-09-28,weekday,99,away_from_ubc,departure,12057,61935,UBC Exchange @ Bay 7,2026-09-28T07:37:00-07:00,2026-09-28T07:37:00-07:00,2026-09-28T14:37:00Z,2026-09-28T14:37:00Z,15460969,99 Broadway B-Line/To Commercial-Broadway Station,0,0,https://gtfs-static.translink.ca/gtfs/google_transit.zip
26SEP_20260925,20260907,20270103,2026-09-28,weekday,99,away_from_ubc,departure,12057,61935,UBC Exchange @ Bay 7,2026-09-28T07:41:00-07:00,2026-09-28T07:41:00-07:00,2026-09-28T14:41:00Z,2026-09-28T14:41:00Z,15460970,99 Broadway B-Line/To Commercial-Broadway Station,0,0,https://gtfs-static.translink.ca/gtfs/google_transit.zip
26SEP_20260925,20260907,20270103,2026-09-28,weekday,99,away_from_ubc,departure,12057,61935,UBC Exchange @ Bay 7,2026-09-28T07:44:00-07:00,2026-09-28T07:44:00-07:00,2026-09-28T14:44:00Z,2026-09-28T14:44:00Z,15460971,99 Broadway B-Line/To Commercial-Broadway Station,0,0,https://gtfs-static.translink.ca/gtfs/google_transit.zip
26SEP_20260925,20260907,20270103,2026-09-28,weekday,99,away_from_ubc,departure,12057,61935,UBC Exchange @ Bay 7,2026-09-28T07:47:00-07:00,2026-09-28T07:47:00-07:00,2026-09-28T14:47:00Z,2026-09-28T14:47:00Z,15460972,99 Broadway B-Line/To Commercial-Broadway Station,0,0,https://gtfs-static.translink.ca/gtfs/google_transit.zip
26SEP_20260925,20260907,20270103,2026-09-28,weekday,99,away_from_ubc,departure,12057,61935,UBC Exchange @ Bay 7,2026-09-28T07:50:00-07:00,2026-09-28T07:50:00-07:00,2026-09-28T14:50:00Z,2026-09-28T14:50:00Z,15460973,99 Broadway B-Line/To Commercial-Broadway Station,0,0,https://gtfs-static.translink.ca/gtfs/google_transit.zip
26SEP_20260925,20260907,20270103,2026-09-28,weekday,99,away_from_ubc,departure,12057,61935,UBC Exchange @ Bay 7,2026-09-28T07:53:00-07:00,2026-09-28T07:53:00-07:00,2026-09-28T14:53:00Z,2026-09-28T14:53:00Z,15460974,99 Broadway B-Line/To Commercial-Broadway Station,0,0,https://gtfs-static.translink.ca/gtfs/google_transit.zip
26SEP_20260925,20260907,20270103,2026-09-28,weekday,99,away_from_ubc,departure,12057,61935,UBC Exchange @ Bay 7,2026-09-28T07:56:00-07:00,2026-09-28T07:56:00-07:00,2026-09-28T14:56:00Z,2026-09-28T14:56:00Z,15460975,99 Broadway B-Line/To Commercial-Broadway Station,0,0,https://gtfs-static.translink.ca/gtfs/google_transit.zip
26SEP_20260925,20260907,20270103,2026-09-28,weekday,99,away_from_ubc,departure,12057,61935,UBC Exchange @ Bay 7,2026-09-28T07:59:00-07:00,2026-09-28T07:59:00-07:00,2026-09-28T14:59:00Z,2026-09-28T14:59:00Z,15460976,99 Broadway B-Line/To Commercial-Broadway Station,0,0,https://gtfs-static.translink.ca/gtfs/google_transit.zip
26SEP_20260925,20260907,20270103,2026-09-28,weekday,99,away_from_ubc,departure,12057,61935,UBC Exchange @ Bay 7,2026-09-28T08:01:00-07:00,2026-09-28T08:01:00-07:00,2026-09-28T15:01:00Z,2026-09-28T15:01:00Z,15460977,99 Broadway B-Line/To Commercial-Broadway Station,0,0,https://gtfs-static.translink.ca/gtfs/google_transit.zip
26SEP_20260925,20260907,20270103,2026-09-28,weekday,99,away_from_ubc,departure,12057,61935,UBC Exchange @ Bay 7,2026-09-28T08:06:00-07:00,2026-09-28T08:06:00-07:00,2026-09-28T15:06:00Z,2026-09-28T15:06:00Z,15460978,99 Broadway B-Line/To Commercial-Broadway Station,0,0,https://gtfs-static.translink.ca/gtfs/google_transit.zip
26SEP_20260925,20260907,20270103,2026-09-28,weekday,99,away_from_ubc,departure,12057,61935,UBC Exchange @ Bay 7,2026-09-28T08:09:00-07:00,2026-09-28T08:09:00-07:00,2026-09-28T15:09:00Z,2026-09-28T15:09:00Z,15460979,99 Broadway B-Line/To Commercial-Broadway Station,0,0,https://gtfs-static.translink.ca/gtfs/google_transit.zip
26SEP_20260925,20260907,20270103,2026-09-28,weekday,99,away_from_ubc,departure,12057,61935,UBC Exchange @ Bay 7,2026-09-28T08:11:00-07:00,2026-09-28T08:11:00-07:00,2026-09-28T15:11:00Z,2026-09-28T15:11:00Z,15460980,99 Broadway B-Line/To Commercial-Broadway Station,0,0,https://gtfs-static.translink.ca/gtfs/google_transit.zip
26SEP_20260925,20260907,20270103,2026-09-28,weekday,99,away_from_ubc,departure,12057,61935,UBC Exchange @ Bay 7,2026-09-28T08:14:00-07:00,2026-09-28T08:14:00-07:00,2026-09-28T15:14:00Z,2026-09-28T15:14:00Z,15460921,99 Broadway B-Line/To Boundary Loop,0,0,https://gtfs-static.translink.ca/gtfs/google_transit.zip
26SEP_20260925,20260907,20270103,2026-09-28,weekday,99,away_from_ubc,departure,12057,61935,UBC Exchange @ Bay 7,2026-09-28T08:16:00-07:00,2026-09-28T08:16:00-07:00,2026-09-28T15:16:00Z,2026-09-28T15:16:00Z,15460922,99 Broadway B-Line/To Commercial-Broadway Station,0,0,https://gtfs-static.translink.ca/gtfs/google_transit.zip
26SEP_20260925,20260907,20270103,2026-09-28,weekday,99,away_from_ubc,departure,12057,61935,UBC Exchange @ Bay 7,2026-09-28T08:19:00-07:00,2026-09-28T08:19:00-07:00,2026-09-28T15:19:00Z,2026-09-28T15:19:00Z,15460923,99 Broadway B-Line/To Commercial-Broadway Station,0,0,https://gtfs-static.translink.ca/gtfs/google_transit.zip
26SEP_20260925,20260907,20270103,2026-09-28,weekday,99,away_from_ubc,departure,12057,61935,UBC Exchange @ Bay 7,2026-09-28T08:22:00-07:00,2026-09-28T08:22:00-07:00,2026-09-28T15:22:00Z,2026-09-28T15:22:00Z,15460924,99 Broadway B-Line/To Commercial-Broadway Station,0,0,https://gtfs-static.translink.ca/gtfs/google_transit.zip
26SEP_20260925,20260907,20270103,2026-09-28,weekday,99,away_from_ubc,departure,12057,61935,UBC Exchange @ Bay 7,2026-09-28T08:25:00-07:00,2026-09-28T08:25:00-07:00,2026-09-28T15:25:00Z,2026-09-28T15:25:00Z,15460925,99 Broadway B-Line/To Commercial-Broadway Station,0,0,https://gtfs-static.translink.ca/gtfs/google_transit.zip
26SEP_20260925,20260907,20270103,2026-09-28,weekday,99,away_from_ubc,departure,12057,61935,UBC Exchange @ Bay 7,2026-09-28T08:28:00-07:00,2026-09-28T08:28:00-07:00,2026-09-28T15:28:00Z,2026-09-28T15:28:00Z,15460926,99 Broadway B-Line/To Commercial-Broadway Station,0,0,https://gtfs-static.translink.ca/gtfs/google_transit.zip
26SEP_20260925,20260907,20270103,2026-09-28,weekday,99,away_from_ubc,departure,12057,61935,UBC Exchange @ Bay 7,2026-09-28T08:32:00-07:00,2026-09-28T08:32:00-07:00,2026-09-28T15:32:00Z,2026-09-28T15:32:00Z,15460927,99 Broadway B-Line/To Commercial-Broadway Station,0,0,https://gtfs-static.translink.ca/gtfs/google_transit.zip
26SEP_20260925,20260907,20270103,2026-09-28,weekday,99,away_from_ubc,departure,12057,61935,UBC Exchange @ Bay 7,2026-09-28T08:37:00-07:00,2026-09-28T08:37:00-07:00,2026-09-28T15:37:00Z,2026-09-28T15:37:00Z,15460928,99 Broadway B-Line/To Commercial-Broadway Station,0,0,https://gtfs-static.translink.ca/gtfs/google_transit.zip
26SEP_20260925,20260907,20270103,2026-09-28,weekday,99,away_from_ubc,departure,12057,61935,UBC Exchange @ Bay 7,2026-09-28T08:39:00-07:00,2026-09-28T08:39:00-07:00,2026-09-28T15:39:00Z,2026-09-28T15:39:00Z,15460929,99 Broadway B-Line/To Commercial-Broadway Station,0,0,https://gtfs-static.translink.ca/gtfs/google_transit.zip
26SEP_20260925,20260907,20270103,2026-09-28,weekday,99,away_from_ubc,departure,12057,61935,UBC Exchange @ Bay 7,2026-09-28T08:43:00-07:00,2026-09-28T08:43:00-07:00,2026-09-28T15:43:00Z,2026-09-28T15:43:00Z,15460930,99 Broadway B-Line/To Commercial-Broadway Station,0,0,https://gtfs-static.translink.ca/gtfs/google_transit.zip
26SEP_20260925,20260907,20270103,2026-09-28,weekday,99,away_from_ubc,departure,12057,61935,UBC Exchange @ Bay 7,2026-09-28T08:45:00-07:00,2026-09-28T08:45:00-07:00,2026-09-28T15:45:00Z,2026-09-28T15:45:00Z,15460931,99 Broadway B-Line/To Commercial-Broadway Station,0,0,https://gtfs-static.translink.ca/gtfs/google_transit.zip
26SEP_20260925,20260907,20270103,2026-09-28,weekday,99,away_from_ubc,departure,12057,61935,UBC Exchange @ Bay 7,2026-09-28T08:48:00-07:00,2026-09-28T08:48:00-07:00,2026-09-28T15:48:00Z,2026-09-28T15:48:00Z,15460932,99 Broadway B-Line/To Boundary Loop,0,0,https://gtfs-static.translink.ca/gtfs/google_transit.zip
26SEP_20260925,20260907,20270103,2026-09-28,weekday,99,away_from_ubc,departure,12057,61935,UBC Exchange @ Bay 7,2026-09-28T08:52:00-07:00,2026-09-28T08:52:00-07:00,2026-09-28T15:52:00Z,2026-09-28T15:52:00Z,15460933,99 Broadway B-Line/To Commercial-Broadway Station,0,0,https://gtfs-static.translink.ca/gtfs/google_transit.zip
26SEP_20260925,20260907,20270103,2026-09-28,weekday,99,away_from_ubc,departure,12057,61935,UBC Exchange @ Bay 7,2026-09-28T08:56:00-07:00,2026-09-28T08:56:00-07:00,2026-09-28T15:56:00Z,2026-09-28T15:56:00Z,15460934,99 Broadway B-Line/To Commercial-Broadway Station,0,0,https://gtfs-static.translink.ca/gtfs/google_transit.zip
26SEP_20260925,20260907,20270103,2026-09-28,weekday,99,away_from_ubc,departure,12057,61935,UBC Exchange @ Bay 7,2026-09-28T09:00:00-07:00,2026-09-28T09:00:00-07:00,2026-09-28T16:00:00Z,2026-09-28T16:00:00Z,15460935,99 Broadway B-Line/To Boundary Loop,0,0,https://gtfs-static.translink.ca/gtfs/google_transit.zip
26SEP_20260925,20260907,20270103,2026-09-28,weekday,99,away_from_ubc,departure,12057,61935,UBC Exchange @ Bay 7,2026-09-28T09:02:00-07:00,2026-09-28T09:02:00-07:00,2026-09-28T16:02:00Z,2026-09-28T16:02:00Z,15460936,99 Broadway B-Line/To Commercial-Broadway Station,0,0,https://gtfs-static.translink.ca/gtfs/google_transit.zip
26SEP_20260925,20260907,20270103,2026-09-28,weekday,99,away_from_ubc,departure,12057,61935,UBC Exchange @ Bay 7,2026-09-28T09:06:00-07:00,2026-09-28T09:06:00-07:00,2026-09-28T16:06:00Z,2026-09-28T16:06:00Z,15460937,99 Broadway B-Line/To Commercial-Broadway Station,0,0,https://gtfs-static.translink.ca/gtfs/google_transit.zip
26SEP_20260925,20260907,20270103,2026-09-28,weekday,99,away_from_ubc,departure,12057,61935,UBC Exchange @ Bay 7,2026-09-28T09:10:00-07:00,2026-09-28T09:10:00-07:00,2026-09-28T16:10:00Z,2026-09-28T16:10:00Z,15460938,99 Broadway B-Line/To Commercial-Broadway Station,0,0,https://gtfs-static.translink.ca/gtfs/google_transit.zip
26SEP_20260925,20260907,20270103,2026-09-28,weekday,99,away_from_ubc,departure,12057,61935,UBC Exchange @ Bay 7,2026-09-28T09:13:00-07:00,2026-09-28T09:13:00-07:00,2026-09-28T16:13:00Z,2026-09-28T16:13:00Z,15460939,99 Broadway B-Line/To Commercial-Broadway Station,0,0,https://gtfs-static.translink.ca/gtfs/google_transit.zip
26SEP_20260925,20260907,20270103,2026-09-28,weekday,99,away_from_ubc,departure,12057,61935,UBC Exchange @ Bay 7,2026-09-28T09:16:00-07:00,2026-09-28T09:16:00-07:00,2026-09-28T16:16:00Z,2026-09-28T16:16:00Z,15460940,99 Broadway B-Line/To Commercial-Broadway Station,0,0,https://gtfs-static.translink.ca/gtfs/google_transit.zip
26SEP_20260925,20260907,20270103,2026-09-28,weekday,99,away_from_ubc,departure,12057,61935,UBC Exchange @ Bay 7,2026-09-28T09:19:00-07:00,2026-09-28T09:19:00-07:00,2026-09-28T16:19:00Z,2026-09-28T16:19:00Z,15460941,99 Broadway B-Line/To Boundary Loop,0,0,https://gtfs-static.translink.ca/gtfs/google_transit.zip
26SEP_20260925,20260907,20270103,2026-09-28,weekday,99,away_from_ubc,departure,12057,61935,UBC Exchange @ Bay 7,2026-09-28T09:22:00-07:00,2026-09-28T09:22:00-07:00,2026-09-28T16:22:00Z,2026-09-28T16:22:00Z,15460942,99 Broadway B-Line/To Commercial-Broadway Station,0,0,https://gtfs-static.translink.ca/gtfs/google_transit.zip
26SEP_20260925,20260907,20270103,2026-09-28,weekday,99,away_from_ubc,departure,12057,61935,UBC Exchange @ Bay 7,2026-09-28T09:25:00-07:00,2026-09-28T09:25:00-07:00,2026-09-28T16:25:00Z,2026-09-28T16:25:00Z,15460943,99 Broadway B-Line/To Boundary Loop,0,0,https://gtfs-static.translink.ca/gtfs/google_transit.zip
26SEP_20260925,20260907,20270103,2026-09-28,weekday,99,away_from_ubc,departure,12057,61935,UBC Exchange @ Bay 7,2026-09-28T09:28:00-07:00,2026-09-28T09:28:00-07:00,2026-09-28T16:28:00Z,2026-09-28T16:28:00Z,15460944,99 Broadway B-Line/To Commercial-Broadway Station,0,0,https://gtfs-static.translink.ca/gtfs/google_transit.zip
26SEP_20260925,20260907,20270103,2026-09-28,weekday,99,away_from_ubc,departure,12057,61935,UBC Exchange @ Bay 7,2026-09-28T09:31:00-07:00,2026-09-28T09:31:00-07:00,2026-09-28T16:31:00Z,2026-09-28T16:31:00Z,15460945,99 Broadway B-Line/To Commercial-Broadway Station,0,0,https://gtfs-static.translink.ca/gtfs/google_transit.zip
26SEP_20260925,20260907,20270103,2026-09-28,weekday,99,away_from_ubc,departure,12057,61935,UBC Exchange @ Bay 7,2026-09-28T09:34:00-07:00,2026-09-28T09:34:00-07:00,2026-09-28T16:34:00Z,2026-09-28T16:34:00Z,15460946,99 Broadway B-Line/To Boundary Loop,0,0,https://gtfs-static.translink.ca/gtfs/google_transit.zip
26SEP_20260925,20260907,20270103,2026-09-28,weekday,99,away_from_ubc,departure,12057,61935,UBC Exchange @ Bay 7,2026-09-28T09:37:00-07:00,2026-09-28T09:37:00-07:00,2026-09-28T16:37:00Z,2026-09-28T16:37:00Z,15460947,99 Broadway B-Line/To Commercial-Broadway Station,0,0,https://gtfs-static.translink.ca/gtfs/google_transit.zip
26SEP_20260925,20260907,20270103,2026-09-28,weekday,99,away_from_ubc,departure,12057,61935,UBC Exchange @ Bay 7,2026-09-28T09:40:00-07:00,2026-09-28T09:40:00-07:00,2026-09-28T16:40:00Z,2026-09-28T16:40:00Z,15460948,99 Broadway B-Line/To Commercial-Broadway Station,0,0,https://gtfs-static.translink.ca/gtfs/google_transit.zip
26SEP_20260925,20260907,20270103,2026-09-28,weekday,99,away_from_ubc,departure,12057,61935,UBC Exchange @ Bay 7,2026-09-28T09:43:00-07:00,2026-09-28T09:43:00-07:00,2026-09-28T16:43:00Z,2026-09-28T16:43:00Z,15460949,99 Broadway B-Line/To Boundary Loop,0,0,https://gtfs-static.translink.ca/gtfs/google_transit.zip
26SEP_20260925,20260907,20270103,2026-09-28,weekday,99,away_from_ubc,departure,12057,61935,UBC Exchange @ Bay 7,2026-09-28T09:46:00-07:00,2026-09-28T09:46:00-07:00,2026-09-28T16:46:00Z,2026-09-28T16:46:00Z,15460950,99 Broadway B-Line/To Commercial-Broadway Station,0,0,https://gtfs-static.translink.ca/gtfs/google_transit.zip
26SEP_20260925,20260907,20270103,2026-09-28,weekday,99,away_from_ubc,departure,12057,61935,UBC Exchange @ Bay 7,2026-09-28T09:49:00-07:00,2026-09-28T09:49:00-07:00,2026-09-28T16:49:00Z,2026-09-28T16:49:00Z,15460951,99 Broadway B-Line/To Commercial-Broadway Station,0,0,https://gtfs-static.translink.ca/gtfs/google_transit.zip
26SEP_20260925,20260907,20270103,2026-09-28,weekday,99,away_from_ubc,departure,12057,61935,UBC Exchange @ Bay 7,2026-09-28T09:52:00-07:00,2026-09-28T09:52:00-07:00,2026-09-28T16:52:00Z,2026-09-28T16:52:00Z,15460952,99 Broadway B-Line/To Boundary Loop,0,0,https://gtfs-static.translink.ca/gtfs/google_transit.zip
26SEP_20260925,20260907,20270103,2026-09-28,weekday,99,away_from_ubc,departure,12057,61935,UBC Exchange @ Bay 7,2026-09-28T09:55:00-07:00,2026-09-28T09:55:00-07:00,2026-09-28T16:55:00Z,2026-09-28T16:55:00Z,15460953,99 Broadway B-Line/To Boundary Loop,0,0,https://gtfs-static.translink.ca/gtfs/google_transit.zip
26SEP_20260925,20260907,20270103,2026-09-28,weekday,99,away_from_ubc,departure,12057,61935,UBC Exchange @ Bay 7,2026-09-28T09:58:00-07:00,2026-09-28T09:58:00-07:00,2026-09-28T16:58:00Z,2026-09-28T16:58:00Z,15460920,99 Broadway B-Line/To Boundary Loop,0,0,https://gtfs-static.translink.ca/gtfs/google_transit.zip
26SEP_20260925,20260907,20270103,2026-09-28,weekday,99,away_from_ubc,departure,12057,61935,UBC Exchange @ Bay 7,2026-09-28T10:01:00-07:00,2026-09-28T10:01:00-07:00,2026-09-28T17:01:00Z,2026-09-28T17:01:00Z,15460981,99 Broadway B-Line/To Commercial-Broadway Station,0,0,https://gtfs-static.translink.ca/gtfs/google_transit.zip
26SEP_20260925,20260907,20270103,2026-09-28,weekday,99,away_from_ubc,departure,12057,61935,UBC Exchange @ Bay 7,2026-09-28T10:04:00-07:00,2026-09-28T10:04:00-07:00,2026-09-28T17:04:00Z,2026-09-28T17:04:00Z,15460982,99 Broadway B-Line/To Boundary Loop,0,0,https://gtfs-static.translink.ca/gtfs/google_transit.zip
26SEP_20260925,20260907,20270103,2026-09-28,weekday,99,away_from_ubc,departure,12057,61935,UBC Exchange @ Bay 7,2026-09-28T10:07:00-07:00,2026-09-28T10:07:00-07:00,2026-09-28T17:07:00Z,2026-09-28T17:07:00Z,15460983,99 Broadway B-Line/To Commercial-Broadway Station,0,0,https://gtfs-static.translink.ca/gtfs/google_transit.zip
26SEP_20260925,20260907,20270103,2026-09-28,weekday,99,away_from_ubc,departure,12057,61935,UBC Exchange @ Bay 7,2026-09-28T10:10:00-07:00,2026-09-28T10:10:00-07:00,2026-09-28T17:10:00Z,2026-09-28T17:10:00Z,15460984,99 Broadway B-Line/To Boundary Loop,0,0,https://gtfs-static.translink.ca/gtfs/google_transit.zip
26SEP_20260925,20260907,20270103,2026-09-28,weekday,99,away_from_ubc,departure,12057,61935,UBC Exchange @ Bay 7,2026-09-28T10:13:00-07:00,2026-09-28T10:13:00-07:00,2026-09-28T17:13:00Z,2026-09-28T17:13:00Z,15460985,99 Broadway B-Line/To Commercial-Broadway Station,0,0,https://gtfs-static.translink.ca/gtfs/google_transit.zip
26SEP_20260925,20260907,20270103,2026-09-28,weekday,99,away_from_ubc,departure,12057,61935,UBC Exchange @ Bay 7,2026-09-28T10:16:00-07:00,2026-09-28T10:16:00-07:00,2026-09-28T17:16:00Z,2026-09-28T17:16:00Z,15460986,99 Broadway B-Line/To Commercial-Broadway Station,0,0,https://gtfs-static.translink.ca/gtfs/google_transit.zip
26SEP_20260925,20260907,20270103,2026-09-28,weekday,99,away_from_ubc,departure,12057,61935,UBC Exchange @ Bay 7,2026-09-28T10:19:00-07:00,2026-09-28T10:19:00-07:00,2026-09-28T17:19:00Z,2026-09-28T17:19:00Z,15461148,99 Broadway B-Line/To Boundary Loop,0,0,https://gtfs-static.translink.ca/gtfs/google_transit.zip
26SEP_20260925,20260907,20270103,2026-09-28,weekday,99,away_from_ubc,departure,12057,61935,UBC Exchange @ Bay 7,2026-09-28T10:22:00-07:00,2026-09-28T10:22:00-07:00,2026-09-28T17:22:00Z,2026-09-28T17:22:00Z,15460987,99 Broadway B-Line/To Boundary Loop,0,0,https://gtfs-static.translink.ca/gtfs/google_transit.zip
26SEP_20260925,20260907,20270103,2026-09-28,weekday,99,away_from_ubc,departure,12057,61935,UBC Exchange @ Bay 7,2026-09-28T10:25:00-07:00,2026-09-28T10:25:00-07:00,2026-09-28T17:25:00Z,2026-09-28T17:25:00Z,15460988,99 Broadway B-Line/To Commercial-Broadway Station,0,0,https://gtfs-static.translink.ca/gtfs/google_transit.zip
26SEP_20260925,20260907,20270103,2026-09-28,weekday,99,away_from_ubc,departure,12057,61935,UBC Exchange @ Bay 7,2026-09-28T10:29:00-07:00,2026-09-28T10:29:00-07:00,2026-09-28T17:29:00Z,2026-09-28T17:29:00Z,15460989,99 Broadway B-Line/To Commercial-Broadway Station,0,0,https://gtfs-static.translink.ca/gtfs/google_transit.zip
26SEP_20260925,20260907,20270103,2026-09-28,weekday,99,away_from_ubc,departure,12057,61935,UBC Exchange @ Bay 7,2026-09-28T10:33:00-07:00,2026-09-28T10:33:00-07:00,2026-09-28T17:33:00Z,2026-09-28T17:33:00Z,15460990,99 Broadway B-Line/To Commercial-Broadway Station,0,0,https://gtfs-static.translink.ca/gtfs/google_transit.zip
26SEP_20260925,20260907,20270103,2026-09-28,weekday,99,away_from_ubc,departure,12057,61935,UBC Exchange @ Bay 7,2026-09-28T10:37:00-07:00,2026-09-28T10:37:00-07:00,2026-09-28T17:37:00Z,2026-09-28T17:37:00Z,15460991,99 Broadway B-Line/To Commercial-Broadway Station,0,0,https://gtfs-static.translink.ca/gtfs/google_transit.zip
26SEP_20260925,20260907,20270103,2026-09-28,weekday,99,away_from_ubc,departure,12057,61935,UBC Exchange @ Bay 7,2026-09-28T10:42:00-07:00,2026-09-28T10:42:00-07:00,2026-09-28T17:42:00Z,2026-09-28T17:42:00Z,15460992,99 Broadway B-Line/To Boundary Loop,0,0,https://gtfs-static.translink.ca/gtfs/google_transit.zip
26SEP_20260925,20260907,20270103,2026-09-28,weekday,99,away_from_ubc,departure,12057,61935,UBC Exchange @ Bay 7,2026-09-28T10:46:00-07:00,2026-09-28T10:46:00-07:00,2026-09-28T17:46:00Z,2026-09-28T17:46:00Z,15460993,99 Broadway B-Line/To Commercial-Broadway Station,0,0,https://gtfs-static.translink.ca/gtfs/google_transit.zip
26SEP_20260925,20260907,20270103,2026-09-28,weekday,99,away_from_ubc,departure,12057,61935,UBC Exchange @ Bay 7,2026-09-28T10:51:00-07:00,2026-09-28T10:51:00-07:00,2026-09-28T17:51:00Z,2026-09-28T17:51:00Z,15460994,99 Broadway B-Line/To Commercial-Broadway Station,0,0,https://gtfs-static.translink.ca/gtfs/google_transit.zip
26SEP_20260925,20260907,20270103,2026-09-28,weekday,99,away_from_ubc,departure,12057,61935,UBC Exchange @ Bay 7,2026-09-28T10:56:00-07:00,2026-09-28T10:56:00-07:00,2026-09-28T17:56:00Z,2026-09-28T17:56:00Z,15460995,99 Broadway B-Line/To Boundary Loop,0,0,https://gtfs-static.translink.ca/gtfs/google_transit.zip
26SEP_20260925,20260907,20270103,2026-09-28,weekday,99,away_from_ubc,departure,12057,61935,UBC Exchange @ Bay 7,2026-09-28T10:59:00-07:00,2026-09-28T10:59:00-07:00,2026-09-28T17:59:00Z,2026-09-28T17:59:00Z,15460996,99 Broadway B-Line/To Commercial-Broadway Station,0,0,https://gtfs-static.translink.ca/gtfs/google_transit.zip
26SEP_20260925,20260907,20270103,2026-09-28,weekday,99,away_from_ubc,departure,12057,61935,UBC Exchange @ Bay 7,2026-09-28T11:03:00-07:00,2026-09-28T11:03:00-07:00,2026-09-28T18:03:00Z,2026-09-28T18:03:00Z,15460997,99 Broadway B-Line/To Commercial-Broadway Station,0,0,https://gtfs-static.translink.ca/gtfs/google_transit.zip
26SEP_20260925,20260907,20270103,2026-09-28,weekday,99,away_from_ubc,departure,12057,61935,UBC Exchange @ Bay 7,2026-09-28T11:08:00-07:00,2026-09-28T11:08:00-07:00,2026-09-28T18:08:00Z,2026-09-28T18:08:00Z,15460998,99 Broadway B-Line/To Commercial-Broadway Station,0,0,https://gtfs-static.translink.ca/gtfs/google_transit.zip
26SEP_20260925,20260907,20270103,2026-09-28,weekday,99,away_from_ubc,departure,12057,61935,UBC Exchange @ Bay 7,2026-09-28T11:13:00-07:00,2026-09-28T11:13:00-07:00,2026-09-28T18:13:00Z,2026-09-28T18:13:00Z,15460999,99 Broadway B-Line/To Commercial-Broadway Station,0,0,https://gtfs-static.translink.ca/gtfs/google_transit.zip
26SEP_20260925,20260907,20270103,2026-09-28,weekday,99,away_from_ubc,departure,12057,61935,UBC Exchange @ Bay 7,2026-09-28T11:18:00-07:00,2026-09-28T11:18:00-07:00,2026-09-28T18:18:00Z,2026-09-28T18:18:00Z,15461000,99 Broadway B-Line/To Commercial-Broadway Station,0,0,https://gtfs-static.translink.ca/gtfs/google_transit.zip
26SEP_20260925,20260907,20270103,2026-09-28,weekday,99,away_from_ubc,departure,12057,61935,UBC Exchange @ Bay 7,2026-09-28T11:23:00-07:00,2026-09-28T11:23:00-07:00,2026-09-28T18:23:00Z,2026-09-28T18:23:00Z,15461001,99 Broadway B-Line/To Commercial-Broadway Station,0,0,https://gtfs-static.translink.ca/gtfs/google_transit.zip
26SEP_20260925,20260907,20270103,2026-09-28,weekday,99,away_from_ubc,departure,12057,61935,UBC Exchange @ Bay 7,2026-09-28T11:29:00-07:00,2026-09-28T11:29:00-07:00,2026-09-28T18:29:00Z,2026-09-28T18:29:00Z,15461002,99 Broadway B-Line/To Boundary Loop,0,0,https://gtfs-static.translink.ca/gtfs/google_transit.zip
26SEP_20260925,20260907,20270103,2026-09-28,weekday,99,away_from_ubc,departure,12057,61935,UBC Exchange @ Bay 7,2026-09-28T11:34:00-07:00,2026-09-28T11:34:00-07:00,2026-09-28T18:34:00Z,2026-09-28T18:34:00Z,15461003,99 Broadway B-Line/To Boundary Loop,0,0,https://gtfs-static.translink.ca/gtfs/google_transit.zip
26SEP_20260925,20260907,20270103,2026-09-28,weekday,99,away_from_ubc,departure,12057,61935,UBC Exchange @ Bay 7,2026-09-28T11:37:00-07:00,2026-09-28T11:37:00-07:00,2026-09-28T18:37:00Z,2026-09-28T18:37:00Z,15461004,99 Broadway B-Line/To Commercial-Broadway Station,0,0,https://gtfs-static.translink.ca/gtfs/google_transit.zip
26SEP_20260925,20260907,20270103,2026-09-28,weekday,99,away_from_ubc,departure,12057,61935,UBC Exchange @ Bay 7,2026-09-28T11:45:00-07:00,2026-09-28T11:45:00-07:00,2026-09-28T18:45:00Z,2026-09-28T18:45:00Z,15461005,99 Broadway B-Line/To Commercial-Broadway Station,0,0,https://gtfs-static.translink.ca/gtfs/google_transit.zip
26SEP_20260925,20260907,20270103,2026-09-28,weekday,99,away_from_ubc,departure,12057,61935,UBC Exchange @ Bay 7,2026-09-28T11:51:00-07:00,2026-09-28T11:51:00-07:00,2026-09-28T18:51:00Z,2026-09-28T18:51:00Z,15461006,99 Broadway B-Line/To Commercial-Broadway Station,0,0,https://gtfs-static.translink.ca/gtfs/google_transit.zip
26SEP_20260925,20260907,20270103,2026-09-28,weekday,99,away_from_ubc,departure,12057,61935,UBC Exchange @ Bay 7,2026-09-28T11:57:00-07:00,2026-09-28T11:57:00-07:00,2026-09-28T18:57:00Z,2026-09-28T18:57:00Z,15461007,99 Broadway B-Line/To Commercial-Broadway Station,0,0,https://gtfs-static.translink.ca/gtfs/google_transit.zip
26SEP_20260925,20260907,20270103,2026-09-28,weekday,99,away_from_ubc,departure,12057,61935,UBC Exchange @ Bay 7,2026-09-28T12:03:00-07:00,2026-09-28T12:03:00-07:00,2026-09-28T19:03:00Z,2026-09-28T19:03:00Z,15461008,99 Broadway B-Line/To Commercial-Broadway Station,0,0,https://gtfs-static.translink.ca/gtfs/google_transit.zip
26SEP_20260925,20260907,20270103,2026-09-28,weekday,99,away_from_ubc,departure,12057,61935,UBC Exchange @ Bay 7,2026-09-28T12:09:00-07:00,2026-09-28T12:09:00-07:00,2026-09-28T19:09:00Z,2026-09-28T19:09:00Z,15461009,99 Broadway B-Line/To Commercial-Broadway Station,0,0,https://gtfs-static.translink.ca/gtfs/google_transit.zip
26SEP_20260925,20260907,20270103,2026-09-28,weekday,99,away_from_ubc,departure,12057,61935,UBC Exchange @ Bay 7,2026-09-28T12:14:00-07:00,2026-09-28T12:14:00-07:00,2026-09-28T19:14:00Z,2026-09-28T19:14:00Z,15461010,99 Broadway B-Line/To Commercial-Broadway Station,0,0,https://gtfs-static.translink.ca/gtfs/google_transit.zip
26SEP_20260925,20260907,20270103,2026-09-28,weekday,99,away_from_ubc,departure,12057,61935,UBC Exchange @ Bay 7,2026-09-28T12:22:00-07:00,2026-09-28T12:22:00-07:00,2026-09-28T19:22:00Z,2026-09-28T19:22:00Z,15461011,99 Broadway B-Line/To Commercial-Broadway Station,0,0,https://gtfs-static.translink.ca/gtfs/google_transit.zip
26SEP_20260925,20260907,20270103,2026-09-28,weekday,99,away_from_ubc,departure,12057,61935,UBC Exchange @ Bay 7,2026-09-28T12:27:00-07:00,2026-09-28T12:27:00-07:00,2026-09-28T19:27:00Z,2026-09-28T19:27:00Z,15461012,99 Broadway B-Line/To Commercial-Broadway Station,0,0,https://gtfs-static.translink.ca/gtfs/google_transit.zip
26SEP_20260925,20260907,20270103,2026-09-28,weekday,99,away_from_ubc,departure,12057,61935,UBC Exchange @ Bay 7,2026-09-28T12:32:00-07:00,2026-09-28T12:32:00-07:00,2026-09-28T19:32:00Z,2026-09-28T19:32:00Z,15461013,99 Broadway B-Line/To Commercial-Broadway Station,0,0,https://gtfs-static.translink.ca/gtfs/google_transit.zip
26SEP_20260925,20260907,20270103,2026-09-28,weekday,99,away_from_ubc,departure,12057,61935,UBC Exchange @ Bay 7,2026-09-28T12:40:00-07:00,2026-09-28T12:40:00-07:00,2026-09-28T19:40:00Z,2026-09-28T19:40:00Z,15461014,99 Broadway B-Line/To Commercial-Broadway Station,0,0,https://gtfs-static.translink.ca/gtfs/google_transit.zip
26SEP_20260925,20260907,20270103,2026-09-28,weekday,99,away_from_ubc,departure,12057,61935,UBC Exchange @ Bay 7,2026-09-28T12:46:00-07:00,2026-09-28T12:46:00-07:00,2026-09-28T19:46:00Z,2026-09-28T19:46:00Z,15461015,99 Broadway B-Line/To Commercial-Broadway Station,0,0,https://gtfs-static.translink.ca/gtfs/google_transit.zip
26SEP_20260925,20260907,20270103,2026-09-28,weekday,99,away_from_ubc,departure,12057,61935,UBC Exchange @ Bay 7,2026-09-28T12:55:00-07:00,2026-09-28T12:55:00-07:00,2026-09-28T19:55:00Z,2026-09-28T19:55:00Z,15461016,99 Broadway B-Line/To Commercial-Broadway Station,0,0,https://gtfs-static.translink.ca/gtfs/google_transit.zip
26SEP_20260925,20260907,20270103,2026-09-28,weekday,99,away_from_ubc,departure,12057,61935,UBC Exchange @ Bay 7,2026-09-28T13:01:00-07:00,2026-09-28T13:01:00-07:00,2026-09-28T20:01:00Z,2026-09-28T20:01:00Z,15461017,99 Broadway B-Line/To Commercial-Broadway Station,0,0,https://gtfs-static.translink.ca/gtfs/google_transit.zip
26SEP_20260925,20260907,20270103,2026-09-28,weekday,99,away_from_ubc,departure,12057,61935,UBC Exchange @ Bay 7,2026-09-28T13:07:00-07:00,2026-09-28T13:07:00-07:00,2026-09-28T20:07:00Z,2026-09-28T20:07:00Z,15461149,99 Broadway B-Line/To Commercial-Broadway Station,0,0,https://gtfs-static.translink.ca/gtfs/google_transit.zip
26SEP_20260925,20260907,20270103,2026-09-28,weekday,99,away_from_ubc,departure,12057,61935,UBC Exchange @ Bay 7,2026-09-28T13:11:00-07:00,2026-09-28T13:11:00-07:00,2026-09-28T20:11:00Z,2026-09-28T20:11:00Z,15461018,99 Broadway B-Line/To Commercial-Broadway Station,0,0,https://gtfs-static.translink.ca/gtfs/google_transit.zip
26SEP_20260925,20260907,20270103,2026-09-28,weekday,99,away_from_ubc,departure,12057,61935,UBC Exchange @ Bay 7,2026-09-28T13:20:00-07:00,2026-09-28T13:20:00-07:00,2026-09-28T20:20:00Z,2026-09-28T20:20:00Z,15461019,99 Broadway B-Line/To Commercial-Broadway Station,0,0,https://gtfs-static.translink.ca/gtfs/google_transit.zip
26SEP_20260925,20260907,20270103,2026-09-28,weekday,99,away_from_ubc,departure,12057,61935,UBC Exchange @ Bay 7,2026-09-28T13:27:00-07:00,2026-09-28T13:27:00-07:00,2026-09-28T20:27:00Z,2026-09-28T20:27:00Z,15461020,99 Broadway B-Line/To Commercial-Broadway Station,0,0,https://gtfs-static.translink.ca/gtfs/google_transit.zip
26SEP_20260925,20260907,20270103,2026-09-28,weekday,99,away_from_ubc,departure,12057,61935,UBC Exchange @ Bay 7,2026-09-28T13:34:00-07:00,2026-09-28T13:34:00-07:00,2026-09-28T20:34:00Z,2026-09-28T20:34:00Z,15461021,99 Broadway B-Line/To Commercial-Broadway Station,0,0,https://gtfs-static.translink.ca/gtfs/google_transit.zip
26SEP_20260925,20260907,20270103,2026-09-28,weekday,99,away_from_ubc,departure,12057,61935,UBC Exchange @ Bay 7,2026-09-28T13:42:00-07:00,2026-09-28T13:42:00-07:00,2026-09-28T20:42:00Z,2026-09-28T20:42:00Z,15461022,99 Broadway B-Line/To Commercial-Broadway Station,0,0,https://gtfs-static.translink.ca/gtfs/google_transit.zip
26SEP_20260925,20260907,20270103,2026-09-28,weekday,99,away_from_ubc,departure,12057,61935,UBC Exchange @ Bay 7,2026-09-28T13:47:00-07:00,2026-09-28T13:47:00-07:00,2026-09-28T20:47:00Z,2026-09-28T20:47:00Z,15461023,99 Broadway B-Line/To Commercial-Broadway Station,0,0,https://gtfs-static.translink.ca/gtfs/google_transit.zip
26SEP_20260925,20260907,20270103,2026-09-28,weekday,99,away_from_ubc,departure,12057,61935,UBC Exchange @ Bay 7,2026-09-28T13:53:00-07:00,2026-09-28T13:53:00-07:00,2026-09-28T20:53:00Z,2026-09-28T20:53:00Z,15461024,99 Broadway B-Line/To Commercial-Broadway Station,0,0,https://gtfs-static.translink.ca/gtfs/google_transit.zip
26SEP_20260925,20260907,20270103,2026-09-28,weekday,99,away_from_ubc,departure,12057,61935,UBC Exchange @ Bay 7,2026-09-28T14:00:00-07:00,2026-09-28T14:00:00-07:00,2026-09-28T21:00:00Z,2026-09-28T21:00:00Z,15461025,99 Broadway B-Line/To Commercial-Broadway Station,0,0,https://gtfs-static.translink.ca/gtfs/google_transit.zip
26SEP_20260925,20260907,20270103,2026-09-28,weekday,99,away_from_ubc,departure,12057,61935,UBC Exchange @ Bay 7,2026-09-28T14:06:00-07:00,2026-09-28T14:06:00-07:00,2026-09-28T21:06:00Z,2026-09-28T21:06:00Z,15461026,99 Broadway B-Line/To Commercial-Broadway Station,0,0,https://gtfs-static.translink.ca/gtfs/google_transit.zip
26SEP_20260925,20260907,20270103,2026-09-28,weekday,99,away_from_ubc,departure,12057,61935,UBC Exchange @ Bay 7,2026-09-28T14:11:00-07:00,2026-09-28T14:11:00-07:00,2026-09-28T21:11:00Z,2026-09-28T21:11:00Z,15461027,99 Broadway B-Line/To Commercial-Broadway Station,0,0,https://gtfs-static.translink.ca/gtfs/google_transit.zip
26SEP_20260925,20260907,20270103,2026-09-28,weekday,99,away_from_ubc,departure,12057,61935,UBC Exchange @ Bay 7,2026-09-28T14:16:00-07:00,2026-09-28T14:16:00-07:00,2026-09-28T21:16:00Z,2026-09-28T21:16:00Z,15461028,99 Broadway B-Line/To Commercial-Broadway Station,0,0,https://gtfs-static.translink.ca/gtfs/google_transit.zip
26SEP_20260925,20260907,20270103,2026-09-28,weekday,99,away_from_ubc,departure,12057,61935,UBC Exchange @ Bay 7,2026-09-28T14:21:00-07:00,2026-09-28T14:21:00-07:00,2026-09-28T21:21:00Z,2026-09-28T21:21:00Z,15461029,99 Broadway B-Line/To Commercial-Broadway Station,0,0,https://gtfs-static.translink.ca/gtfs/google_transit.zip
26SEP_20260925,20260907,20270103,2026-09-28,weekday,99,away_from_ubc,departure,12057,61935,UBC Exchange @ Bay 7,2026-09-28T14:29:00-07:00,2026-09-28T14:29:00-07:00,2026-09-28T21:29:00Z,2026-09-28T21:29:00Z,15461030,99 Broadway B-Line/To Commercial-Broadway Station,0,0,https://gtfs-static.translink.ca/gtfs/google_transit.zip
26SEP_20260925,20260907,20270103,2026-09-28,weekday,99,away_from_ubc,departure,12057,61935,UBC Exchange @ Bay 7,2026-09-28T14:35:00-07:00,2026-09-28T14:35:00-07:00,2026-09-28T21:35:00Z,2026-09-28T21:35:00Z,15461031,99 Broadway B-Line/To Commercial-Broadway Station,0,0,https://gtfs-static.translink.ca/gtfs/google_transit.zip
26SEP_20260925,20260907,20270103,2026-09-28,weekday,99,away_from_ubc,departure,12057,61935,UBC Exchange @ Bay 7,2026-09-28T14:38:00-07:00,2026-09-28T14:38:00-07:00,2026-09-28T21:38:00Z,2026-09-28T21:38:00Z,15461150,99 Broadway B-Line/To Commercial-Broadway Station,0,0,https://gtfs-static.translink.ca/gtfs/google_transit.zip
26SEP_20260925,20260907,20270103,2026-09-28,weekday,99,away_from_ubc,departure,12057,61935,UBC Exchange @ Bay 7,2026-09-28T14:41:00-07:00,2026-09-28T14:41:00-07:00,2026-09-28T21:41:00Z,2026-09-28T21:41:00Z,15461032,99 Broadway B-Line/To Commercial-Broadway Station,0,0,https://gtfs-static.translink.ca/gtfs/google_transit.zip
26SEP_20260925,20260907,20270103,2026-09-28,weekday,99,away_from_ubc,departure,12057,61935,UBC Exchange @ Bay 7,2026-09-28T14:44:00-07:00,2026-09-28T14:44:00-07:00,2026-09-28T21:44:00Z,2026-09-28T21:44:00Z,15461033,99 Broadway B-Line/To Commercial-Broadway Station,0,0,https://gtfs-static.translink.ca/gtfs/google_transit.zip
26SEP_20260925,20260907,20270103,2026-09-28,weekday,99,away_from_ubc,departure,12057,61935,UBC Exchange @ Bay 7,2026-09-28T14:47:00-07:00,2026-09-28T14:47:00-07:00,2026-09-28T21:47:00Z,2026-09-28T21:47:00Z,15461034,99 Broadway B-Line/To Commercial-Broadway Station,0,0,https://gtfs-static.translink.ca/gtfs/google_transit.zip
26SEP_20260925,20260907,20270103,2026-09-28,weekday,99,away_from_ubc,departure,12057,61935,UBC Exchange @ Bay 7,2026-09-28T14:50:00-07:00,2026-09-28T14:50:00-07:00,2026-09-28T21:50:00Z,2026-09-28T21:50:00Z,15461035,99 Broadway B-Line/To Commercial-Broadway Station,0,0,https://gtfs-static.translink.ca/gtfs/google_transit.zip
26SEP_20260925,20260907,20270103,2026-09-28,weekday,99,away_from_ubc,departure,12057,61935,UBC Exchange @ Bay 7,2026-09-28T14:53:00-07:00,2026-09-28T14:53:00-07:00,2026-09-28T21:53:00Z,2026-09-28T21:53:00Z,15461036,99 Broadway B-Line/To Commercial-Broadway Station,0,0,https://gtfs-static.translink.ca/gtfs/google_transit.zip
26SEP_20260925,20260907,20270103,2026-09-28,weekday,99,away_from_ubc,departure,12057,61935,UBC Exchange @ Bay 7,2026-09-28T14:56:00-07:00,2026-09-28T14:56:00-07:00,2026-09-28T21:56:00Z,2026-09-28T21:56:00Z,15461037,99 Broadway B-Line/To Commercial-Broadway Station,0,0,https://gtfs-static.translink.ca/gtfs/google_transit.zip
26SEP_20260925,20260907,20270103,2026-09-28,weekday,99,away_from_ubc,departure,12057,61935,UBC Exchange @ Bay 7,2026-09-28T15:00:00-07:00,2026-09-28T15:00:00-07:00,2026-09-28T22:00:00Z,2026-09-28T22:00:00Z,15461038,99 Broadway B-Line/To Commercial-Broadway Station,0,0,https://gtfs-static.translink.ca/gtfs/google_transit.zip
26SEP_20260925,20260907,20270103,2026-09-28,weekday,99,away_from_ubc,departure,12057,61935,UBC Exchange @ Bay 7,2026-09-28T15:03:00-07:00,2026-09-28T15:03:00-07:00,2026-09-28T22:03:00Z,2026-09-28T22:03:00Z,15461039,99 Broadway B-Line/To Commercial-Broadway Station,0,0,https://gtfs-static.translink.ca/gtfs/google_transit.zip
26SEP_20260925,20260907,20270103,2026-09-28,weekday,99,away_from_ubc,departure,12057,61935,UBC Exchange @ Bay 7,2026-09-28T15:07:00-07:00,2026-09-28T15:07:00-07:00,2026-09-28T22:07:00Z,2026-09-28T22:07:00Z,15461040,99 Broadway B-Line/To Commercial-Broadway Station,0,0,https://gtfs-static.translink.ca/gtfs/google_transit.zip
26SEP_20260925,20260907,20270103,2026-09-28,weekday,99,away_from_ubc,departure,12057,61935,UBC Exchange @ Bay 7,2026-09-28T15:11:00-07:00,2026-09-28T15:11:00-07:00,2026-09-28T22:11:00Z,2026-09-28T22:11:00Z,15461041,99 Broadway B-Line/To Commercial-Broadway Station,0,0,https://gtfs-static.translink.ca/gtfs/google_transit.zip
26SEP_20260925,20260907,20270103,2026-09-28,weekday,99,away_from_ubc,departure,12057,61935,UBC Exchange @ Bay 7,2026-09-28T15:15:00-07:00,2026-09-28T15:15:00-07:00,2026-09-28T22:15:00Z,2026-09-28T22:15:00Z,15461042,99 Broadway B-Line/To Commercial-Broadway Station,0,0,https://gtfs-static.translink.ca/gtfs/google_transit.zip
26SEP_20260925,20260907,20270103,2026-09-28,weekday,99,away_from_ubc,departure,12057,61935,UBC Exchange @ Bay 7,2026-09-28T15:17:00-07:00,2026-09-28T15:17:00-07:00,2026-09-28T22:17:00Z,2026-09-28T22:17:00Z,15461043,99 Broadway B-Line/To Commercial-Broadway Station,0,0,https://gtfs-static.translink.ca/gtfs/google_transit.zip
26SEP_20260925,20260907,20270103,2026-09-28,weekday,99,away_from_ubc,departure,12057,61935,UBC Exchange @ Bay 7,2026-09-28T15:20:00-07:00,2026-09-28T15:20:00-07:00,2026-09-28T22:20:00Z,2026-09-28T22:20:00Z,15461044,99 Broadway B-Line/To Commercial-Broadway Station,0,0,https://gtfs-static.translink.ca/gtfs/google_transit.zip
26SEP_20260925,20260907,20270103,2026-09-28,weekday,99,away_from_ubc,departure,12057,61935,UBC Exchange @ Bay 7,2026-09-28T15:23:00-07:00,2026-09-28T15:23:00-07:00,2026-09-28T22:23:00Z,2026-09-28T22:23:00Z,15461045,99 Broadway B-Line/To Commercial-Broadway Station,0,0,https://gtfs-static.translink.ca/gtfs/google_transit.zip
26SEP_20260925,20260907,20270103,2026-09-28,weekday,99,away_from_ubc,departure,12057,61935,UBC Exchange @ Bay 7,2026-09-28T15:25:00-07:00,2026-09-28T15:25:00-07:00,2026-09-28T22:25:00Z,2026-09-28T22:25:00Z,15461046,99 Broadway B-Line/To Commercial-Broadway Station,0,0,https://gtfs-static.translink.ca/gtfs/google_transit.zip
26SEP_20260925,20260907,20270103,2026-09-28,weekday,99,away_from_ubc,departure,12057,61935,UBC Exchange @ Bay 7,2026-09-28T15:29:00-07:00,2026-09-28T15:29:00-07:00,2026-09-28T22:29:00Z,2026-09-28T22:29:00Z,15461047,99 Broadway B-Line/To Commercial-Broadway Station,0,0,https://gtfs-static.translink.ca/gtfs/google_transit.zip
26SEP_20260925,20260907,20270103,2026-09-28,weekday,99,away_from_ubc,departure,12057,61935,UBC Exchange @ Bay 7,2026-09-28T15:34:00-07:00,2026-09-28T15:34:00-07:00,2026-09-28T22:34:00Z,2026-09-28T22:34:00Z,15461048,99 Broadway B-Line/To Commercial-Broadway Station,0,0,https://gtfs-static.translink.ca/gtfs/google_transit.zip
26SEP_20260925,20260907,20270103,2026-09-28,weekday,99,away_from_ubc,departure,12057,61935,UBC Exchange @ Bay 7,2026-09-28T15:36:00-07:00,2026-09-28T15:36:00-07:00,2026-09-28T22:36:00Z,2026-09-28T22:36:00Z,15461049,99 Broadway B-Line/To Commercial-Broadway Station,0,0,https://gtfs-static.translink.ca/gtfs/google_transit.zip
26SEP_20260925,20260907,20270103,2026-09-28,weekday,99,away_from_ubc,departure,12057,61935,UBC Exchange @ Bay 7,2026-09-28T15:40:00-07:00,2026-09-28T15:40:00-07:00,2026-09-28T22:40:00Z,2026-09-28T22:40:00Z,15461050,99 Broadway B-Line/To Commercial-Broadway Station,0,0,https://gtfs-static.translink.ca/gtfs/google_transit.zip
26SEP_20260925,20260907,20270103,2026-09-28,weekday,99,away_from_ubc,departure,12057,61935,UBC Exchange @ Bay 7,2026-09-28T15:42:00-07:00,2026-09-28T15:42:00-07:00,2026-09-28T22:42:00Z,2026-09-28T22:42:00Z,15461051,99 Broadway B-Line/To Commercial-Broadway Station,0,0,https://gtfs-static.translink.ca/gtfs/google_transit.zip
26SEP_20260925,20260907,20270103,2026-09-28,weekday,99,away_from_ubc,departure,12057,61935,UBC Exchange @ Bay 7,2026-09-28T15:45:00-07:00,2026-09-28T15:45:00-07:00,2026-09-28T22:45:00Z,2026-09-28T22:45:00Z,15461052,99 Broadway B-Line/To Commercial-Broadway Station,0,0,https://gtfs-static.translink.ca/gtfs/google_transit.zip
26SEP_20260925,20260907,20270103,2026-09-28,weekday,99,away_from_ubc,departure,12057,61935,UBC Exchange @ Bay 7,2026-09-28T15:48:00-07:00,2026-09-28T15:48:00-07:00,2026-09-28T22:48:00Z,2026-09-28T22:48:00Z,15461053,99 Broadway B-Line/To Commercial-Broadway Station,0,0,https://gtfs-static.translink.ca/gtfs/google_transit.zip
26SEP_20260925,20260907,20270103,2026-09-28,weekday,99,away_from_ubc,departure,12057,61935,UBC Exchange @ Bay 7,2026-09-28T15:50:00-07:00,2026-09-28T15:50:00-07:00,2026-09-28T22:50:00Z,2026-09-28T22:50:00Z,15461054,99 Broadway B-Line/To Commercial-Broadway Station,0,0,https://gtfs-static.translink.ca/gtfs/google_transit.zip
26SEP_20260925,20260907,20270103,2026-09-28,weekday,99,away_from_ubc,departure,12057,61935,UBC Exchange @ Bay 7,2026-09-28T15:53:00-07:00,2026-09-28T15:53:00-07:00,2026-09-28T22:53:00Z,2026-09-28T22:53:00Z,15461055,99 Broadway B-Line/To Commercial-Broadway Station,0,0,https://gtfs-static.translink.ca/gtfs/google_transit.zip
26SEP_20260925,20260907,20270103,2026-09-28,weekday,99,away_from_ubc,departure,12057,61935,UBC Exchange @ Bay 7,2026-09-28T15:57:00-07:00,2026-09-28T15:57:00-07:00,2026-09-28T22:57:00Z,2026-09-28T22:57:00Z,15461056,99 Broadway B-Line/To Commercial-Broadway Station,0,0,https://gtfs-static.translink.ca/gtfs/google_transit.zip
26SEP_20260925,20260907,20270103,2026-09-28,weekday,99,away_from_ubc,departure,12057,61935,UBC Exchange @ Bay 7,2026-09-28T16:04:00-07:00,2026-09-28T16:04:00-07:00,2026-09-28T23:04:00Z,2026-09-28T23:04:00Z,15461058,99 Broadway B-Line/To Commercial-Broadway Station,0,0,https://gtfs-static.translink.ca/gtfs/google_transit.zip
26SEP_20260925,20260907,20270103,2026-09-28,weekday,99,away_from_ubc,departure,12057,61935,UBC Exchange @ Bay 7,2026-09-28T16:10:00-07:00,2026-09-28T16:10:00-07:00,2026-09-28T23:10:00Z,2026-09-28T23:10:00Z,15461059,99 Broadway B-Line/To Commercial-Broadway Station,0,0,https://gtfs-static.translink.ca/gtfs/google_transit.zip
26SEP_20260925,20260907,20270103,2026-09-28,weekday,99,away_from_ubc,departure,12057,61935,UBC Exchange @ Bay 7,2026-09-28T16:13:00-07:00,2026-09-28T16:13:00-07:00,2026-09-28T23:13:00Z,2026-09-28T23:13:00Z,15461060,99 Broadway B-Line/To Commercial-Broadway Station,0,0,https://gtfs-static.translink.ca/gtfs/google_transit.zip
26SEP_20260925,20260907,20270103,2026-09-28,weekday,99,away_from_ubc,departure,12057,61935,UBC Exchange @ Bay 7,2026-09-28T16:16:00-07:00,2026-09-28T16:16:00-07:00,2026-09-28T23:16:00Z,2026-09-28T23:16:00Z,15461061,99 Broadway B-Line/To Commercial-Broadway Station,0,0,https://gtfs-static.translink.ca/gtfs/google_transit.zip
26SEP_20260925,20260907,20270103,2026-09-28,weekday,99,away_from_ubc,departure,12057,61935,UBC Exchange @ Bay 7,2026-09-28T16:20:00-07:00,2026-09-28T16:20:00-07:00,2026-09-28T23:20:00Z,2026-09-28T23:20:00Z,15461062,99 Broadway B-Line/To Commercial-Broadway Station,0,0,https://gtfs-static.translink.ca/gtfs/google_transit.zip
26SEP_20260925,20260907,20270103,2026-09-28,weekday,99,away_from_ubc,departure,12057,61935,UBC Exchange @ Bay 7,2026-09-28T16:22:00-07:00,2026-09-28T16:22:00-07:00,2026-09-28T23:22:00Z,2026-09-28T23:22:00Z,15461063,99 Broadway B-Line/To Commercial-Broadway Station,0,0,https://gtfs-static.translink.ca/gtfs/google_transit.zip
26SEP_20260925,20260907,20270103,2026-09-28,weekday,99,away_from_ubc,departure,12057,61935,UBC Exchange @ Bay 7,2026-09-28T16:25:00-07:00,2026-09-28T16:25:00-07:00,2026-09-28T23:25:00Z,2026-09-28T23:25:00Z,15461064,99 Broadway B-Line/To Commercial-Broadway Station,0,0,https://gtfs-static.translink.ca/gtfs/google_transit.zip
26SEP_20260925,20260907,20270103,2026-09-28,weekday,99,away_from_ubc,departure,12057,61935,UBC Exchange @ Bay 7,2026-09-28T16:29:00-07:00,2026-09-28T16:29:00-07:00,2026-09-28T23:29:00Z,2026-09-28T23:29:00Z,15461065,99 Broadway B-Line/To Boundary Loop,0,0,https://gtfs-static.translink.ca/gtfs/google_transit.zip
26SEP_20260925,20260907,20270103,2026-09-28,weekday,99,away_from_ubc,departure,12057,61935,UBC Exchange @ Bay 7,2026-09-28T16:31:00-07:00,2026-09-28T16:31:00-07:00,2026-09-28T23:31:00Z,2026-09-28T23:31:00Z,15461066,99 Broadway B-Line/To Commercial-Broadway Station,0,0,https://gtfs-static.translink.ca/gtfs/google_transit.zip
26SEP_20260925,20260907,20270103,2026-09-28,weekday,99,away_from_ubc,departure,12057,61935,UBC Exchange @ Bay 7,2026-09-28T16:34:00-07:00,2026-09-28T16:34:00-07:00,2026-09-28T23:34:00Z,2026-09-28T23:34:00Z,15461067,99 Broadway B-Line/To Boundary Loop,0,0,https://gtfs-static.translink.ca/gtfs/google_transit.zip
26SEP_20260925,20260907,20270103,2026-09-28,weekday,99,away_from_ubc,departure,12057,61935,UBC Exchange @ Bay 7,2026-09-28T16:37:00-07:00,2026-09-28T16:37:00-07:00,2026-09-28T23:37:00Z,2026-09-28T23:37:00Z,15461068,99 Broadway B-Line/To Boundary Loop,0,0,https://gtfs-static.translink.ca/gtfs/google_transit.zip
26SEP_20260925,20260907,20270103,2026-09-28,weekday,99,away_from_ubc,departure,12057,61935,UBC Exchange @ Bay 7,2026-09-28T16:40:00-07:00,2026-09-28T16:40:00-07:00,2026-09-28T23:40:00Z,2026-09-28T23:40:00Z,15461069,99 Broadway B-Line/To Commercial-Broadway Station,0,0,https://gtfs-static.translink.ca/gtfs/google_transit.zip
26SEP_20260925,20260907,20270103,2026-09-28,weekday,99,away_from_ubc,departure,12057,61935,UBC Exchange @ Bay 7,2026-09-28T16:43:00-07:00,2026-09-28T16:43:00-07:00,2026-09-28T23:43:00Z,2026-09-28T23:43:00Z,15461070,99 Broadway B-Line/To Commercial-Broadway Station,0,0,https://gtfs-static.translink.ca/gtfs/google_transit.zip
26SEP_20260925,20260907,20270103,2026-09-28,weekday,99,away_from_ubc,departure,12057,61935,UBC Exchange @ Bay 7,2026-09-28T16:46:00-07:00,2026-09-28T16:46:00-07:00,2026-09-28T23:46:00Z,2026-09-28T23:46:00Z,15461071,99 Broadway B-Line/To Boundary Loop,0,0,https://gtfs-static.translink.ca/gtfs/google_transit.zip
26SEP_20260925,20260907,20270103,2026-09-28,weekday,99,away_from_ubc,departure,12057,61935,UBC Exchange @ Bay 7,2026-09-28T16:49:00-07:00,2026-09-28T16:49:00-07:00,2026-09-28T23:49:00Z,2026-09-28T23:49:00Z,15461072,99 Broadway B-Line/To Boundary Loop,0,0,https://gtfs-static.translink.ca/gtfs/google_transit.zip
26SEP_20260925,20260907,20270103,2026-09-28,weekday,99,away_from_ubc,departure,12057,61935,UBC Exchange @ Bay 7,2026-09-28T16:52:00-07:00,2026-09-28T16:52:00-07:00,2026-09-28T23:52:00Z,2026-09-28T23:52:00Z,15461073,99 Broadway B-Line/To Commercial-Broadway Station,0,0,https://gtfs-static.translink.ca/gtfs/google_transit.zip
26SEP_20260925,20260907,20270103,2026-09-28,weekday,99,away_from_ubc,departure,12057,61935,UBC Exchange @ Bay 7,2026-09-28T16:56:00-07:00,2026-09-28T16:56:00-07:00,2026-09-28T23:56:00Z,2026-09-28T23:56:00Z,15461074,99 Broadway B-Line/To Commercial-Broadway Station,0,0,https://gtfs-static.translink.ca/gtfs/google_transit.zip
26SEP_20260925,20260907,20270103,2026-09-28,weekday,99,away_from_ubc,departure,12057,61935,UBC Exchange @ Bay 7,2026-09-28T16:58:00-07:00,2026-09-28T16:58:00-07:00,2026-09-28T23:58:00Z,2026-09-28T23:58:00Z,15461075,99 Broadway B-Line/To Boundary Loop,0,0,https://gtfs-static.translink.ca/gtfs/google_transit.zip
26SEP_20260925,20260907,20270103,2026-09-28,weekday,99,away_from_ubc,departure,12057,61935,UBC Exchange @ Bay 7,2026-09-28T17:02:00-07:00,2026-09-28T17:02:00-07:00,2026-09-29T00:02:00Z,2026-09-29T00:02:00Z,15461076,99 Broadway B-Line/To Commercial-Broadway Station,0,0,https://gtfs-static.translink.ca/gtfs/google_transit.zip
26SEP_20260925,20260907,20270103,2026-09-28,weekday,99,away_from_ubc,departure,12057,61935,UBC Exchange @ Bay 7,2026-09-28T17:04:00-07:00,2026-09-28T17:04:00-07:00,2026-09-29T00:04:00Z,2026-09-29T00:04:00Z,15461077,99 Broadway B-Line/To Boundary Loop,0,0,https://gtfs-static.translink.ca/gtfs/google_transit.zip
26SEP_20260925,20260907,20270103,2026-09-28,weekday,99,away_from_ubc,departure,12057,61935,UBC Exchange @ Bay 7,2026-09-28T17:07:00-07:00,2026-09-28T17:07:00-07:00,2026-09-29T00:07:00Z,2026-09-29T00:07:00Z,15461078,99 Broadway B-Line/To Commercial-Broadway Station,0,0,https://gtfs-static.translink.ca/gtfs/google_transit.zip
26SEP_20260925,20260907,20270103,2026-09-28,weekday,99,away_from_ubc,departure,12057,61935,UBC Exchange @ Bay 7,2026-09-28T17:09:00-07:00,2026-09-28T17:09:00-07:00,2026-09-29T00:09:00Z,2026-09-29T00:09:00Z,15461079,99 Broadway B-Line/To Boundary Loop,0,0,https://gtfs-static.translink.ca/gtfs/google_transit.zip
26SEP_20260925,20260907,20270103,2026-09-28,weekday,99,away_from_ubc,departure,12057,61935,UBC Exchange @ Bay 7,2026-09-28T17:12:00-07:00,2026-09-28T17:12:00-07:00,2026-09-29T00:12:00Z,2026-09-29T00:12:00Z,15461080,99 Broadway B-Line/To Commercial-Broadway Station,0,0,https://gtfs-static.translink.ca/gtfs/google_transit.zip
26SEP_20260925,20260907,20270103,2026-09-28,weekday,99,away_from_ubc,departure,12057,61935,UBC Exchange @ Bay 7,2026-09-28T17:17:00-07:00,2026-09-28T17:17:00-07:00,2026-09-29T00:17:00Z,2026-09-29T00:17:00Z,15461081,99 Broadway B-Line/To Commercial-Broadway Station,0,0,https://gtfs-static.translink.ca/gtfs/google_transit.zip
26SEP_20260925,20260907,20270103,2026-09-28,weekday,99,away_from_ubc,departure,12057,61935,UBC Exchange @ Bay 7,2026-09-28T17:19:00-07:00,2026-09-28T17:19:00-07:00,2026-09-29T00:19:00Z,2026-09-29T00:19:00Z,15461082,99 Broadway B-Line/To Boundary Loop,0,0,https://gtfs-static.translink.ca/gtfs/google_transit.zip
26SEP_20260925,20260907,20270103,2026-09-28,weekday,99,away_from_ubc,departure,12057,61935,UBC Exchange @ Bay 7,2026-09-28T17:22:00-07:00,2026-09-28T17:22:00-07:00,2026-09-29T00:22:00Z,2026-09-29T00:22:00Z,15461083,99 Broadway B-Line/To Boundary Loop,0,0,https://gtfs-static.translink.ca/gtfs/google_transit.zip
26SEP_20260925,20260907,20270103,2026-09-28,weekday,99,away_from_ubc,departure,12057,61935,UBC Exchange @ Bay 7,2026-09-28T17:27:00-07:00,2026-09-28T17:27:00-07:00,2026-09-29T00:27:00Z,2026-09-29T00:27:00Z,15461084,99 Broadway B-Line/To Boundary Loop,0,0,https://gtfs-static.translink.ca/gtfs/google_transit.zip
26SEP_20260925,20260907,20270103,2026-09-28,weekday,99,away_from_ubc,departure,12057,61935,UBC Exchange @ Bay 7,2026-09-28T17:29:00-07:00,2026-09-28T17:29:00-07:00,2026-09-29T00:29:00Z,2026-09-29T00:29:00Z,15461085,99 Broadway B-Line/To Commercial-Broadway Station,0,0,https://gtfs-static.translink.ca/gtfs/google_transit.zip
26SEP_20260925,20260907,20270103,2026-09-28,weekday,99,away_from_ubc,departure,12057,61935,UBC Exchange @ Bay 7,2026-09-28T17:33:00-07:00,2026-09-28T17:33:00-07:00,2026-09-29T00:33:00Z,2026-09-29T00:33:00Z,15461086,99 Broadway B-Line/To Commercial-Broadway Station,0,0,https://gtfs-static.translink.ca/gtfs/google_transit.zip
26SEP_20260925,20260907,20270103,2026-09-28,weekday,99,away_from_ubc,departure,12057,61935,UBC Exchange @ Bay 7,2026-09-28T17:36:00-07:00,2026-09-28T17:36:00-07:00,2026-09-29T00:36:00Z,2026-09-29T00:36:00Z,15461087,99 Broadway B-Line/To Boundary Loop,0,0,https://gtfs-static.translink.ca/gtfs/google_transit.zip
26SEP_20260925,20260907,20270103,2026-09-28,weekday,99,away_from_ubc,departure,12057,61935,UBC Exchange @ Bay 7,2026-09-28T17:38:00-07:00,2026-09-28T17:38:00-07:00,2026-09-29T00:38:00Z,2026-09-29T00:38:00Z,15461088,99 Broadway B-Line/To Commercial-Broadway Station,0,0,https://gtfs-static.translink.ca/gtfs/google_transit.zip
26SEP_20260925,20260907,20270103,2026-09-28,weekday,99,away_from_ubc,departure,12057,61935,UBC Exchange @ Bay 7,2026-09-28T17:41:00-07:00,2026-09-28T17:41:00-07:00,2026-09-29T00:41:00Z,2026-09-29T00:41:00Z,15461089,99 Broadway B-Line/To Commercial-Broadway Station,0,0,https://gtfs-static.translink.ca/gtfs/google_transit.zip
26SEP_20260925,20260907,20270103,2026-09-28,weekday,99,away_from_ubc,departure,12057,61935,UBC Exchange @ Bay 7,2026-09-28T17:43:00-07:00,2026-09-28T17:43:00-07:00,2026-09-29T00:43:00Z,2026-09-29T00:43:00Z,15461090,99 Broadway B-Line/To Boundary Loop,0,0,https://gtfs-static.translink.ca/gtfs/google_transit.zip
26SEP_20260925,20260907,20270103,2026-09-28,weekday,99,away_from_ubc,departure,12057,61935,UBC Exchange @ Bay 7,2026-09-28T17:46:00-07:00,2026-09-28T17:46:00-07:00,2026-09-29T00:46:00Z,2026-09-29T00:46:00Z,15461091,99 Broadway B-Line/To Commercial-Broadway Station,0,0,https://gtfs-static.translink.ca/gtfs/google_transit.zip
26SEP_20260925,20260907,20270103,2026-09-28,weekday,99,away_from_ubc,departure,12057,61935,UBC Exchange @ Bay 7,2026-09-28T17:50:00-07:00,2026-09-28T17:50:00-07:00,2026-09-29T00:50:00Z,2026-09-29T00:50:00Z,15461092,99 Broadway B-Line/To Boundary Loop,0,0,https://gtfs-static.translink.ca/gtfs/google_transit.zip
26SEP_20260925,20260907,20270103,2026-09-28,weekday,99,away_from_ubc,departure,12057,61935,UBC Exchange @ Bay 7,2026-09-28T17:54:00-07:00,2026-09-28T17:54:00-07:00,2026-09-29T00:54:00Z,2026-09-29T00:54:00Z,15461093,99 Broadway B-Line/To Boundary Loop,0,0,https://gtfs-static.translink.ca/gtfs/google_transit.zip
26SEP_20260925,20260907,20270103,2026-09-28,weekday,99,away_from_ubc,departure,12057,61935,UBC Exchange @ Bay 7,2026-09-28T17:57:00-07:00,2026-09-28T17:57:00-07:00,2026-09-29T00:57:00Z,2026-09-29T00:57:00Z,15461094,99 Broadway B-Line/To Boundary Loop,0,0,https://gtfs-static.translink.ca/gtfs/google_transit.zip
26SEP_20260925,20260907,20270103,2026-09-28,weekday,99,away_from_ubc,departure,12057,61935,UBC Exchange @ Bay 7,2026-09-28T18:03:00-07:00,2026-09-28T18:03:00-07:00,2026-09-29T01:03:00Z,2026-09-29T01:03:00Z,15461095,99 Broadway B-Line/To Boundary Loop,0,0,https://gtfs-static.translink.ca/gtfs/google_transit.zip
26SEP_20260925,20260907,20270103,2026-09-28,weekday,99,away_from_ubc,departure,12057,61935,UBC Exchange @ Bay 7,2026-09-28T18:06:00-07:00,2026-09-28T18:06:00-07:00,2026-09-29T01:06:00Z,2026-09-29T01:06:00Z,15461096,99 Broadway B-Line/To Boundary Loop,0,0,https://gtfs-static.translink.ca/gtfs/google_transit.zip
26SEP_20260925,20260907,20270103,2026-09-28,weekday,99,away_from_ubc,departure,12057,61935,UBC Exchange @ Bay 7,2026-09-28T18:09:00-07:00,2026-09-28T18:09:00-07:00,2026-09-29T01:09:00Z,2026-09-29T01:09:00Z,15461097,99 Broadway B-Line/To Commercial-Broadway Station,0,0,https://gtfs-static.translink.ca/gtfs/google_transit.zip
26SEP_20260925,20260907,20270103,2026-09-28,weekday,99,away_from_ubc,departure,12057,61935,UBC Exchange @ Bay 7,2026-09-28T18:13:00-07:00,2026-09-28T18:13:00-07:00,2026-09-29T01:13:00Z,2026-09-29T01:13:00Z,15461098,99 Broadway B-Line/To Commercial-Broadway Station,0,0,https://gtfs-static.translink.ca/gtfs/google_transit.zip
26SEP_20260925,20260907,20270103,2026-09-28,weekday,99,away_from_ubc,departure,12057,61935,UBC Exchange @ Bay 7,2026-09-28T18:17:00-07:00,2026-09-28T18:17:00-07:00,2026-09-29T01:17:00Z,2026-09-29T01:17:00Z,15461099,99 Broadway B-Line/To Boundary Loop,0,0,https://gtfs-static.translink.ca/gtfs/google_transit.zip
26SEP_20260925,20260907,20270103,2026-09-28,weekday,99,away_from_ubc,departure,12057,61935,UBC Exchange @ Bay 7,2026-09-28T18:21:00-07:00,2026-09-28T18:21:00-07:00,2026-09-29T01:21:00Z,2026-09-29T01:21:00Z,15461100,99 Broadway B-Line/To Commercial-Broadway Station,0,0,https://gtfs-static.translink.ca/gtfs/google_transit.zip
26SEP_20260925,20260907,20270103,2026-09-28,weekday,99,away_from_ubc,departure,12057,61935,UBC Exchange @ Bay 7,2026-09-28T18:24:00-07:00,2026-09-28T18:24:00-07:00,2026-09-29T01:24:00Z,2026-09-29T01:24:00Z,15461101,99 Broadway B-Line/To Boundary Loop,0,0,https://gtfs-static.translink.ca/gtfs/google_transit.zip
26SEP_20260925,20260907,20270103,2026-09-28,weekday,99,away_from_ubc,departure,12057,61935,UBC Exchange @ Bay 7,2026-09-28T18:29:00-07:00,2026-09-28T18:29:00-07:00,2026-09-29T01:29:00Z,2026-09-29T01:29:00Z,15461102,99 Broadway B-Line/To Commercial-Broadway Station,0,0,https://gtfs-static.translink.ca/gtfs/google_transit.zip
26SEP_20260925,20260907,20270103,2026-09-28,weekday,99,away_from_ubc,departure,12057,61935,UBC Exchange @ Bay 7,2026-09-28T18:34:00-07:00,2026-09-28T18:34:00-07:00,2026-09-29T01:34:00Z,2026-09-29T01:34:00Z,15461103,99 Broadway B-Line/To Commercial-Broadway Station,0,0,https://gtfs-static.translink.ca/gtfs/google_transit.zip
26SEP_20260925,20260907,20270103,2026-09-28,weekday,99,away_from_ubc,departure,12057,61935,UBC Exchange @ Bay 7,2026-09-28T18:38:00-07:00,2026-09-28T18:38:00-07:00,2026-09-29T01:38:00Z,2026-09-29T01:38:00Z,15461104,99 Broadway B-Line/To Commercial-Broadway Station,0,0,https://gtfs-static.translink.ca/gtfs/google_transit.zip
26SEP_20260925,20260907,20270103,2026-09-28,weekday,99,away_from_ubc,departure,12057,61935,UBC Exchange @ Bay 7,2026-09-28T18:45:00-07:00,2026-09-28T18:45:00-07:00,2026-09-29T01:45:00Z,2026-09-29T01:45:00Z,15461105,99 Broadway B-Line/To Boundary Loop,0,0,https://gtfs-static.translink.ca/gtfs/google_transit.zip
26SEP_20260925,20260907,20270103,2026-09-28,weekday,99,away_from_ubc,departure,12057,61935,UBC Exchange @ Bay 7,2026-09-28T18:51:00-07:00,2026-09-28T18:51:00-07:00,2026-09-29T01:51:00Z,2026-09-29T01:51:00Z,15461106,99 Broadway B-Line/To Commercial-Broadway Station,0,0,https://gtfs-static.translink.ca/gtfs/google_transit.zip
26SEP_20260925,20260907,20270103,2026-09-28,weekday,99,away_from_ubc,departure,12057,61935,UBC Exchange @ Bay 7,2026-09-28T18:57:00-07:00,2026-09-28T18:57:00-07:00,2026-09-29T01:57:00Z,2026-09-29T01:57:00Z,15461107,99 Broadway B-Line/To Boundary Loop,0,0,https://gtfs-static.translink.ca/gtfs/google_transit.zip
26SEP_20260925,20260907,20270103,2026-09-28,weekday,99,away_from_ubc,departure,12057,61935,UBC Exchange @ Bay 7,2026-09-28T19:02:00-07:00,2026-09-28T19:02:00-07:00,2026-09-29T02:02:00Z,2026-09-29T02:02:00Z,15461108,99 Broadway B-Line/To Commercial-Broadway Station,0,0,https://gtfs-static.translink.ca/gtfs/google_transit.zip
26SEP_20260925,20260907,20270103,2026-09-28,weekday,99,away_from_ubc,departure,12057,61935,UBC Exchange @ Bay 7,2026-09-28T19:08:00-07:00,2026-09-28T19:08:00-07:00,2026-09-29T02:08:00Z,2026-09-29T02:08:00Z,15461109,99 Broadway B-Line/To Commercial-Broadway Station,0,0,https://gtfs-static.translink.ca/gtfs/google_transit.zip
26SEP_20260925,20260907,20270103,2026-09-28,weekday,99,away_from_ubc,departure,12057,61935,UBC Exchange @ Bay 7,2026-09-28T19:18:00-07:00,2026-09-28T19:18:00-07:00,2026-09-29T02:18:00Z,2026-09-29T02:18:00Z,15461110,99 Broadway B-Line/To Boundary Loop,0,0,https://gtfs-static.translink.ca/gtfs/google_transit.zip
26SEP_20260925,20260907,20270103,2026-09-28,weekday,99,away_from_ubc,departure,12057,61935,UBC Exchange @ Bay 7,2026-09-28T19:21:00-07:00,2026-09-28T19:21:00-07:00,2026-09-29T02:21:00Z,2026-09-29T02:21:00Z,15461111,99 Broadway B-Line/To Commercial-Broadway Station,0,0,https://gtfs-static.translink.ca/gtfs/google_transit.zip
26SEP_20260925,20260907,20270103,2026-09-28,weekday,99,away_from_ubc,departure,12057,61935,UBC Exchange @ Bay 7,2026-09-28T19:28:00-07:00,2026-09-28T19:28:00-07:00,2026-09-29T02:28:00Z,2026-09-29T02:28:00Z,15461112,99 Broadway B-Line/To Commercial-Broadway Station,0,0,https://gtfs-static.translink.ca/gtfs/google_transit.zip
26SEP_20260925,20260907,20270103,2026-09-28,weekday,99,away_from_ubc,departure,12057,61935,UBC Exchange @ Bay 7,2026-09-28T19:35:00-07:00,2026-09-28T19:35:00-07:00,2026-09-29T02:35:00Z,2026-09-29T02:35:00Z,15461113,99 Broadway B-Line/To Boundary Loop,0,0,https://gtfs-static.translink.ca/gtfs/google_transit.zip
26SEP_20260925,20260907,20270103,2026-09-28,weekday,99,away_from_ubc,departure,12057,61935,UBC Exchange @ Bay 7,2026-09-28T19:42:00-07:00,2026-09-28T19:42:00-07:00,2026-09-29T02:42:00Z,2026-09-29T02:42:00Z,15461114,99 Broadway B-Line/To Commercial-Broadway Station,0,0,https://gtfs-static.translink.ca/gtfs/google_transit.zip
26SEP_20260925,20260907,20270103,2026-09-28,weekday,99,away_from_ubc,departure,12057,61935,UBC Exchange @ Bay 7,2026-09-28T19:49:00-07:00,2026-09-28T19:49:00-07:00,2026-09-29T02:49:00Z,2026-09-29T02:49:00Z,15461115,99 Broadway B-Line/To Commercial-Broadway Station,0,0,https://gtfs-static.translink.ca/gtfs/google_transit.zip
26SEP_20260925,20260907,20270103,2026-09-28,weekday,99,away_from_ubc,departure,12057,61935,UBC Exchange @ Bay 7,2026-09-28T19:56:00-07:00,2026-09-28T19:56:00-07:00,2026-09-29T02:56:00Z,2026-09-29T02:56:00Z,15461116,99 Broadway B-Line/To Commercial-Broadway Station,0,0,https://gtfs-static.translink.ca/gtfs/google_transit.zip
26SEP_20260925,20260907,20270103,2026-09-28,weekday,99,away_from_ubc,departure,12057,61935,UBC Exchange @ Bay 7,2026-09-28T20:05:00-07:00,2026-09-28T20:05:00-07:00,2026-09-29T03:05:00Z,2026-09-29T03:05:00Z,15461117,99 Broadway B-Line/To Commercial-Broadway Station,0,0,https://gtfs-static.translink.ca/gtfs/google_transit.zip
26SEP_20260925,20260907,20270103,2026-09-28,weekday,99,away_from_ubc,departure,12057,61935,UBC Exchange @ Bay 7,2026-09-28T20:13:00-07:00,2026-09-28T20:13:00-07:00,2026-09-29T03:13:00Z,2026-09-29T03:13:00Z,15461118,99 Broadway B-Line/To Boundary Loop,0,0,https://gtfs-static.translink.ca/gtfs/google_transit.zip
26SEP_20260925,20260907,20270103,2026-09-28,weekday,99,away_from_ubc,departure,12057,61935,UBC Exchange @ Bay 7,2026-09-28T20:21:00-07:00,2026-09-28T20:21:00-07:00,2026-09-29T03:21:00Z,2026-09-29T03:21:00Z,15461119,99 Broadway B-Line/To Boundary Loop,0,0,https://gtfs-static.translink.ca/gtfs/google_transit.zip
26SEP_20260925,20260907,20270103,2026-09-28,weekday,99,away_from_ubc,departure,12057,61935,UBC Exchange @ Bay 7,2026-09-28T20:28:00-07:00,2026-09-28T20:28:00-07:00,2026-09-29T03:28:00Z,2026-09-29T03:28:00Z,15461120,99 Broadway B-Line/To Commercial-Broadway Station,0,0,https://gtfs-static.translink.ca/gtfs/google_transit.zip
26SEP_20260925,20260907,20270103,2026-09-28,weekday,99,away_from_ubc,departure,12057,61935,UBC Exchange @ Bay 7,2026-09-28T20:36:00-07:00,2026-09-28T20:36:00-07:00,2026-09-29T03:36:00Z,2026-09-29T03:36:00Z,15461121,99 Broadway B-Line/To Commercial-Broadway Station,0,0,https://gtfs-static.translink.ca/gtfs/google_transit.zip
26SEP_20260925,20260907,20270103,2026-09-28,weekday,99,away_from_ubc,departure,12057,61935,UBC Exchange @ Bay 7,2026-09-28T20:46:00-07:00,2026-09-28T20:46:00-07:00,2026-09-29T03:46:00Z,2026-09-29T03:46:00Z,15461122,99 Broadway B-Line/To Boundary Loop,0,0,https://gtfs-static.translink.ca/gtfs/google_transit.zip
26SEP_20260925,20260907,20270103,2026-09-28,weekday,99,away_from_ubc,departure,12057,61935,UBC Exchange @ Bay 7,2026-09-28T20:56:00-07:00,2026-09-28T20:56:00-07:00,2026-09-29T03:56:00Z,2026-09-29T03:56:00Z,15461123,99 Broadway B-Line/To Boundary Loop,0,0,https://gtfs-static.translink.ca/gtfs/google_transit.zip
26SEP_20260925,20260907,20270103,2026-09-28,weekday,99,away_from_ubc,departure,12057,61935,UBC Exchange @ Bay 7,2026-09-28T21:06:00-07:00,2026-09-28T21:06:00-07:00,2026-09-29T04:06:00Z,2026-09-29T04:06:00Z,15461124,99 Broadway B-Line/To Commercial-Broadway Station,0,0,https://gtfs-static.translink.ca/gtfs/google_transit.zip
26SEP_20260925,20260907,20270103,2026-09-28,weekday,99,away_from_ubc,departure,12057,61935,UBC Exchange @ Bay 7,2026-09-28T21:16:00-07:00,2026-09-28T21:16:00-07:00,2026-09-29T04:16:00Z,2026-09-29T04:16:00Z,15461125,99 Broadway B-Line/To Boundary Loop,0,0,https://gtfs-static.translink.ca/gtfs/google_transit.zip
26SEP_20260925,20260907,20270103,2026-09-28,weekday,99,away_from_ubc,departure,12057,61935,UBC Exchange @ Bay 7,2026-09-28T21:25:00-07:00,2026-09-28T21:25:00-07:00,2026-09-29T04:25:00Z,2026-09-29T04:25:00Z,15461126,99 Broadway B-Line/To Commercial-Broadway Station,0,0,https://gtfs-static.translink.ca/gtfs/google_transit.zip
26SEP_20260925,20260907,20270103,2026-09-28,weekday,99,away_from_ubc,departure,12057,61935,UBC Exchange @ Bay 7,2026-09-28T21:36:00-07:00,2026-09-28T21:36:00-07:00,2026-09-29T04:36:00Z,2026-09-29T04:36:00Z,15461127,99 Broadway B-Line/To Commercial-Broadway Station,0,0,https://gtfs-static.translink.ca/gtfs/google_transit.zip
26SEP_20260925,20260907,20270103,2026-09-28,weekday,99,away_from_ubc,departure,12057,61935,UBC Exchange @ Bay 7,2026-09-28T21:46:00-07:00,2026-09-28T21:46:00-07:00,2026-09-29T04:46:00Z,2026-09-29T04:46:00Z,15461128,99 Broadway B-Line/To Commercial-Broadway Station,0,0,https://gtfs-static.translink.ca/gtfs/google_transit.zip
26SEP_20260925,20260907,20270103,2026-09-28,weekday,99,away_from_ubc,departure,12057,61935,UBC Exchange @ Bay 7,2026-09-28T21:58:00-07:00,2026-09-28T21:58:00-07:00,2026-09-29T04:58:00Z,2026-09-29T04:58:00Z,15461129,99 Broadway B-Line/To Commercial-Broadway Station,0,0,https://gtfs-static.translink.ca/gtfs/google_transit.zip
26SEP_20260925,20260907,20270103,2026-09-28,weekday,99,away_from_ubc,departure,12057,61935,UBC Exchange @ Bay 7,2026-09-28T22:13:00-07:00,2026-09-28T22:13:00-07:00,2026-09-29T05:13:00Z,2026-09-29T05:13:00Z,15461130,99 Broadway B-Line/To Boundary Loop,0,0,https://gtfs-static.translink.ca/gtfs/google_transit.zip
26SEP_20260925,20260907,20270103,2026-09-28,weekday,99,away_from_ubc,departure,12057,61935,UBC Exchange @ Bay 7,2026-09-28T22:28:00-07:00,2026-09-28T22:28:00-07:00,2026-09-29T05:28:00Z,2026-09-29T05:28:00Z,15461131,99 Broadway B-Line/To Commercial-Broadway Station,0,0,https://gtfs-static.translink.ca/gtfs/google_transit.zip
26SEP_20260925,20260907,20270103,2026-09-28,weekday,99,away_from_ubc,departure,12057,61935,UBC Exchange @ Bay 7,2026-09-28T22:43:00-07:00,2026-09-28T22:43:00-07:00,2026-09-29T05:43:00Z,2026-09-29T05:43:00Z,15461132,99 Broadway B-Line/To Commercial-Broadway Station,0,0,https://gtfs-static.translink.ca/gtfs/google_transit.zip
26SEP_20260925,20260907,20270103,2026-09-28,weekday,99,away_from_ubc,departure,12057,61935,UBC Exchange @ Bay 7,2026-09-28T22:58:00-07:00,2026-09-28T22:58:00-07:00,2026-09-29T05:58:00Z,2026-09-29T05:58:00Z,15461133,99 Broadway B-Line/To Commercial-Broadway Station,0,0,https://gtfs-static.translink.ca/gtfs/google_transit.zip
26SEP_20260925,20260907,20270103,2026-09-28,weekday,99,away_from_ubc,departure,12057,61935,UBC Exchange @ Bay 7,2026-09-28T23:13:00-07:00,2026-09-28T23:13:00-07:00,2026-09-29T06:13:00Z,2026-09-29T06:13:00Z,15461134,99 Broadway B-Line/To Commercial-Broadway Station,0,0,https://gtfs-static.translink.ca/gtfs/google_transit.zip
26SEP_20260925,20260907,20270103,2026-09-28,weekday,99,away_from_ubc,departure,12057,61935,UBC Exchange @ Bay 7,2026-09-28T23:28:00-07:00,2026-09-28T23:28:00-07:00,2026-09-29T06:28:00Z,2026-09-29T06:28:00Z,15461135,99 Broadway B-Line/To Commercial-Broadway Station,0,0,https://gtfs-static.translink.ca/gtfs/google_transit.zip
26SEP_20260925,20260907,20270103,2026-09-28,weekday,99,away_from_ubc,departure,12057,61935,UBC Exchange @ Bay 7,2026-09-28T23:43:00-07:00,2026-09-28T23:43:00-07:00,2026-09-29T06:43:00Z,2026-09-29T06:43:00Z,15461136,99 Broadway B-Line/To Commercial-Broadway Station,0,0,https://gtfs-static.translink.ca/gtfs/google_transit.zip
26SEP_20260925,20260907,20270103,2026-09-28,weekday,99,away_from_ubc,departure,12057,61935,UBC Exchange @ Bay 7,2026-09-28T23:58:00-07:00,2026-09-28T23:58:00-07:00,2026-09-29T06:58:00Z,2026-09-29T06:58:00Z,15461137,99 Broadway B-Line/To Commercial-Broadway Station,0,0,https://gtfs-static.translink.ca/gtfs/google_transit.zip
26SEP_20260925,20260907,20270103,2026-09-28,weekday,99,away_from_ubc,departure,12057,61935,UBC Exchange @ Bay 7,2026-09-29T00:13:00-07:00,2026-09-29T00:13:00-07:00,2026-09-29T07:13:00Z,2026-09-29T07:13:00Z,15461138,99 Broadway B-Line/To Commercial-Broadway Station,0,0,https://gtfs-static.translink.ca/gtfs/google_transit.zip
26SEP_20260925,20260907,20270103,2026-09-28,weekday,99,away_from_ubc,departure,12057,61935,UBC Exchange @ Bay 7,2026-09-29T00:28:00-07:00,2026-09-29T00:28:00-07:00,2026-09-29T07:28:00Z,2026-09-29T07:28:00Z,15461139,99 Broadway B-Line/To Commercial-Broadway Station,0,0,https://gtfs-static.translink.ca/gtfs/google_transit.zip
26SEP_20260925,20260907,20270103,2026-09-28,weekday,99,away_from_ubc,departure,12057,61935,UBC Exchange @ Bay 7,2026-09-29T00:43:00-07:00,2026-09-29T00:43:00-07:00,2026-09-29T07:43:00Z,2026-09-29T07:43:00Z,15461140,99 Broadway B-Line/To Commercial-Broadway Station,0,0,https://gtfs-static.translink.ca/gtfs/google_transit.zip
26SEP_20260925,20260907,20270103,2026-09-28,weekday,99,away_from_ubc,departure,12057,61935,UBC Exchange @ Bay 7,2026-09-29T00:58:00-07:00,2026-09-29T00:58:00-07:00,2026-09-29T07:58:00Z,2026-09-29T07:58:00Z,15461141,99 Broadway B-Line/To Commercial-Broadway Station,0,0,https://gtfs-static.translink.ca/gtfs/google_transit.zip
26SEP_20260925,20260907,20270103,2026-09-28,weekday,99,away_from_ubc,departure,12057,61935,UBC Exchange @ Bay 7,2026-09-29T01:13:00-07:00,2026-09-29T01:13:00-07:00,2026-09-29T08:13:00Z,2026-09-29T08:13:00Z,15461142,99 Broadway B-Line/To Commercial-Broadway Station,0,0,https://gtfs-static.translink.ca/gtfs/google_transit.zip
26SEP_20260925,20260907,20270103,2026-09-28,weekday,99,away_from_ubc,departure,12057,61935,UBC Exchange @ Bay 7,2026-09-29T01:41:00-07:00,2026-09-29T01:41:00-07:00,2026-09-29T08:41:00Z,2026-09-29T08:41:00Z,15461144,99 Broadway B-Line/To Boundary Loop,0,0,https://gtfs-static.translink.ca/gtfs/google_transit.zip
26SEP_20260925,20260907,20270103,2026-09-28,weekday,99,away_from_ubc,departure,12057,61935,UBC Exchange @ Bay 7,2026-09-29T02:13:00-07:00,2026-09-29T02:13:00-07:00,2026-09-29T09:13:00Z,2026-09-29T09:13:00Z,15461145,99 Broadway B-Line/To Commercial-Broadway Station,0,0,https://gtfs-static.translink.ca/gtfs/google_transit.zip
26SEP_20260925,20260907,20270103,2026-09-28,weekday,99,away_from_ubc,departure,12057,61935,UBC Exchange @ Bay 7,2026-09-29T02:48:00-07:00,2026-09-29T02:48:00-07:00,2026-09-29T09:48:00Z,2026-09-29T09:48:00Z,15461146,99 Broadway B-Line/To Boundary Loop,0,0,https://gtfs-static.translink.ca/gtfs/google_transit.zip
26SEP_20260925,20260907,20270103,2026-09-28,weekday,99,toward_ubc,arrival,12600,60358,UBC Exchange @ Unloading Only,2026-09-28T06:18:00-07:00,2026-09-28T06:18:00-07:00,2026-09-28T13:18:00Z,2026-09-28T13:18:00Z,15461152,99 Broadway B-Line/To UBC Exchange,1,0,https://gtfs-static.translink.ca/gtfs/google_transit.zip
26SEP_20260925,20260907,20270103,2026-09-28,weekday,99,toward_ubc,arrival,12600,60358,UBC Exchange @ Unloading Only,2026-09-28T06:32:00-07:00,2026-09-28T06:32:00-07:00,2026-09-28T13:32:00Z,2026-09-28T13:32:00Z,15461154,99 Broadway B-Line/To UBC Exchange,1,0,https://gtfs-static.translink.ca/gtfs/google_transit.zip
26SEP_20260925,20260907,20270103,2026-09-28,weekday,99,toward_ubc,arrival,12600,60358,UBC Exchange @ Unloading Only,2026-09-28T06:44:00-07:00,2026-09-28T06:44:00-07:00,2026-09-28T13:44:00Z,2026-09-28T13:44:00Z,15461155,99 Broadway B-Line/To UBC Exchange,1,0,https://gtfs-static.translink.ca/gtfs/google_transit.zip
26SEP_20260925,20260907,20270103,2026-09-28,weekday,99,toward_ubc,arrival,12600,60358,UBC Exchange @ Unloading Only,2026-09-28T06:49:00-07:00,2026-09-28T06:49:00-07:00,2026-09-28T13:49:00Z,2026-09-28T13:49:00Z,15461156,99 Broadway B-Line/To UBC Exchange,1,0,https://gtfs-static.translink.ca/gtfs/google_transit.zip
26SEP_20260925,20260907,20270103,2026-09-28,weekday,99,toward_ubc,arrival,12600,60358,UBC Exchange @ Unloading Only,2026-09-28T06:54:00-07:00,2026-09-28T06:54:00-07:00,2026-09-28T13:54:00Z,2026-09-28T13:54:00Z,15461157,99 Broadway B-Line/To UBC Exchange,1,0,https://gtfs-static.translink.ca/gtfs/google_transit.zip
26SEP_20260925,20260907,20270103,2026-09-28,weekday,99,toward_ubc,arrival,12600,60358,UBC Exchange @ Unloading Only,2026-09-28T06:59:00-07:00,2026-09-28T06:59:00-07:00,2026-09-28T13:59:00Z,2026-09-28T13:59:00Z,15461158,99 Broadway B-Line/To UBC Exchange,1,0,https://gtfs-static.translink.ca/gtfs/google_transit.zip
26SEP_20260925,20260907,20270103,2026-09-28,weekday,99,toward_ubc,arrival,12600,60358,UBC Exchange @ Unloading Only,2026-09-28T07:02:00-07:00,2026-09-28T07:02:00-07:00,2026-09-28T14:02:00Z,2026-09-28T14:02:00Z,15461159,99 Broadway B-Line/To UBC Exchange,1,0,https://gtfs-static.translink.ca/gtfs/google_transit.zip
26SEP_20260925,20260907,20270103,2026-09-28,weekday,99,toward_ubc,arrival,12600,60358,UBC Exchange @ Unloading Only,2026-09-28T07:06:00-07:00,2026-09-28T07:06:00-07:00,2026-09-28T14:06:00Z,2026-09-28T14:06:00Z,15461160,99 Broadway B-Line/To UBC Exchange,1,0,https://gtfs-static.translink.ca/gtfs/google_transit.zip
26SEP_20260925,20260907,20270103,2026-09-28,weekday,99,toward_ubc,arrival,12600,60358,UBC Exchange @ Unloading Only,2026-09-28T07:10:00-07:00,2026-09-28T07:10:00-07:00,2026-09-28T14:10:00Z,2026-09-28T14:10:00Z,15461161,99 Broadway B-Line/To UBC Exchange,1,0,https://gtfs-static.translink.ca/gtfs/google_transit.zip
26SEP_20260925,20260907,20270103,2026-09-28,weekday,99,toward_ubc,arrival,12600,60358,UBC Exchange @ Unloading Only,2026-09-28T07:13:00-07:00,2026-09-28T07:13:00-07:00,2026-09-28T14:13:00Z,2026-09-28T14:13:00Z,15461377,99 Broadway B-Line/To UBC Exchange,1,0,https://gtfs-static.translink.ca/gtfs/google_transit.zip
26SEP_20260925,20260907,20270103,2026-09-28,weekday,99,toward_ubc,arrival,12600,60358,UBC Exchange @ Unloading Only,2026-09-28T07:14:00-07:00,2026-09-28T07:14:00-07:00,2026-09-28T14:14:00Z,2026-09-28T14:14:00Z,15461162,99 Broadway B-Line/To UBC Exchange,1,0,https://gtfs-static.translink.ca/gtfs/google_transit.zip
26SEP_20260925,20260907,20270103,2026-09-28,weekday,99,toward_ubc,arrival,12600,60358,UBC Exchange @ Unloading Only,2026-09-28T07:20:00-07:00,2026-09-28T07:20:00-07:00,2026-09-28T14:20:00Z,2026-09-28T14:20:00Z,15461163,99 Broadway B-Line/To UBC Exchange,1,0,https://gtfs-static.translink.ca/gtfs/google_transit.zip
26SEP_20260925,20260907,20270103,2026-09-28,weekday,99,toward_ubc,arrival,12600,60358,UBC Exchange @ Unloading Only,2026-09-28T07:23:00-07:00,2026-09-28T07:23:00-07:00,2026-09-28T14:23:00Z,2026-09-28T14:23:00Z,15461164,99 Broadway B-Line/To UBC Exchange,1,0,https://gtfs-static.translink.ca/gtfs/google_transit.zip
26SEP_20260925,20260907,20270103,2026-09-28,weekday,99,toward_ubc,arrival,12600,60358,UBC Exchange @ Unloading Only,2026-09-28T07:26:00-07:00,2026-09-28T07:26:00-07:00,2026-09-28T14:26:00Z,2026-09-28T14:26:00Z,15461165,99 Broadway B-Line/To UBC Exchange,1,0,https://gtfs-static.translink.ca/gtfs/google_transit.zip
26SEP_20260925,20260907,20270103,2026-09-28,weekday,99,toward_ubc,arrival,12600,60358,UBC Exchange @ Unloading Only,2026-09-28T07:32:00-07:00,2026-09-28T07:32:00-07:00,2026-09-28T14:32:00Z,2026-09-28T14:32:00Z,15461166,99 Broadway B-Line/To UBC Exchange,1,0,https://gtfs-static.translink.ca/gtfs/google_transit.zip
26SEP_20260925,20260907,20270103,2026-09-28,weekday,99,toward_ubc,arrival,12600,60358,UBC Exchange @ Unloading Only,2026-09-28T07:36:00-07:00,2026-09-28T07:36:00-07:00,2026-09-28T14:36:00Z,2026-09-28T14:36:00Z,15461167,99 Broadway B-Line/To UBC Exchange,1,0,https://gtfs-static.translink.ca/gtfs/google_transit.zip
26SEP_20260925,20260907,20270103,2026-09-28,weekday,99,toward_ubc,arrival,12600,60358,UBC Exchange @ Unloading Only,2026-09-28T07:39:00-07:00,2026-09-28T07:39:00-07:00,2026-09-28T14:39:00Z,2026-09-28T14:39:00Z,15461168,99 Broadway B-Line/To UBC Exchange,1,0,https://gtfs-static.translink.ca/gtfs/google_transit.zip
26SEP_20260925,20260907,20270103,2026-09-28,weekday,99,toward_ubc,arrival,12600,60358,UBC Exchange @ Unloading Only,2026-09-28T07:42:00-07:00,2026-09-28T07:42:00-07:00,2026-09-28T14:42:00Z,2026-09-28T14:42:00Z,15461169,99 Broadway B-Line/To UBC Exchange,1,0,https://gtfs-static.translink.ca/gtfs/google_transit.zip
26SEP_20260925,20260907,20270103,2026-09-28,weekday,99,toward_ubc,arrival,12600,60358,UBC Exchange @ Unloading Only,2026-09-28T07:45:00-07:00,2026-09-28T07:45:00-07:00,2026-09-28T14:45:00Z,2026-09-28T14:45:00Z,15461170,99 Broadway B-Line/To UBC Exchange,1,0,https://gtfs-static.translink.ca/gtfs/google_transit.zip
26SEP_20260925,20260907,20270103,2026-09-28,weekday,99,toward_ubc,arrival,12600,60358,UBC Exchange @ Unloading Only,2026-09-28T07:48:00-07:00,2026-09-28T07:48:00-07:00,2026-09-28T14:48:00Z,2026-09-28T14:48:00Z,15461171,99 Broadway B-Line/To UBC Exchange,1,0,https://gtfs-static.translink.ca/gtfs/google_transit.zip
26SEP_20260925,20260907,20270103,2026-09-28,weekday,99,toward_ubc,arrival,12600,60358,UBC Exchange @ Unloading Only,2026-09-28T07:50:00-07:00,2026-09-28T07:50:00-07:00,2026-09-28T14:50:00Z,2026-09-28T14:50:00Z,15461172,99 Broadway B-Line/To UBC Exchange,1,0,https://gtfs-static.translink.ca/gtfs/google_transit.zip
26SEP_20260925,20260907,20270103,2026-09-28,weekday,99,toward_ubc,arrival,12600,60358,UBC Exchange @ Unloading Only,2026-09-28T07:52:00-07:00,2026-09-28T07:52:00-07:00,2026-09-28T14:52:00Z,2026-09-28T14:52:00Z,15461173,99 Broadway B-Line/To UBC Exchange,1,0,https://gtfs-static.translink.ca/gtfs/google_transit.zip
26SEP_20260925,20260907,20270103,2026-09-28,weekday,99,toward_ubc,arrival,12600,60358,UBC Exchange @ Unloading Only,2026-09-28T07:56:00-07:00,2026-09-28T07:56:00-07:00,2026-09-28T14:56:00Z,2026-09-28T14:56:00Z,15461174,99 Broadway B-Line/To UBC Exchange,1,0,https://gtfs-static.translink.ca/gtfs/google_transit.zip
26SEP_20260925,20260907,20270103,2026-09-28,weekday,99,toward_ubc,arrival,12600,60358,UBC Exchange @ Unloading Only,2026-09-28T08:01:00-07:00,2026-09-28T08:01:00-07:00,2026-09-28T15:01:00Z,2026-09-28T15:01:00Z,15461175,99 Broadway B-Line/To UBC Exchange,1,0,https://gtfs-static.translink.ca/gtfs/google_transit.zip
26SEP_20260925,20260907,20270103,2026-09-28,weekday,99,toward_ubc,arrival,12600,60358,UBC Exchange @ Unloading Only,2026-09-28T08:04:00-07:00,2026-09-28T08:04:00-07:00,2026-09-28T15:04:00Z,2026-09-28T15:04:00Z,15461176,99 Broadway B-Line/To UBC Exchange,1,0,https://gtfs-static.translink.ca/gtfs/google_transit.zip
26SEP_20260925,20260907,20270103,2026-09-28,weekday,99,toward_ubc,arrival,12600,60358,UBC Exchange @ Unloading Only,2026-09-28T08:06:00-07:00,2026-09-28T08:06:00-07:00,2026-09-28T15:06:00Z,2026-09-28T15:06:00Z,15461177,99 Broadway B-Line/To UBC Exchange,1,0,https://gtfs-static.translink.ca/gtfs/google_transit.zip
26SEP_20260925,20260907,20270103,2026-09-28,weekday,99,toward_ubc,arrival,12600,60358,UBC Exchange @ Unloading Only,2026-09-28T08:09:00-07:00,2026-09-28T08:09:00-07:00,2026-09-28T15:09:00Z,2026-09-28T15:09:00Z,15461178,99 Broadway B-Line/To UBC Exchange,1,0,https://gtfs-static.translink.ca/gtfs/google_transit.zip
26SEP_20260925,20260907,20270103,2026-09-28,weekday,99,toward_ubc,arrival,12600,60358,UBC Exchange @ Unloading Only,2026-09-28T08:14:00-07:00,2026-09-28T08:14:00-07:00,2026-09-28T15:14:00Z,2026-09-28T15:14:00Z,15461179,99 Broadway B-Line/To UBC Exchange,1,0,https://gtfs-static.translink.ca/gtfs/google_transit.zip
26SEP_20260925,20260907,20270103,2026-09-28,weekday,99,toward_ubc,arrival,12600,60358,UBC Exchange @ Unloading Only,2026-09-28T08:17:00-07:00,2026-09-28T08:17:00-07:00,2026-09-28T15:17:00Z,2026-09-28T15:17:00Z,15461180,99 Broadway B-Line/To UBC Exchange,1,0,https://gtfs-static.translink.ca/gtfs/google_transit.zip
26SEP_20260925,20260907,20270103,2026-09-28,weekday,99,toward_ubc,arrival,12600,60358,UBC Exchange @ Unloading Only,2026-09-28T08:20:00-07:00,2026-09-28T08:20:00-07:00,2026-09-28T15:20:00Z,2026-09-28T15:20:00Z,15461181,99 Broadway B-Line/To UBC Exchange,1,0,https://gtfs-static.translink.ca/gtfs/google_transit.zip
26SEP_20260925,20260907,20270103,2026-09-28,weekday,99,toward_ubc,arrival,12600,60358,UBC Exchange @ Unloading Only,2026-09-28T08:23:00-07:00,2026-09-28T08:23:00-07:00,2026-09-28T15:23:00Z,2026-09-28T15:23:00Z,15461182,99 Broadway B-Line/To UBC Exchange,1,0,https://gtfs-static.translink.ca/gtfs/google_transit.zip
26SEP_20260925,20260907,20270103,2026-09-28,weekday,99,toward_ubc,arrival,12600,60358,UBC Exchange @ Unloading Only,2026-09-28T08:27:00-07:00,2026-09-28T08:27:00-07:00,2026-09-28T15:27:00Z,2026-09-28T15:27:00Z,15461183,99 Broadway B-Line/To UBC Exchange,1,0,https://gtfs-static.translink.ca/gtfs/google_transit.zip
26SEP_20260925,20260907,20270103,2026-09-28,weekday,99,toward_ubc,arrival,12600,60358,UBC Exchange @ Unloading Only,2026-09-28T08:32:00-07:00,2026-09-28T08:32:00-07:00,2026-09-28T15:32:00Z,2026-09-28T15:32:00Z,15461184,99 Broadway B-Line/To UBC Exchange,1,0,https://gtfs-static.translink.ca/gtfs/google_transit.zip
26SEP_20260925,20260907,20270103,2026-09-28,weekday,99,toward_ubc,arrival,12600,60358,UBC Exchange @ Unloading Only,2026-09-28T08:34:00-07:00,2026-09-28T08:34:00-07:00,2026-09-28T15:34:00Z,2026-09-28T15:34:00Z,15461185,99 Broadway B-Line/To UBC Exchange,1,0,https://gtfs-static.translink.ca/gtfs/google_transit.zip
26SEP_20260925,20260907,20270103,2026-09-28,weekday,99,toward_ubc,arrival,12600,60358,UBC Exchange @ Unloading Only,2026-09-28T08:38:00-07:00,2026-09-28T08:38:00-07:00,2026-09-28T15:38:00Z,2026-09-28T15:38:00Z,15461186,99 Broadway B-Line/To UBC Exchange,1,0,https://gtfs-static.translink.ca/gtfs/google_transit.zip
26SEP_20260925,20260907,20270103,2026-09-28,weekday,99,toward_ubc,arrival,12600,60358,UBC Exchange @ Unloading Only,2026-09-28T08:40:00-07:00,2026-09-28T08:40:00-07:00,2026-09-28T15:40:00Z,2026-09-28T15:40:00Z,15461187,99 Broadway B-Line/To UBC Exchange,1,0,https://gtfs-static.translink.ca/gtfs/google_transit.zip
26SEP_20260925,20260907,20270103,2026-09-28,weekday,99,toward_ubc,arrival,12600,60358,UBC Exchange @ Unloading Only,2026-09-28T08:43:00-07:00,2026-09-28T08:43:00-07:00,2026-09-28T15:43:00Z,2026-09-28T15:43:00Z,15461188,99 Broadway B-Line/To UBC Exchange,1,0,https://gtfs-static.translink.ca/gtfs/google_transit.zip
26SEP_20260925,20260907,20270103,2026-09-28,weekday,99,toward_ubc,arrival,12600,60358,UBC Exchange @ Unloading Only,2026-09-28T08:47:00-07:00,2026-09-28T08:47:00-07:00,2026-09-28T15:47:00Z,2026-09-28T15:47:00Z,15461189,99 Broadway B-Line/To UBC Exchange,1,0,https://gtfs-static.translink.ca/gtfs/google_transit.zip
26SEP_20260925,20260907,20270103,2026-09-28,weekday,99,toward_ubc,arrival,12600,60358,UBC Exchange @ Unloading Only,2026-09-28T08:51:00-07:00,2026-09-28T08:51:00-07:00,2026-09-28T15:51:00Z,2026-09-28T15:51:00Z,15461190,99 Broadway B-Line/To UBC Exchange,1,0,https://gtfs-static.translink.ca/gtfs/google_transit.zip
26SEP_20260925,20260907,20270103,2026-09-28,weekday,99,toward_ubc,arrival,12600,60358,UBC Exchange @ Unloading Only,2026-09-28T08:55:00-07:00,2026-09-28T08:55:00-07:00,2026-09-28T15:55:00Z,2026-09-28T15:55:00Z,15461191,99 Broadway B-Line/To UBC Exchange,1,0,https://gtfs-static.translink.ca/gtfs/google_transit.zip
26SEP_20260925,20260907,20270103,2026-09-28,weekday,99,toward_ubc,arrival,12600,60358,UBC Exchange @ Unloading Only,2026-09-28T08:57:00-07:00,2026-09-28T08:57:00-07:00,2026-09-28T15:57:00Z,2026-09-28T15:57:00Z,15461192,99 Broadway B-Line/To UBC Exchange,1,0,https://gtfs-static.translink.ca/gtfs/google_transit.zip
26SEP_20260925,20260907,20270103,2026-09-28,weekday,99,toward_ubc,arrival,12600,60358,UBC Exchange @ Unloading Only,2026-09-28T09:01:00-07:00,2026-09-28T09:01:00-07:00,2026-09-28T16:01:00Z,2026-09-28T16:01:00Z,15461193,99 Broadway B-Line/To UBC Exchange,1,0,https://gtfs-static.translink.ca/gtfs/google_transit.zip
26SEP_20260925,20260907,20270103,2026-09-28,weekday,99,toward_ubc,arrival,12600,60358,UBC Exchange @ Unloading Only,2026-09-28T09:05:00-07:00,2026-09-28T09:05:00-07:00,2026-09-28T16:05:00Z,2026-09-28T16:05:00Z,15461194,99 Broadway B-Line/To UBC Exchange,1,0,https://gtfs-static.translink.ca/gtfs/google_transit.zip
26SEP_20260925,20260907,20270103,2026-09-28,weekday,99,toward_ubc,arrival,12600,60358,UBC Exchange @ Unloading Only,2026-09-28T09:08:00-07:00,2026-09-28T09:08:00-07:00,2026-09-28T16:08:00Z,2026-09-28T16:08:00Z,15461195,99 Broadway B-Line/To UBC Exchange,1,0,https://gtfs-static.translink.ca/gtfs/google_transit.zip
26SEP_20260925,20260907,20270103,2026-09-28,weekday,99,toward_ubc,arrival,12600,60358,UBC Exchange @ Unloading Only,2026-09-28T09:10:00-07:00,2026-09-28T09:10:00-07:00,2026-09-28T16:10:00Z,2026-09-28T16:10:00Z,15461196,99 Broadway B-Line/To UBC Exchange,1,0,https://gtfs-static.translink.ca/gtfs/google_transit.zip
26SEP_20260925,20260907,20270103,2026-09-28,weekday,99,toward_ubc,arrival,12600,60358,UBC Exchange @ Unloading Only,2026-09-28T09:14:00-07:00,2026-09-28T09:14:00-07:00,2026-09-28T16:14:00Z,2026-09-28T16:14:00Z,15461197,99 Broadway B-Line/To UBC Exchange,1,0,https://gtfs-static.translink.ca/gtfs/google_transit.zip
26SEP_20260925,20260907,20270103,2026-09-28,weekday,99,toward_ubc,arrival,12600,60358,UBC Exchange @ Unloading Only,2026-09-28T09:17:00-07:00,2026-09-28T09:17:00-07:00,2026-09-28T16:17:00Z,2026-09-28T16:17:00Z,15461198,99 Broadway B-Line/To UBC Exchange,1,0,https://gtfs-static.translink.ca/gtfs/google_transit.zip
26SEP_20260925,20260907,20270103,2026-09-28,weekday,99,toward_ubc,arrival,12600,60358,UBC Exchange @ Unloading Only,2026-09-28T09:20:00-07:00,2026-09-28T09:20:00-07:00,2026-09-28T16:20:00Z,2026-09-28T16:20:00Z,15461199,99 Broadway B-Line/To UBC Exchange,1,0,https://gtfs-static.translink.ca/gtfs/google_transit.zip
26SEP_20260925,20260907,20270103,2026-09-28,weekday,99,toward_ubc,arrival,12600,60358,UBC Exchange @ Unloading Only,2026-09-28T09:23:00-07:00,2026-09-28T09:23:00-07:00,2026-09-28T16:23:00Z,2026-09-28T16:23:00Z,15461200,99 Broadway B-Line/To UBC Exchange,1,0,https://gtfs-static.translink.ca/gtfs/google_transit.zip
26SEP_20260925,20260907,20270103,2026-09-28,weekday,99,toward_ubc,arrival,12600,60358,UBC Exchange @ Unloading Only,2026-09-28T09:26:00-07:00,2026-09-28T09:26:00-07:00,2026-09-28T16:26:00Z,2026-09-28T16:26:00Z,15461201,99 Broadway B-Line/To UBC Exchange,1,0,https://gtfs-static.translink.ca/gtfs/google_transit.zip
26SEP_20260925,20260907,20270103,2026-09-28,weekday,99,toward_ubc,arrival,12600,60358,UBC Exchange @ Unloading Only,2026-09-28T09:29:00-07:00,2026-09-28T09:29:00-07:00,2026-09-28T16:29:00Z,2026-09-28T16:29:00Z,15461202,99 Broadway B-Line/To UBC Exchange,1,0,https://gtfs-static.translink.ca/gtfs/google_transit.zip
26SEP_20260925,20260907,20270103,2026-09-28,weekday,99,toward_ubc,arrival,12600,60358,UBC Exchange @ Unloading Only,2026-09-28T09:32:00-07:00,2026-09-28T09:32:00-07:00,2026-09-28T16:32:00Z,2026-09-28T16:32:00Z,15461203,99 Broadway B-Line/To UBC Exchange,1,0,https://gtfs-static.translink.ca/gtfs/google_transit.zip
26SEP_20260925,20260907,20270103,2026-09-28,weekday,99,toward_ubc,arrival,12600,60358,UBC Exchange @ Unloading Only,2026-09-28T09:35:00-07:00,2026-09-28T09:35:00-07:00,2026-09-28T16:35:00Z,2026-09-28T16:35:00Z,15461204,99 Broadway B-Line/To UBC Exchange,1,0,https://gtfs-static.translink.ca/gtfs/google_transit.zip
26SEP_20260925,20260907,20270103,2026-09-28,weekday,99,toward_ubc,arrival,12600,60358,UBC Exchange @ Unloading Only,2026-09-28T09:38:00-07:00,2026-09-28T09:38:00-07:00,2026-09-28T16:38:00Z,2026-09-28T16:38:00Z,15461205,99 Broadway B-Line/To UBC Exchange,1,0,https://gtfs-static.translink.ca/gtfs/google_transit.zip
26SEP_20260925,20260907,20270103,2026-09-28,weekday,99,toward_ubc,arrival,12600,60358,UBC Exchange @ Unloading Only,2026-09-28T09:41:00-07:00,2026-09-28T09:41:00-07:00,2026-09-28T16:41:00Z,2026-09-28T16:41:00Z,15461206,99 Broadway B-Line/To UBC Exchange,1,0,https://gtfs-static.translink.ca/gtfs/google_transit.zip
26SEP_20260925,20260907,20270103,2026-09-28,weekday,99,toward_ubc,arrival,12600,60358,UBC Exchange @ Unloading Only,2026-09-28T09:44:00-07:00,2026-09-28T09:44:00-07:00,2026-09-28T16:44:00Z,2026-09-28T16:44:00Z,15461207,99 Broadway B-Line/To UBC Exchange,1,0,https://gtfs-static.translink.ca/gtfs/google_transit.zip
26SEP_20260925,20260907,20270103,2026-09-28,weekday,99,toward_ubc,arrival,12600,60358,UBC Exchange @ Unloading Only,2026-09-28T09:46:00-07:00,2026-09-28T09:46:00-07:00,2026-09-28T16:46:00Z,2026-09-28T16:46:00Z,15461208,99 Broadway B-Line/To UBC Exchange,1,0,https://gtfs-static.translink.ca/gtfs/google_transit.zip
26SEP_20260925,20260907,20270103,2026-09-28,weekday,99,toward_ubc,arrival,12600,60358,UBC Exchange @ Unloading Only,2026-09-28T09:49:00-07:00,2026-09-28T09:49:00-07:00,2026-09-28T16:49:00Z,2026-09-28T16:49:00Z,15461209,99 Broadway B-Line/To UBC Exchange,1,0,https://gtfs-static.translink.ca/gtfs/google_transit.zip
26SEP_20260925,20260907,20270103,2026-09-28,weekday,99,toward_ubc,arrival,12600,60358,UBC Exchange @ Unloading Only,2026-09-28T09:51:00-07:00,2026-09-28T09:51:00-07:00,2026-09-28T16:51:00Z,2026-09-28T16:51:00Z,15461210,99 Broadway B-Line/To UBC Exchange,1,0,https://gtfs-static.translink.ca/gtfs/google_transit.zip
26SEP_20260925,20260907,20270103,2026-09-28,weekday,99,toward_ubc,arrival,12600,60358,UBC Exchange @ Unloading Only,2026-09-28T09:54:00-07:00,2026-09-28T09:54:00-07:00,2026-09-28T16:54:00Z,2026-09-28T16:54:00Z,15461211,99 Broadway B-Line/To UBC Exchange,1,0,https://gtfs-static.translink.ca/gtfs/google_transit.zip
26SEP_20260925,20260907,20270103,2026-09-28,weekday,99,toward_ubc,arrival,12600,60358,UBC Exchange @ Unloading Only,2026-09-28T09:58:00-07:00,2026-09-28T09:58:00-07:00,2026-09-28T16:58:00Z,2026-09-28T16:58:00Z,15461212,99 Broadway B-Line/To UBC Exchange,1,0,https://gtfs-static.translink.ca/gtfs/google_transit.zip
26SEP_20260925,20260907,20270103,2026-09-28,weekday,99,toward_ubc,arrival,12600,60358,UBC Exchange @ Unloading Only,2026-09-28T10:01:00-07:00,2026-09-28T10:01:00-07:00,2026-09-28T17:01:00Z,2026-09-28T17:01:00Z,15461213,99 Broadway B-Line/To UBC Exchange,1,0,https://gtfs-static.translink.ca/gtfs/google_transit.zip
26SEP_20260925,20260907,20270103,2026-09-28,weekday,99,toward_ubc,arrival,12600,60358,UBC Exchange @ Unloading Only,2026-09-28T10:04:00-07:00,2026-09-28T10:04:00-07:00,2026-09-28T17:04:00Z,2026-09-28T17:04:00Z,15461214,99 Broadway B-Line/To UBC Exchange,1,0,https://gtfs-static.translink.ca/gtfs/google_transit.zip
26SEP_20260925,20260907,20270103,2026-09-28,weekday,99,toward_ubc,arrival,12600,60358,UBC Exchange @ Unloading Only,2026-09-28T10:07:00-07:00,2026-09-28T10:07:00-07:00,2026-09-28T17:07:00Z,2026-09-28T17:07:00Z,15461215,99 Broadway B-Line/To UBC Exchange,1,0,https://gtfs-static.translink.ca/gtfs/google_transit.zip
26SEP_20260925,20260907,20270103,2026-09-28,weekday,99,toward_ubc,arrival,12600,60358,UBC Exchange @ Unloading Only,2026-09-28T10:11:00-07:00,2026-09-28T10:11:00-07:00,2026-09-28T17:11:00Z,2026-09-28T17:11:00Z,15461216,99 Broadway B-Line/To UBC Exchange,1,0,https://gtfs-static.translink.ca/gtfs/google_transit.zip
26SEP_20260925,20260907,20270103,2026-09-28,weekday,99,toward_ubc,arrival,12600,60358,UBC Exchange @ Unloading Only,2026-09-28T10:15:00-07:00,2026-09-28T10:15:00-07:00,2026-09-28T17:15:00Z,2026-09-28T17:15:00Z,15461378,99 Broadway B-Line/To UBC Exchange,1,0,https://gtfs-static.translink.ca/gtfs/google_transit.zip
26SEP_20260925,20260907,20270103,2026-09-28,weekday,99,toward_ubc,arrival,12600,60358,UBC Exchange @ Unloading Only,2026-09-28T10:17:00-07:00,2026-09-28T10:17:00-07:00,2026-09-28T17:17:00Z,2026-09-28T17:17:00Z,15461217,99 Broadway B-Line/To UBC Exchange,1,0,https://gtfs-static.translink.ca/gtfs/google_transit.zip
26SEP_20260925,20260907,20270103,2026-09-28,weekday,99,toward_ubc,arrival,12600,60358,UBC Exchange @ Unloading Only,2026-09-28T10:21:00-07:00,2026-09-28T10:21:00-07:00,2026-09-28T17:21:00Z,2026-09-28T17:21:00Z,15461218,99 Broadway B-Line/To UBC Exchange,1,0,https://gtfs-static.translink.ca/gtfs/google_transit.zip
26SEP_20260925,20260907,20270103,2026-09-28,weekday,99,toward_ubc,arrival,12600,60358,UBC Exchange @ Unloading Only,2026-09-28T10:27:00-07:00,2026-09-28T10:27:00-07:00,2026-09-28T17:27:00Z,2026-09-28T17:27:00Z,15461219,99 Broadway B-Line/To UBC Exchange,1,0,https://gtfs-static.translink.ca/gtfs/google_transit.zip
26SEP_20260925,20260907,20270103,2026-09-28,weekday,99,toward_ubc,arrival,12600,60358,UBC Exchange @ Unloading Only,2026-09-28T10:32:00-07:00,2026-09-28T10:32:00-07:00,2026-09-28T17:32:00Z,2026-09-28T17:32:00Z,15461220,99 Broadway B-Line/To UBC Exchange,1,0,https://gtfs-static.translink.ca/gtfs/google_transit.zip
26SEP_20260925,20260907,20270103,2026-09-28,weekday,99,toward_ubc,arrival,12600,60358,UBC Exchange @ Unloading Only,2026-09-28T10:37:00-07:00,2026-09-28T10:37:00-07:00,2026-09-28T17:37:00Z,2026-09-28T17:37:00Z,15461221,99 Broadway B-Line/To UBC Exchange,1,0,https://gtfs-static.translink.ca/gtfs/google_transit.zip
26SEP_20260925,20260907,20270103,2026-09-28,weekday,99,toward_ubc,arrival,12600,60358,UBC Exchange @ Unloading Only,2026-09-28T10:41:00-07:00,2026-09-28T10:41:00-07:00,2026-09-28T17:41:00Z,2026-09-28T17:41:00Z,15461222,99 Broadway B-Line/To UBC Exchange,1,0,https://gtfs-static.translink.ca/gtfs/google_transit.zip
26SEP_20260925,20260907,20270103,2026-09-28,weekday,99,toward_ubc,arrival,12600,60358,UBC Exchange @ Unloading Only,2026-09-28T10:46:00-07:00,2026-09-28T10:46:00-07:00,2026-09-28T17:46:00Z,2026-09-28T17:46:00Z,15461223,99 Broadway B-Line/To UBC Exchange,1,0,https://gtfs-static.translink.ca/gtfs/google_transit.zip
26SEP_20260925,20260907,20270103,2026-09-28,weekday,99,toward_ubc,arrival,12600,60358,UBC Exchange @ Unloading Only,2026-09-28T10:51:00-07:00,2026-09-28T10:51:00-07:00,2026-09-28T17:51:00Z,2026-09-28T17:51:00Z,15461224,99 Broadway B-Line/To UBC Exchange,1,0,https://gtfs-static.translink.ca/gtfs/google_transit.zip
26SEP_20260925,20260907,20270103,2026-09-28,weekday,99,toward_ubc,arrival,12600,60358,UBC Exchange @ Unloading Only,2026-09-28T10:54:00-07:00,2026-09-28T10:54:00-07:00,2026-09-28T17:54:00Z,2026-09-28T17:54:00Z,15461225,99 Broadway B-Line/To UBC Exchange,1,0,https://gtfs-static.translink.ca/gtfs/google_transit.zip
26SEP_20260925,20260907,20270103,2026-09-28,weekday,99,toward_ubc,arrival,12600,60358,UBC Exchange @ Unloading Only,2026-09-28T10:58:00-07:00,2026-09-28T10:58:00-07:00,2026-09-28T17:58:00Z,2026-09-28T17:58:00Z,15461226,99 Broadway B-Line/To UBC Exchange,1,0,https://gtfs-static.translink.ca/gtfs/google_transit.zip
26SEP_20260925,20260907,20270103,2026-09-28,weekday,99,toward_ubc,arrival,12600,60358,UBC Exchange @ Unloading Only,2026-09-28T11:03:00-07:00,2026-09-28T11:03:00-07:00,2026-09-28T18:03:00Z,2026-09-28T18:03:00Z,15461227,99 Broadway B-Line/To UBC Exchange,1,0,https://gtfs-static.translink.ca/gtfs/google_transit.zip
26SEP_20260925,20260907,20270103,2026-09-28,weekday,99,toward_ubc,arrival,12600,60358,UBC Exchange @ Unloading Only,2026-09-28T11:08:00-07:00,2026-09-28T11:08:00-07:00,2026-09-28T18:08:00Z,2026-09-28T18:08:00Z,15461228,99 Broadway B-Line/To UBC Exchange,1,0,https://gtfs-static.translink.ca/gtfs/google_transit.zip
26SEP_20260925,20260907,20270103,2026-09-28,weekday,99,toward_ubc,arrival,12600,60358,UBC Exchange @ Unloading Only,2026-09-28T11:13:00-07:00,2026-09-28T11:13:00-07:00,2026-09-28T18:13:00Z,2026-09-28T18:13:00Z,15461229,99 Broadway B-Line/To UBC Exchange,1,0,https://gtfs-static.translink.ca/gtfs/google_transit.zip
26SEP_20260925,20260907,20270103,2026-09-28,weekday,99,toward_ubc,arrival,12600,60358,UBC Exchange @ Unloading Only,2026-09-28T11:18:00-07:00,2026-09-28T11:18:00-07:00,2026-09-28T18:18:00Z,2026-09-28T18:18:00Z,15461230,99 Broadway B-Line/To UBC Exchange,1,0,https://gtfs-static.translink.ca/gtfs/google_transit.zip
26SEP_20260925,20260907,20270103,2026-09-28,weekday,99,toward_ubc,arrival,12600,60358,UBC Exchange @ Unloading Only,2026-09-28T11:23:00-07:00,2026-09-28T11:23:00-07:00,2026-09-28T18:23:00Z,2026-09-28T18:23:00Z,15461231,99 Broadway B-Line/To UBC Exchange,1,0,https://gtfs-static.translink.ca/gtfs/google_transit.zip
26SEP_20260925,20260907,20270103,2026-09-28,weekday,99,toward_ubc,arrival,12600,60358,UBC Exchange @ Unloading Only,2026-09-28T11:28:00-07:00,2026-09-28T11:28:00-07:00,2026-09-28T18:28:00Z,2026-09-28T18:28:00Z,15461232,99 Broadway B-Line/To UBC Exchange,1,0,https://gtfs-static.translink.ca/gtfs/google_transit.zip
26SEP_20260925,20260907,20270103,2026-09-28,weekday,99,toward_ubc,arrival,12600,60358,UBC Exchange @ Unloading Only,2026-09-28T11:32:00-07:00,2026-09-28T11:32:00-07:00,2026-09-28T18:32:00Z,2026-09-28T18:32:00Z,15461233,99 Broadway B-Line/To UBC Exchange,1,0,https://gtfs-static.translink.ca/gtfs/google_transit.zip
26SEP_20260925,20260907,20270103,2026-09-28,weekday,99,toward_ubc,arrival,12600,60358,UBC Exchange @ Unloading Only,2026-09-28T11:40:00-07:00,2026-09-28T11:40:00-07:00,2026-09-28T18:40:00Z,2026-09-28T18:40:00Z,15461234,99 Broadway B-Line/To UBC Exchange,1,0,https://gtfs-static.translink.ca/gtfs/google_transit.zip
26SEP_20260925,20260907,20270103,2026-09-28,weekday,99,toward_ubc,arrival,12600,60358,UBC Exchange @ Unloading Only,2026-09-28T11:46:00-07:00,2026-09-28T11:46:00-07:00,2026-09-28T18:46:00Z,2026-09-28T18:46:00Z,15461235,99 Broadway B-Line/To UBC Exchange,1,0,https://gtfs-static.translink.ca/gtfs/google_transit.zip
26SEP_20260925,20260907,20270103,2026-09-28,weekday,99,toward_ubc,arrival,12600,60358,UBC Exchange @ Unloading Only,2026-09-28T11:52:00-07:00,2026-09-28T11:52:00-07:00,2026-09-28T18:52:00Z,2026-09-28T18:52:00Z,15461236,99 Broadway B-Line/To UBC Exchange,1,0,https://gtfs-static.translink.ca/gtfs/google_transit.zip
26SEP_20260925,20260907,20270103,2026-09-28,weekday,99,toward_ubc,arrival,12600,60358,UBC Exchange @ Unloading Only,2026-09-28T11:58:00-07:00,2026-09-28T11:58:00-07:00,2026-09-28T18:58:00Z,2026-09-28T18:58:00Z,15461237,99 Broadway B-Line/To UBC Exchange,1,0,https://gtfs-static.translink.ca/gtfs/google_transit.zip
26SEP_20260925,20260907,20270103,2026-09-28,weekday,99,toward_ubc,arrival,12600,60358,UBC Exchange @ Unloading Only,2026-09-28T12:04:00-07:00,2026-09-28T12:04:00-07:00,2026-09-28T19:04:00Z,2026-09-28T19:04:00Z,15461238,99 Broadway B-Line/To UBC Exchange,1,0,https://gtfs-static.translink.ca/gtfs/google_transit.zip
26SEP_20260925,20260907,20270103,2026-09-28,weekday,99,toward_ubc,arrival,12600,60358,UBC Exchange @ Unloading Only,2026-09-28T12:09:00-07:00,2026-09-28T12:09:00-07:00,2026-09-28T19:09:00Z,2026-09-28T19:09:00Z,15461239,99 Broadway B-Line/To UBC Exchange,1,0,https://gtfs-static.translink.ca/gtfs/google_transit.zip
26SEP_20260925,20260907,20270103,2026-09-28,weekday,99,toward_ubc,arrival,12600,60358,UBC Exchange @ Unloading Only,2026-09-28T12:17:00-07:00,2026-09-28T12:17:00-07:00,2026-09-28T19:17:00Z,2026-09-28T19:17:00Z,15461240,99 Broadway B-Line/To UBC Exchange,1,0,https://gtfs-static.translink.ca/gtfs/google_transit.zip
26SEP_20260925,20260907,20270103,2026-09-28,weekday,99,toward_ubc,arrival,12600,60358,UBC Exchange @ Unloading Only,2026-09-28T12:22:00-07:00,2026-09-28T12:22:00-07:00,2026-09-28T19:22:00Z,2026-09-28T19:22:00Z,15461241,99 Broadway B-Line/To UBC Exchange,1,0,https://gtfs-static.translink.ca/gtfs/google_transit.zip
26SEP_20260925,20260907,20270103,2026-09-28,weekday,99,toward_ubc,arrival,12600,60358,UBC Exchange @ Unloading Only,2026-09-28T12:27:00-07:00,2026-09-28T12:27:00-07:00,2026-09-28T19:27:00Z,2026-09-28T19:27:00Z,15461242,99 Broadway B-Line/To UBC Exchange,1,0,https://gtfs-static.translink.ca/gtfs/google_transit.zip
26SEP_20260925,20260907,20270103,2026-09-28,weekday,99,toward_ubc,arrival,12600,60358,UBC Exchange @ Unloading Only,2026-09-28T12:35:00-07:00,2026-09-28T12:35:00-07:00,2026-09-28T19:35:00Z,2026-09-28T19:35:00Z,15461243,99 Broadway B-Line/To UBC Exchange,1,0,https://gtfs-static.translink.ca/gtfs/google_transit.zip
26SEP_20260925,20260907,20270103,2026-09-28,weekday,99,toward_ubc,arrival,12600,60358,UBC Exchange @ Unloading Only,2026-09-28T12:41:00-07:00,2026-09-28T12:41:00-07:00,2026-09-28T19:41:00Z,2026-09-28T19:41:00Z,15461244,99 Broadway B-Line/To UBC Exchange,1,0,https://gtfs-static.translink.ca/gtfs/google_transit.zip
26SEP_20260925,20260907,20270103,2026-09-28,weekday,99,toward_ubc,arrival,12600,60358,UBC Exchange @ Unloading Only,2026-09-28T12:50:00-07:00,2026-09-28T12:50:00-07:00,2026-09-28T19:50:00Z,2026-09-28T19:50:00Z,15461245,99 Broadway B-Line/To UBC Exchange,1,0,https://gtfs-static.translink.ca/gtfs/google_transit.zip
26SEP_20260925,20260907,20270103,2026-09-28,weekday,99,toward_ubc,arrival,12600,60358,UBC Exchange @ Unloading Only,2026-09-28T12:56:00-07:00,2026-09-28T12:56:00-07:00,2026-09-28T19:56:00Z,2026-09-28T19:56:00Z,15461246,99 Broadway B-Line/To UBC Exchange,1,0,https://gtfs-static.translink.ca/gtfs/google_transit.zip
26SEP_20260925,20260907,20270103,2026-09-28,weekday,99,toward_ubc,arrival,12600,60358,UBC Exchange @ Unloading Only,2026-09-28T13:02:00-07:00,2026-09-28T13:02:00-07:00,2026-09-28T20:02:00Z,2026-09-28T20:02:00Z,15461379,99 Broadway B-Line/To UBC Exchange,1,0,https://gtfs-static.translink.ca/gtfs/google_transit.zip
26SEP_20260925,20260907,20270103,2026-09-28,weekday,99,toward_ubc,arrival,12600,60358,UBC Exchange @ Unloading Only,2026-09-28T13:06:00-07:00,2026-09-28T13:06:00-07:00,2026-09-28T20:06:00Z,2026-09-28T20:06:00Z,15461247,99 Broadway B-Line/To UBC Exchange,1,0,https://gtfs-static.translink.ca/gtfs/google_transit.zip
26SEP_20260925,20260907,20270103,2026-09-28,weekday,99,toward_ubc,arrival,12600,60358,UBC Exchange @ Unloading Only,2026-09-28T13:15:00-07:00,2026-09-28T13:15:00-07:00,2026-09-28T20:15:00Z,2026-09-28T20:15:00Z,15461248,99 Broadway B-Line/To UBC Exchange,1,0,https://gtfs-static.translink.ca/gtfs/google_transit.zip
26SEP_20260925,20260907,20270103,2026-09-28,weekday,99,toward_ubc,arrival,12600,60358,UBC Exchange @ Unloading Only,2026-09-28T13:22:00-07:00,2026-09-28T13:22:00-07:00,2026-09-28T20:22:00Z,2026-09-28T20:22:00Z,15461249,99 Broadway B-Line/To UBC Exchange,1,0,https://gtfs-static.translink.ca/gtfs/google_transit.zip
26SEP_20260925,20260907,20270103,2026-09-28,weekday,99,toward_ubc,arrival,12600,60358,UBC Exchange @ Unloading Only,2026-09-28T13:29:00-07:00,2026-09-28T13:29:00-07:00,2026-09-28T20:29:00Z,2026-09-28T20:29:00Z,15461250,99 Broadway B-Line/To UBC Exchange,1,0,https://gtfs-static.translink.ca/gtfs/google_transit.zip
26SEP_20260925,20260907,20270103,2026-09-28,weekday,99,toward_ubc,arrival,12600,60358,UBC Exchange @ Unloading Only,2026-09-28T13:37:00-07:00,2026-09-28T13:37:00-07:00,2026-09-28T20:37:00Z,2026-09-28T20:37:00Z,15461251,99 Broadway B-Line/To UBC Exchange,1,0,https://gtfs-static.translink.ca/gtfs/google_transit.zip
26SEP_20260925,20260907,20270103,2026-09-28,weekday,99,toward_ubc,arrival,12600,60358,UBC Exchange @ Unloading Only,2026-09-28T13:42:00-07:00,2026-09-28T13:42:00-07:00,2026-09-28T20:42:00Z,2026-09-28T20:42:00Z,15461252,99 Broadway B-Line/To UBC Exchange,1,0,https://gtfs-static.translink.ca/gtfs/google_transit.zip
26SEP_20260925,20260907,20270103,2026-09-28,weekday,99,toward_ubc,arrival,12600,60358,UBC Exchange @ Unloading Only,2026-09-28T13:48:00-07:00,2026-09-28T13:48:00-07:00,2026-09-28T20:48:00Z,2026-09-28T20:48:00Z,15461253,99 Broadway B-Line/To UBC Exchange,1,0,https://gtfs-static.translink.ca/gtfs/google_transit.zip
26SEP_20260925,20260907,20270103,2026-09-28,weekday,99,toward_ubc,arrival,12600,60358,UBC Exchange @ Unloading Only,2026-09-28T13:55:00-07:00,2026-09-28T13:55:00-07:00,2026-09-28T20:55:00Z,2026-09-28T20:55:00Z,15461254,99 Broadway B-Line/To UBC Exchange,1,0,https://gtfs-static.translink.ca/gtfs/google_transit.zip
26SEP_20260925,20260907,20270103,2026-09-28,weekday,99,toward_ubc,arrival,12600,60358,UBC Exchange @ Unloading Only,2026-09-28T14:01:00-07:00,2026-09-28T14:01:00-07:00,2026-09-28T21:01:00Z,2026-09-28T21:01:00Z,15461255,99 Broadway B-Line/To UBC Exchange,1,0,https://gtfs-static.translink.ca/gtfs/google_transit.zip
26SEP_20260925,20260907,20270103,2026-09-28,weekday,99,toward_ubc,arrival,12600,60358,UBC Exchange @ Unloading Only,2026-09-28T14:06:00-07:00,2026-09-28T14:06:00-07:00,2026-09-28T21:06:00Z,2026-09-28T21:06:00Z,15461256,99 Broadway B-Line/To UBC Exchange,1,0,https://gtfs-static.translink.ca/gtfs/google_transit.zip
26SEP_20260925,20260907,20270103,2026-09-28,weekday,99,toward_ubc,arrival,12600,60358,UBC Exchange @ Unloading Only,2026-09-28T14:11:00-07:00,2026-09-28T14:11:00-07:00,2026-09-28T21:11:00Z,2026-09-28T21:11:00Z,15461257,99 Broadway B-Line/To UBC Exchange,1,0,https://gtfs-static.translink.ca/gtfs/google_transit.zip
26SEP_20260925,20260907,20270103,2026-09-28,weekday,99,toward_ubc,arrival,12600,60358,UBC Exchange @ Unloading Only,2026-09-28T14:16:00-07:00,2026-09-28T14:16:00-07:00,2026-09-28T21:16:00Z,2026-09-28T21:16:00Z,15461258,99 Broadway B-Line/To UBC Exchange,1,0,https://gtfs-static.translink.ca/gtfs/google_transit.zip
26SEP_20260925,20260907,20270103,2026-09-28,weekday,99,toward_ubc,arrival,12600,60358,UBC Exchange @ Unloading Only,2026-09-28T14:24:00-07:00,2026-09-28T14:24:00-07:00,2026-09-28T21:24:00Z,2026-09-28T21:24:00Z,15461259,99 Broadway B-Line/To UBC Exchange,1,0,https://gtfs-static.translink.ca/gtfs/google_transit.zip
26SEP_20260925,20260907,20270103,2026-09-28,weekday,99,toward_ubc,arrival,12600,60358,UBC Exchange @ Unloading Only,2026-09-28T14:30:00-07:00,2026-09-28T14:30:00-07:00,2026-09-28T21:30:00Z,2026-09-28T21:30:00Z,15461260,99 Broadway B-Line/To UBC Exchange,1,0,https://gtfs-static.translink.ca/gtfs/google_transit.zip
26SEP_20260925,20260907,20270103,2026-09-28,weekday,99,toward_ubc,arrival,12600,60358,UBC Exchange @ Unloading Only,2026-09-28T14:32:00-07:00,2026-09-28T14:32:00-07:00,2026-09-28T21:32:00Z,2026-09-28T21:32:00Z,15461380,99 Broadway B-Line/To UBC Exchange,1,0,https://gtfs-static.translink.ca/gtfs/google_transit.zip
26SEP_20260925,20260907,20270103,2026-09-28,weekday,99,toward_ubc,arrival,12600,60358,UBC Exchange @ Unloading Only,2026-09-28T14:35:00-07:00,2026-09-28T14:35:00-07:00,2026-09-28T21:35:00Z,2026-09-28T21:35:00Z,15461261,99 Broadway B-Line/To UBC Exchange,1,0,https://gtfs-static.translink.ca/gtfs/google_transit.zip
26SEP_20260925,20260907,20270103,2026-09-28,weekday,99,toward_ubc,arrival,12600,60358,UBC Exchange @ Unloading Only,2026-09-28T14:38:00-07:00,2026-09-28T14:38:00-07:00,2026-09-28T21:38:00Z,2026-09-28T21:38:00Z,15461262,99 Broadway B-Line/To UBC Exchange,1,0,https://gtfs-static.translink.ca/gtfs/google_transit.zip
26SEP_20260925,20260907,20270103,2026-09-28,weekday,99,toward_ubc,arrival,12600,60358,UBC Exchange @ Unloading Only,2026-09-28T14:41:00-07:00,2026-09-28T14:41:00-07:00,2026-09-28T21:41:00Z,2026-09-28T21:41:00Z,15461263,99 Broadway B-Line/To UBC Exchange,1,0,https://gtfs-static.translink.ca/gtfs/google_transit.zip
26SEP_20260925,20260907,20270103,2026-09-28,weekday,99,toward_ubc,arrival,12600,60358,UBC Exchange @ Unloading Only,2026-09-28T14:45:00-07:00,2026-09-28T14:45:00-07:00,2026-09-28T21:45:00Z,2026-09-28T21:45:00Z,15461264,99 Broadway B-Line/To UBC Exchange,1,0,https://gtfs-static.translink.ca/gtfs/google_transit.zip
26SEP_20260925,20260907,20270103,2026-09-28,weekday,99,toward_ubc,arrival,12600,60358,UBC Exchange @ Unloading Only,2026-09-28T14:48:00-07:00,2026-09-28T14:48:00-07:00,2026-09-28T21:48:00Z,2026-09-28T21:48:00Z,15461265,99 Broadway B-Line/To UBC Exchange,1,0,https://gtfs-static.translink.ca/gtfs/google_transit.zip
26SEP_20260925,20260907,20270103,2026-09-28,weekday,99,toward_ubc,arrival,12600,60358,UBC Exchange @ Unloading Only,2026-09-28T14:51:00-07:00,2026-09-28T14:51:00-07:00,2026-09-28T21:51:00Z,2026-09-28T21:51:00Z,15461266,99 Broadway B-Line/To UBC Exchange,1,0,https://gtfs-static.translink.ca/gtfs/google_transit.zip
26SEP_20260925,20260907,20270103,2026-09-28,weekday,99,toward_ubc,arrival,12600,60358,UBC Exchange @ Unloading Only,2026-09-28T14:55:00-07:00,2026-09-28T14:55:00-07:00,2026-09-28T21:55:00Z,2026-09-28T21:55:00Z,15461267,99 Broadway B-Line/To UBC Exchange,1,0,https://gtfs-static.translink.ca/gtfs/google_transit.zip
26SEP_20260925,20260907,20270103,2026-09-28,weekday,99,toward_ubc,arrival,12600,60358,UBC Exchange @ Unloading Only,2026-09-28T14:58:00-07:00,2026-09-28T14:58:00-07:00,2026-09-28T21:58:00Z,2026-09-28T21:58:00Z,15461268,99 Broadway B-Line/To UBC Exchange,1,0,https://gtfs-static.translink.ca/gtfs/google_transit.zip
26SEP_20260925,20260907,20270103,2026-09-28,weekday,99,toward_ubc,arrival,12600,60358,UBC Exchange @ Unloading Only,2026-09-28T15:02:00-07:00,2026-09-28T15:02:00-07:00,2026-09-28T22:02:00Z,2026-09-28T22:02:00Z,15461269,99 Broadway B-Line/To UBC Exchange,1,0,https://gtfs-static.translink.ca/gtfs/google_transit.zip
26SEP_20260925,20260907,20270103,2026-09-28,weekday,99,toward_ubc,arrival,12600,60358,UBC Exchange @ Unloading Only,2026-09-28T15:06:00-07:00,2026-09-28T15:06:00-07:00,2026-09-28T22:06:00Z,2026-09-28T22:06:00Z,15461270,99 Broadway B-Line/To UBC Exchange,1,0,https://gtfs-static.translink.ca/gtfs/google_transit.zip
26SEP_20260925,20260907,20270103,2026-09-28,weekday,99,toward_ubc,arrival,12600,60358,UBC Exchange @ Unloading Only,2026-09-28T15:10:00-07:00,2026-09-28T15:10:00-07:00,2026-09-28T22:10:00Z,2026-09-28T22:10:00Z,15461271,99 Broadway B-Line/To UBC Exchange,1,0,https://gtfs-static.translink.ca/gtfs/google_transit.zip
26SEP_20260925,20260907,20270103,2026-09-28,weekday,99,toward_ubc,arrival,12600,60358,UBC Exchange @ Unloading Only,2026-09-28T15:11:00-07:00,2026-09-28T15:11:00-07:00,2026-09-28T22:11:00Z,2026-09-28T22:11:00Z,15461272,99 Broadway B-Line/To UBC Exchange,1,0,https://gtfs-static.translink.ca/gtfs/google_transit.zip
26SEP_20260925,20260907,20270103,2026-09-28,weekday,99,toward_ubc,arrival,12600,60358,UBC Exchange @ Unloading Only,2026-09-28T15:15:00-07:00,2026-09-28T15:15:00-07:00,2026-09-28T22:15:00Z,2026-09-28T22:15:00Z,15461273,99 Broadway B-Line/To UBC Exchange,1,0,https://gtfs-static.translink.ca/gtfs/google_transit.zip
26SEP_20260925,20260907,20270103,2026-09-28,weekday,99,toward_ubc,arrival,12600,60358,UBC Exchange @ Unloading Only,2026-09-28T15:15:00-07:00,2026-09-28T15:15:00-07:00,2026-09-28T22:15:00Z,2026-09-28T22:15:00Z,15461274,99 Broadway B-Line/To UBC Exchange,1,0,https://gtfs-static.translink.ca/gtfs/google_transit.zip
26SEP_20260925,20260907,20270103,2026-09-28,weekday,99,toward_ubc,arrival,12600,60358,UBC Exchange @ Unloading Only,2026-09-28T15:20:00-07:00,2026-09-28T15:20:00-07:00,2026-09-28T22:20:00Z,2026-09-28T22:20:00Z,15461275,99 Broadway B-Line/To UBC Exchange,1,0,https://gtfs-static.translink.ca/gtfs/google_transit.zip
26SEP_20260925,20260907,20270103,2026-09-28,weekday,99,toward_ubc,arrival,12600,60358,UBC Exchange @ Unloading Only,2026-09-28T15:23:00-07:00,2026-09-28T15:23:00-07:00,2026-09-28T22:23:00Z,2026-09-28T22:23:00Z,15461276,99 Broadway B-Line/To UBC Exchange,1,0,https://gtfs-static.translink.ca/gtfs/google_transit.zip
26SEP_20260925,20260907,20270103,2026-09-28,weekday,99,toward_ubc,arrival,12600,60358,UBC Exchange @ Unloading Only,2026-09-28T15:29:00-07:00,2026-09-28T15:29:00-07:00,2026-09-28T22:29:00Z,2026-09-28T22:29:00Z,15461277,99 Broadway B-Line/To UBC Exchange,1,0,https://gtfs-static.translink.ca/gtfs/google_transit.zip
26SEP_20260925,20260907,20270103,2026-09-28,weekday,99,toward_ubc,arrival,12600,60358,UBC Exchange @ Unloading Only,2026-09-28T15:31:00-07:00,2026-09-28T15:31:00-07:00,2026-09-28T22:31:00Z,2026-09-28T22:31:00Z,15461278,99 Broadway B-Line/To UBC Exchange,1,0,https://gtfs-static.translink.ca/gtfs/google_transit.zip
26SEP_20260925,20260907,20270103,2026-09-28,weekday,99,toward_ubc,arrival,12600,60358,UBC Exchange @ Unloading Only,2026-09-28T15:35:00-07:00,2026-09-28T15:35:00-07:00,2026-09-28T22:35:00Z,2026-09-28T22:35:00Z,15461279,99 Broadway B-Line/To UBC Exchange,1,0,https://gtfs-static.translink.ca/gtfs/google_transit.zip
26SEP_20260925,20260907,20270103,2026-09-28,weekday,99,toward_ubc,arrival,12600,60358,UBC Exchange @ Unloading Only,2026-09-28T15:37:00-07:00,2026-09-28T15:37:00-07:00,2026-09-28T22:37:00Z,2026-09-28T22:37:00Z,15461280,99 Broadway B-Line/To UBC Exchange,1,0,https://gtfs-static.translink.ca/gtfs/google_transit.zip
26SEP_20260925,20260907,20270103,2026-09-28,weekday,99,toward_ubc,arrival,12600,60358,UBC Exchange @ Unloading Only,2026-09-28T15:40:00-07:00,2026-09-28T15:40:00-07:00,2026-09-28T22:40:00Z,2026-09-28T22:40:00Z,15461281,99 Broadway B-Line/To UBC Exchange,1,0,https://gtfs-static.translink.ca/gtfs/google_transit.zip
26SEP_20260925,20260907,20270103,2026-09-28,weekday,99,toward_ubc,arrival,12600,60358,UBC Exchange @ Unloading Only,2026-09-28T15:43:00-07:00,2026-09-28T15:43:00-07:00,2026-09-28T22:43:00Z,2026-09-28T22:43:00Z,15461282,99 Broadway B-Line/To UBC Exchange,1,0,https://gtfs-static.translink.ca/gtfs/google_transit.zip
26SEP_20260925,20260907,20270103,2026-09-28,weekday,99,toward_ubc,arrival,12600,60358,UBC Exchange @ Unloading Only,2026-09-28T15:45:00-07:00,2026-09-28T15:45:00-07:00,2026-09-28T22:45:00Z,2026-09-28T22:45:00Z,15461283,99 Broadway B-Line/To UBC Exchange,1,0,https://gtfs-static.translink.ca/gtfs/google_transit.zip
26SEP_20260925,20260907,20270103,2026-09-28,weekday,99,toward_ubc,arrival,12600,60358,UBC Exchange @ Unloading Only,2026-09-28T15:48:00-07:00,2026-09-28T15:48:00-07:00,2026-09-28T22:48:00Z,2026-09-28T22:48:00Z,15461284,99 Broadway B-Line/To UBC Exchange,1,0,https://gtfs-static.translink.ca/gtfs/google_transit.zip
26SEP_20260925,20260907,20270103,2026-09-28,weekday,99,toward_ubc,arrival,12600,60358,UBC Exchange @ Unloading Only,2026-09-28T15:52:00-07:00,2026-09-28T15:52:00-07:00,2026-09-28T22:52:00Z,2026-09-28T22:52:00Z,15461285,99 Broadway B-Line/To UBC Exchange,1,0,https://gtfs-static.translink.ca/gtfs/google_transit.zip
26SEP_20260925,20260907,20270103,2026-09-28,weekday,99,toward_ubc,arrival,12600,60358,UBC Exchange @ Unloading Only,2026-09-28T15:59:00-07:00,2026-09-28T15:59:00-07:00,2026-09-28T22:59:00Z,2026-09-28T22:59:00Z,15461287,99 Broadway B-Line/To UBC Exchange,1,0,https://gtfs-static.translink.ca/gtfs/google_transit.zip
26SEP_20260925,20260907,20270103,2026-09-28,weekday,99,toward_ubc,arrival,12600,60358,UBC Exchange @ Unloading Only,2026-09-28T16:05:00-07:00,2026-09-28T16:05:00-07:00,2026-09-28T23:05:00Z,2026-09-28T23:05:00Z,15461288,99 Broadway B-Line/To UBC Exchange,1,0,https://gtfs-static.translink.ca/gtfs/google_transit.zip
26SEP_20260925,20260907,20270103,2026-09-28,weekday,99,toward_ubc,arrival,12600,60358,UBC Exchange @ Unloading Only,2026-09-28T16:08:00-07:00,2026-09-28T16:08:00-07:00,2026-09-28T23:08:00Z,2026-09-28T23:08:00Z,15461289,99 Broadway B-Line/To UBC Exchange,1,0,https://gtfs-static.translink.ca/gtfs/google_transit.zip
26SEP_20260925,20260907,20270103,2026-09-28,weekday,99,toward_ubc,arrival,12600,60358,UBC Exchange @ Unloading Only,2026-09-28T16:11:00-07:00,2026-09-28T16:11:00-07:00,2026-09-28T23:11:00Z,2026-09-28T23:11:00Z,15461290,99 Broadway B-Line/To UBC Exchange,1,0,https://gtfs-static.translink.ca/gtfs/google_transit.zip
26SEP_20260925,20260907,20270103,2026-09-28,weekday,99,toward_ubc,arrival,12600,60358,UBC Exchange @ Unloading Only,2026-09-28T16:15:00-07:00,2026-09-28T16:15:00-07:00,2026-09-28T23:15:00Z,2026-09-28T23:15:00Z,15461291,99 Broadway B-Line/To UBC Exchange,1,0,https://gtfs-static.translink.ca/gtfs/google_transit.zip
26SEP_20260925,20260907,20270103,2026-09-28,weekday,99,toward_ubc,arrival,12600,60358,UBC Exchange @ Unloading Only,2026-09-28T16:17:00-07:00,2026-09-28T16:17:00-07:00,2026-09-28T23:17:00Z,2026-09-28T23:17:00Z,15461292,99 Broadway B-Line/To UBC Exchange,1,0,https://gtfs-static.translink.ca/gtfs/google_transit.zip
26SEP_20260925,20260907,20270103,2026-09-28,weekday,99,toward_ubc,arrival,12600,60358,UBC Exchange @ Unloading Only,2026-09-28T16:20:00-07:00,2026-09-28T16:20:00-07:00,2026-09-28T23:20:00Z,2026-09-28T23:20:00Z,15461293,99 Broadway B-Line/To UBC Exchange,1,0,https://gtfs-static.translink.ca/gtfs/google_transit.zip
26SEP_20260925,20260907,20270103,2026-09-28,weekday,99,toward_ubc,arrival,12600,60358,UBC Exchange @ Unloading Only,2026-09-28T16:23:00-07:00,2026-09-28T16:23:00-07:00,2026-09-28T23:23:00Z,2026-09-28T23:23:00Z,15461294,99 Broadway B-Line/To UBC Exchange,1,0,https://gtfs-static.translink.ca/gtfs/google_transit.zip
26SEP_20260925,20260907,20270103,2026-09-28,weekday,99,toward_ubc,arrival,12600,60358,UBC Exchange @ Unloading Only,2026-09-28T16:26:00-07:00,2026-09-28T16:26:00-07:00,2026-09-28T23:26:00Z,2026-09-28T23:26:00Z,15461295,99 Broadway B-Line/To UBC Exchange,1,0,https://gtfs-static.translink.ca/gtfs/google_transit.zip
26SEP_20260925,20260907,20270103,2026-09-28,weekday,99,toward_ubc,arrival,12600,60358,UBC Exchange @ Unloading Only,2026-09-28T16:29:00-07:00,2026-09-28T16:29:00-07:00,2026-09-28T23:29:00Z,2026-09-28T23:29:00Z,15461296,99 Broadway B-Line/To UBC Exchange,1,0,https://gtfs-static.translink.ca/gtfs/google_transit.zip
26SEP_20260925,20260907,20270103,2026-09-28,weekday,99,toward_ubc,arrival,12600,60358,UBC Exchange @ Unloading Only,2026-09-28T16:32:00-07:00,2026-09-28T16:32:00-07:00,2026-09-28T23:32:00Z,2026-09-28T23:32:00Z,15461297,99 Broadway B-Line/To UBC Exchange,1,0,https://gtfs-static.translink.ca/gtfs/google_transit.zip
26SEP_20260925,20260907,20270103,2026-09-28,weekday,99,toward_ubc,arrival,12600,60358,UBC Exchange @ Unloading Only,2026-09-28T16:35:00-07:00,2026-09-28T16:35:00-07:00,2026-09-28T23:35:00Z,2026-09-28T23:35:00Z,15461298,99 Broadway B-Line/To UBC Exchange,1,0,https://gtfs-static.translink.ca/gtfs/google_transit.zip
26SEP_20260925,20260907,20270103,2026-09-28,weekday,99,toward_ubc,arrival,12600,60358,UBC Exchange @ Unloading Only,2026-09-28T16:38:00-07:00,2026-09-28T16:38:00-07:00,2026-09-28T23:38:00Z,2026-09-28T23:38:00Z,15461299,99 Broadway B-Line/To UBC Exchange,1,0,https://gtfs-static.translink.ca/gtfs/google_transit.zip
26SEP_20260925,20260907,20270103,2026-09-28,weekday,99,toward_ubc,arrival,12600,60358,UBC Exchange @ Unloading Only,2026-09-28T16:41:00-07:00,2026-09-28T16:41:00-07:00,2026-09-28T23:41:00Z,2026-09-28T23:41:00Z,15461300,99 Broadway B-Line/To UBC Exchange,1,0,https://gtfs-static.translink.ca/gtfs/google_transit.zip
26SEP_20260925,20260907,20270103,2026-09-28,weekday,99,toward_ubc,arrival,12600,60358,UBC Exchange @ Unloading Only,2026-09-28T16:43:00-07:00,2026-09-28T16:43:00-07:00,2026-09-28T23:43:00Z,2026-09-28T23:43:00Z,15461301,99 Broadway B-Line/To UBC Exchange,1,0,https://gtfs-static.translink.ca/gtfs/google_transit.zip
26SEP_20260925,20260907,20270103,2026-09-28,weekday,99,toward_ubc,arrival,12600,60358,UBC Exchange @ Unloading Only,2026-09-28T16:47:00-07:00,2026-09-28T16:47:00-07:00,2026-09-28T23:47:00Z,2026-09-28T23:47:00Z,15461302,99 Broadway B-Line/To UBC Exchange,1,0,https://gtfs-static.translink.ca/gtfs/google_transit.zip
26SEP_20260925,20260907,20270103,2026-09-28,weekday,99,toward_ubc,arrival,12600,60358,UBC Exchange @ Unloading Only,2026-09-28T16:50:00-07:00,2026-09-28T16:50:00-07:00,2026-09-28T23:50:00Z,2026-09-28T23:50:00Z,15461303,99 Broadway B-Line/To UBC Exchange,1,0,https://gtfs-static.translink.ca/gtfs/google_transit.zip
26SEP_20260925,20260907,20270103,2026-09-28,weekday,99,toward_ubc,arrival,12600,60358,UBC Exchange @ Unloading Only,2026-09-28T16:52:00-07:00,2026-09-28T16:52:00-07:00,2026-09-28T23:52:00Z,2026-09-28T23:52:00Z,15461304,99 Broadway B-Line/To UBC Exchange,1,0,https://gtfs-static.translink.ca/gtfs/google_transit.zip
26SEP_20260925,20260907,20270103,2026-09-28,weekday,99,toward_ubc,arrival,12600,60358,UBC Exchange @ Unloading Only,2026-09-28T16:57:00-07:00,2026-09-28T16:57:00-07:00,2026-09-28T23:57:00Z,2026-09-28T23:57:00Z,15461305,99 Broadway B-Line/To UBC Exchange,1,0,https://gtfs-static.translink.ca/gtfs/google_transit.zip
26SEP_20260925,20260907,20270103,2026-09-28,weekday,99,toward_ubc,arrival,12600,60358,UBC Exchange @ Unloading Only,2026-09-28T16:59:00-07:00,2026-09-28T16:59:00-07:00,2026-09-28T23:59:00Z,2026-09-28T23:59:00Z,15461306,99 Broadway B-Line/To UBC Exchange,1,0,https://gtfs-static.translink.ca/gtfs/google_transit.zip
26SEP_20260925,20260907,20270103,2026-09-28,weekday,99,toward_ubc,arrival,12600,60358,UBC Exchange @ Unloading Only,2026-09-28T17:02:00-07:00,2026-09-28T17:02:00-07:00,2026-09-29T00:02:00Z,2026-09-29T00:02:00Z,15461307,99 Broadway B-Line/To UBC Exchange,1,0,https://gtfs-static.translink.ca/gtfs/google_transit.zip
26SEP_20260925,20260907,20270103,2026-09-28,weekday,99,toward_ubc,arrival,12600,60358,UBC Exchange @ Unloading Only,2026-09-28T17:04:00-07:00,2026-09-28T17:04:00-07:00,2026-09-29T00:04:00Z,2026-09-29T00:04:00Z,15461308,99 Broadway B-Line/To UBC Exchange,1,0,https://gtfs-static.translink.ca/gtfs/google_transit.zip
26SEP_20260925,20260907,20270103,2026-09-28,weekday,99,toward_ubc,arrival,12600,60358,UBC Exchange @ Unloading Only,2026-09-28T17:07:00-07:00,2026-09-28T17:07:00-07:00,2026-09-29T00:07:00Z,2026-09-29T00:07:00Z,15461309,99 Broadway B-Line/To UBC Exchange,1,0,https://gtfs-static.translink.ca/gtfs/google_transit.zip
26SEP_20260925,20260907,20270103,2026-09-28,weekday,99,toward_ubc,arrival,12600,60358,UBC Exchange @ Unloading Only,2026-09-28T17:12:00-07:00,2026-09-28T17:12:00-07:00,2026-09-29T00:12:00Z,2026-09-29T00:12:00Z,15461310,99 Broadway B-Line/To UBC Exchange,1,0,https://gtfs-static.translink.ca/gtfs/google_transit.zip
26SEP_20260925,20260907,20270103,2026-09-28,weekday,99,toward_ubc,arrival,12600,60358,UBC Exchange @ Unloading Only,2026-09-28T17:14:00-07:00,2026-09-28T17:14:00-07:00,2026-09-29T00:14:00Z,2026-09-29T00:14:00Z,15461311,99 Broadway B-Line/To UBC Exchange,1,0,https://gtfs-static.translink.ca/gtfs/google_transit.zip
26SEP_20260925,20260907,20270103,2026-09-28,weekday,99,toward_ubc,arrival,12600,60358,UBC Exchange @ Unloading Only,2026-09-28T17:17:00-07:00,2026-09-28T17:17:00-07:00,2026-09-29T00:17:00Z,2026-09-29T00:17:00Z,15461312,99 Broadway B-Line/To UBC Exchange,1,0,https://gtfs-static.translink.ca/gtfs/google_transit.zip
26SEP_20260925,20260907,20270103,2026-09-28,weekday,99,toward_ubc,arrival,12600,60358,UBC Exchange @ Unloading Only,2026-09-28T17:22:00-07:00,2026-09-28T17:22:00-07:00,2026-09-29T00:22:00Z,2026-09-29T00:22:00Z,15461313,99 Broadway B-Line/To UBC Exchange,1,0,https://gtfs-static.translink.ca/gtfs/google_transit.zip
26SEP_20260925,20260907,20270103,2026-09-28,weekday,99,toward_ubc,arrival,12600,60358,UBC Exchange @ Unloading Only,2026-09-28T17:24:00-07:00,2026-09-28T17:24:00-07:00,2026-09-29T00:24:00Z,2026-09-29T00:24:00Z,15461314,99 Broadway B-Line/To UBC Exchange,1,0,https://gtfs-static.translink.ca/gtfs/google_transit.zip
26SEP_20260925,20260907,20270103,2026-09-28,weekday,99,toward_ubc,arrival,12600,60358,UBC Exchange @ Unloading Only,2026-09-28T17:28:00-07:00,2026-09-28T17:28:00-07:00,2026-09-29T00:28:00Z,2026-09-29T00:28:00Z,15461315,99 Broadway B-Line/To UBC Exchange,1,0,https://gtfs-static.translink.ca/gtfs/google_transit.zip
26SEP_20260925,20260907,20270103,2026-09-28,weekday,99,toward_ubc,arrival,12600,60358,UBC Exchange @ Unloading Only,2026-09-28T17:30:00-07:00,2026-09-28T17:30:00-07:00,2026-09-29T00:30:00Z,2026-09-29T00:30:00Z,15461316,99 Broadway B-Line/To UBC Exchange,1,0,https://gtfs-static.translink.ca/gtfs/google_transit.zip
26SEP_20260925,20260907,20270103,2026-09-28,weekday,99,toward_ubc,arrival,12600,60358,UBC Exchange @ Unloading Only,2026-09-28T17:33:00-07:00,2026-09-28T17:33:00-07:00,2026-09-29T00:33:00Z,2026-09-29T00:33:00Z,15461317,99 Broadway B-Line/To UBC Exchange,1,0,https://gtfs-static.translink.ca/gtfs/google_transit.zip
26SEP_20260925,20260907,20270103,2026-09-28,weekday,99,toward_ubc,arrival,12600,60358,UBC Exchange @ Unloading Only,2026-09-28T17:36:00-07:00,2026-09-28T17:36:00-07:00,2026-09-29T00:36:00Z,2026-09-29T00:36:00Z,15461318,99 Broadway B-Line/To UBC Exchange,1,0,https://gtfs-static.translink.ca/gtfs/google_transit.zip
26SEP_20260925,20260907,20270103,2026-09-28,weekday,99,toward_ubc,arrival,12600,60358,UBC Exchange @ Unloading Only,2026-09-28T17:38:00-07:00,2026-09-28T17:38:00-07:00,2026-09-29T00:38:00Z,2026-09-29T00:38:00Z,15461319,99 Broadway B-Line/To UBC Exchange,1,0,https://gtfs-static.translink.ca/gtfs/google_transit.zip
26SEP_20260925,20260907,20270103,2026-09-28,weekday,99,toward_ubc,arrival,12600,60358,UBC Exchange @ Unloading Only,2026-09-28T17:41:00-07:00,2026-09-28T17:41:00-07:00,2026-09-29T00:41:00Z,2026-09-29T00:41:00Z,15461320,99 Broadway B-Line/To UBC Exchange,1,0,https://gtfs-static.translink.ca/gtfs/google_transit.zip
26SEP_20260925,20260907,20270103,2026-09-28,weekday,99,toward_ubc,arrival,12600,60358,UBC Exchange @ Unloading Only,2026-09-28T17:45:00-07:00,2026-09-28T17:45:00-07:00,2026-09-29T00:45:00Z,2026-09-29T00:45:00Z,15461321,99 Broadway B-Line/To UBC Exchange,1,0,https://gtfs-static.translink.ca/gtfs/google_transit.zip
26SEP_20260925,20260907,20270103,2026-09-28,weekday,99,toward_ubc,arrival,12600,60358,UBC Exchange @ Unloading Only,2026-09-28T17:49:00-07:00,2026-09-28T17:49:00-07:00,2026-09-29T00:49:00Z,2026-09-29T00:49:00Z,15461322,99 Broadway B-Line/To UBC Exchange,1,0,https://gtfs-static.translink.ca/gtfs/google_transit.zip
26SEP_20260925,20260907,20270103,2026-09-28,weekday,99,toward_ubc,arrival,12600,60358,UBC Exchange @ Unloading Only,2026-09-28T17:52:00-07:00,2026-09-28T17:52:00-07:00,2026-09-29T00:52:00Z,2026-09-29T00:52:00Z,15461323,99 Broadway B-Line/To UBC Exchange,1,0,https://gtfs-static.translink.ca/gtfs/google_transit.zip
26SEP_20260925,20260907,20270103,2026-09-28,weekday,99,toward_ubc,arrival,12600,60358,UBC Exchange @ Unloading Only,2026-09-28T17:58:00-07:00,2026-09-28T17:58:00-07:00,2026-09-29T00:58:00Z,2026-09-29T00:58:00Z,15461324,99 Broadway B-Line/To UBC Exchange,1,0,https://gtfs-static.translink.ca/gtfs/google_transit.zip
26SEP_20260925,20260907,20270103,2026-09-28,weekday,99,toward_ubc,arrival,12600,60358,UBC Exchange @ Unloading Only,2026-09-28T18:01:00-07:00,2026-09-28T18:01:00-07:00,2026-09-29T01:01:00Z,2026-09-29T01:01:00Z,15461325,99 Broadway B-Line/To UBC Exchange,1,0,https://gtfs-static.translink.ca/gtfs/google_transit.zip
26SEP_20260925,20260907,20270103,2026-09-28,weekday,99,toward_ubc,arrival,12600,60358,UBC Exchange @ Unloading Only,2026-09-28T18:04:00-07:00,2026-09-28T18:04:00-07:00,2026-09-29T01:04:00Z,2026-09-29T01:04:00Z,15461326,99 Broadway B-Line/To UBC Exchange,1,0,https://gtfs-static.translink.ca/gtfs/google_transit.zip
26SEP_20260925,20260907,20270103,2026-09-28,weekday,99,toward_ubc,arrival,12600,60358,UBC Exchange @ Unloading Only,2026-09-28T18:08:00-07:00,2026-09-28T18:08:00-07:00,2026-09-29T01:08:00Z,2026-09-29T01:08:00Z,15461327,99 Broadway B-Line/To UBC Exchange,1,0,https://gtfs-static.translink.ca/gtfs/google_transit.zip
26SEP_20260925,20260907,20270103,2026-09-28,weekday,99,toward_ubc,arrival,12600,60358,UBC Exchange @ Unloading Only,2026-09-28T18:11:00-07:00,2026-09-28T18:11:00-07:00,2026-09-29T01:11:00Z,2026-09-29T01:11:00Z,15461328,99 Broadway B-Line/To UBC Exchange,1,0,https://gtfs-static.translink.ca/gtfs/google_transit.zip
26SEP_20260925,20260907,20270103,2026-09-28,weekday,99,toward_ubc,arrival,12600,60358,UBC Exchange @ Unloading Only,2026-09-28T18:16:00-07:00,2026-09-28T18:16:00-07:00,2026-09-29T01:16:00Z,2026-09-29T01:16:00Z,15461329,99 Broadway B-Line/To UBC Exchange,1,0,https://gtfs-static.translink.ca/gtfs/google_transit.zip
26SEP_20260925,20260907,20270103,2026-09-28,weekday,99,toward_ubc,arrival,12600,60358,UBC Exchange @ Unloading Only,2026-09-28T18:19:00-07:00,2026-09-28T18:19:00-07:00,2026-09-29T01:19:00Z,2026-09-29T01:19:00Z,15461330,99 Broadway B-Line/To UBC Exchange,1,0,https://gtfs-static.translink.ca/gtfs/google_transit.zip
26SEP_20260925,20260907,20270103,2026-09-28,weekday,99,toward_ubc,arrival,12600,60358,UBC Exchange @ Unloading Only,2026-09-28T18:24:00-07:00,2026-09-28T18:24:00-07:00,2026-09-29T01:24:00Z,2026-09-29T01:24:00Z,15461331,99 Broadway B-Line/To UBC Exchange,1,0,https://gtfs-static.translink.ca/gtfs/google_transit.zip
26SEP_20260925,20260907,20270103,2026-09-28,weekday,99,toward_ubc,arrival,12600,60358,UBC Exchange @ Unloading Only,2026-09-28T18:29:00-07:00,2026-09-28T18:29:00-07:00,2026-09-29T01:29:00Z,2026-09-29T01:29:00Z,15461332,99 Broadway B-Line/To UBC Exchange,1,0,https://gtfs-static.translink.ca/gtfs/google_transit.zip
26SEP_20260925,20260907,20270103,2026-09-28,weekday,99,toward_ubc,arrival,12600,60358,UBC Exchange @ Unloading Only,2026-09-28T18:33:00-07:00,2026-09-28T18:33:00-07:00,2026-09-29T01:33:00Z,2026-09-29T01:33:00Z,15461333,99 Broadway B-Line/To UBC Exchange,1,0,https://gtfs-static.translink.ca/gtfs/google_transit.zip
26SEP_20260925,20260907,20270103,2026-09-28,weekday,99,toward_ubc,arrival,12600,60358,UBC Exchange @ Unloading Only,2026-09-28T18:40:00-07:00,2026-09-28T18:40:00-07:00,2026-09-29T01:40:00Z,2026-09-29T01:40:00Z,15461334,99 Broadway B-Line/To UBC Exchange,1,0,https://gtfs-static.translink.ca/gtfs/google_transit.zip
26SEP_20260925,20260907,20270103,2026-09-28,weekday,99,toward_ubc,arrival,12600,60358,UBC Exchange @ Unloading Only,2026-09-28T18:46:00-07:00,2026-09-28T18:46:00-07:00,2026-09-29T01:46:00Z,2026-09-29T01:46:00Z,15461335,99 Broadway B-Line/To UBC Exchange,1,0,https://gtfs-static.translink.ca/gtfs/google_transit.zip
26SEP_20260925,20260907,20270103,2026-09-28,weekday,99,toward_ubc,arrival,12600,60358,UBC Exchange @ Unloading Only,2026-09-28T18:52:00-07:00,2026-09-28T18:52:00-07:00,2026-09-29T01:52:00Z,2026-09-29T01:52:00Z,15461336,99 Broadway B-Line/To UBC Exchange,1,0,https://gtfs-static.translink.ca/gtfs/google_transit.zip
26SEP_20260925,20260907,20270103,2026-09-28,weekday,99,toward_ubc,arrival,12600,60358,UBC Exchange @ Unloading Only,2026-09-28T18:57:00-07:00,2026-09-28T18:57:00-07:00,2026-09-29T01:57:00Z,2026-09-29T01:57:00Z,15461337,99 Broadway B-Line/To UBC Exchange,1,0,https://gtfs-static.translink.ca/gtfs/google_transit.zip
26SEP_20260925,20260907,20270103,2026-09-28,weekday,99,toward_ubc,arrival,12600,60358,UBC Exchange @ Unloading Only,2026-09-28T19:03:00-07:00,2026-09-28T19:03:00-07:00,2026-09-29T02:03:00Z,2026-09-29T02:03:00Z,15461338,99 Broadway B-Line/To UBC Exchange,1,0,https://gtfs-static.translink.ca/gtfs/google_transit.zip
26SEP_20260925,20260907,20270103,2026-09-28,weekday,99,toward_ubc,arrival,12600,60358,UBC Exchange @ Unloading Only,2026-09-28T19:13:00-07:00,2026-09-28T19:13:00-07:00,2026-09-29T02:13:00Z,2026-09-29T02:13:00Z,15461339,99 Broadway B-Line/To UBC Exchange,1,0,https://gtfs-static.translink.ca/gtfs/google_transit.zip
26SEP_20260925,20260907,20270103,2026-09-28,weekday,99,toward_ubc,arrival,12600,60358,UBC Exchange @ Unloading Only,2026-09-28T19:15:00-07:00,2026-09-28T19:15:00-07:00,2026-09-29T02:15:00Z,2026-09-29T02:15:00Z,15461340,99 Broadway B-Line/To UBC Exchange,1,0,https://gtfs-static.translink.ca/gtfs/google_transit.zip
26SEP_20260925,20260907,20270103,2026-09-28,weekday,99,toward_ubc,arrival,12600,60358,UBC Exchange @ Unloading Only,2026-09-28T19:22:00-07:00,2026-09-28T19:22:00-07:00,2026-09-29T02:22:00Z,2026-09-29T02:22:00Z,15461341,99 Broadway B-Line/To UBC Exchange,1,0,https://gtfs-static.translink.ca/gtfs/google_transit.zip
26SEP_20260925,20260907,20270103,2026-09-28,weekday,99,toward_ubc,arrival,12600,60358,UBC Exchange @ Unloading Only,2026-09-28T19:30:00-07:00,2026-09-28T19:30:00-07:00,2026-09-29T02:30:00Z,2026-09-29T02:30:00Z,15461342,99 Broadway B-Line/To UBC Exchange,1,0,https://gtfs-static.translink.ca/gtfs/google_transit.zip
26SEP_20260925,20260907,20270103,2026-09-28,weekday,99,toward_ubc,arrival,12600,60358,UBC Exchange @ Unloading Only,2026-09-28T19:37:00-07:00,2026-09-28T19:37:00-07:00,2026-09-29T02:37:00Z,2026-09-29T02:37:00Z,15461343,99 Broadway B-Line/To UBC Exchange,1,0,https://gtfs-static.translink.ca/gtfs/google_transit.zip
26SEP_20260925,20260907,20270103,2026-09-28,weekday,99,toward_ubc,arrival,12600,60358,UBC Exchange @ Unloading Only,2026-09-28T19:44:00-07:00,2026-09-28T19:44:00-07:00,2026-09-29T02:44:00Z,2026-09-29T02:44:00Z,15461344,99 Broadway B-Line/To UBC Exchange,1,0,https://gtfs-static.translink.ca/gtfs/google_transit.zip
26SEP_20260925,20260907,20270103,2026-09-28,weekday,99,toward_ubc,arrival,12600,60358,UBC Exchange @ Unloading Only,2026-09-28T19:51:00-07:00,2026-09-28T19:51:00-07:00,2026-09-29T02:51:00Z,2026-09-29T02:51:00Z,15461345,99 Broadway B-Line/To UBC Exchange,1,0,https://gtfs-static.translink.ca/gtfs/google_transit.zip
26SEP_20260925,20260907,20270103,2026-09-28,weekday,99,toward_ubc,arrival,12600,60358,UBC Exchange @ Unloading Only,2026-09-28T20:00:00-07:00,2026-09-28T20:00:00-07:00,2026-09-29T03:00:00Z,2026-09-29T03:00:00Z,15461346,99 Broadway B-Line/To UBC Exchange,1,0,https://gtfs-static.translink.ca/gtfs/google_transit.zip
26SEP_20260925,20260907,20270103,2026-09-28,weekday,99,toward_ubc,arrival,12600,60358,UBC Exchange @ Unloading Only,2026-09-28T20:06:00-07:00,2026-09-28T20:06:00-07:00,2026-09-29T03:06:00Z,2026-09-29T03:06:00Z,15461347,99 Broadway B-Line/To UBC Exchange,1,0,https://gtfs-static.translink.ca/gtfs/google_transit.zip
26SEP_20260925,20260907,20270103,2026-09-28,weekday,99,toward_ubc,arrival,12600,60358,UBC Exchange @ Unloading Only,2026-09-28T20:12:00-07:00,2026-09-28T20:12:00-07:00,2026-09-29T03:12:00Z,2026-09-29T03:12:00Z,15461348,99 Broadway B-Line/To UBC Exchange,1,0,https://gtfs-static.translink.ca/gtfs/google_transit.zip
26SEP_20260925,20260907,20270103,2026-09-28,weekday,99,toward_ubc,arrival,12600,60358,UBC Exchange @ Unloading Only,2026-09-28T20:20:00-07:00,2026-09-28T20:20:00-07:00,2026-09-29T03:20:00Z,2026-09-29T03:20:00Z,15461349,99 Broadway B-Line/To UBC Exchange,1,0,https://gtfs-static.translink.ca/gtfs/google_transit.zip
26SEP_20260925,20260907,20270103,2026-09-28,weekday,99,toward_ubc,arrival,12600,60358,UBC Exchange @ Unloading Only,2026-09-28T20:30:00-07:00,2026-09-28T20:30:00-07:00,2026-09-29T03:30:00Z,2026-09-29T03:30:00Z,15461350,99 Broadway B-Line/To UBC Exchange,1,0,https://gtfs-static.translink.ca/gtfs/google_transit.zip
26SEP_20260925,20260907,20270103,2026-09-28,weekday,99,toward_ubc,arrival,12600,60358,UBC Exchange @ Unloading Only,2026-09-28T20:41:00-07:00,2026-09-28T20:41:00-07:00,2026-09-29T03:41:00Z,2026-09-29T03:41:00Z,15461351,99 Broadway B-Line/To UBC Exchange,1,0,https://gtfs-static.translink.ca/gtfs/google_transit.zip
26SEP_20260925,20260907,20270103,2026-09-28,weekday,99,toward_ubc,arrival,12600,60358,UBC Exchange @ Unloading Only,2026-09-28T20:50:00-07:00,2026-09-28T20:50:00-07:00,2026-09-29T03:50:00Z,2026-09-29T03:50:00Z,15461352,99 Broadway B-Line/To UBC Exchange,1,0,https://gtfs-static.translink.ca/gtfs/google_transit.zip
26SEP_20260925,20260907,20270103,2026-09-28,weekday,99,toward_ubc,arrival,12600,60358,UBC Exchange @ Unloading Only,2026-09-28T21:00:00-07:00,2026-09-28T21:00:00-07:00,2026-09-29T04:00:00Z,2026-09-29T04:00:00Z,15461353,99 Broadway B-Line/To UBC Exchange,1,0,https://gtfs-static.translink.ca/gtfs/google_transit.zip
26SEP_20260925,20260907,20270103,2026-09-28,weekday,99,toward_ubc,arrival,12600,60358,UBC Exchange @ Unloading Only,2026-09-28T21:10:00-07:00,2026-09-28T21:10:00-07:00,2026-09-29T04:10:00Z,2026-09-29T04:10:00Z,15461354,99 Broadway B-Line/To UBC Exchange,1,0,https://gtfs-static.translink.ca/gtfs/google_transit.zip
26SEP_20260925,20260907,20270103,2026-09-28,weekday,99,toward_ubc,arrival,12600,60358,UBC Exchange @ Unloading Only,2026-09-28T21:20:00-07:00,2026-09-28T21:20:00-07:00,2026-09-29T04:20:00Z,2026-09-29T04:20:00Z,15461355,99 Broadway B-Line/To UBC Exchange,1,0,https://gtfs-static.translink.ca/gtfs/google_transit.zip
26SEP_20260925,20260907,20270103,2026-09-28,weekday,99,toward_ubc,arrival,12600,60358,UBC Exchange @ Unloading Only,2026-09-28T21:29:00-07:00,2026-09-28T21:29:00-07:00,2026-09-29T04:29:00Z,2026-09-29T04:29:00Z,15461356,99 Broadway B-Line/To UBC Exchange,1,0,https://gtfs-static.translink.ca/gtfs/google_transit.zip
26SEP_20260925,20260907,20270103,2026-09-28,weekday,99,toward_ubc,arrival,12600,60358,UBC Exchange @ Unloading Only,2026-09-28T21:39:00-07:00,2026-09-28T21:39:00-07:00,2026-09-29T04:39:00Z,2026-09-29T04:39:00Z,15461357,99 Broadway B-Line/To UBC Exchange,1,0,https://gtfs-static.translink.ca/gtfs/google_transit.zip
26SEP_20260925,20260907,20270103,2026-09-28,weekday,99,toward_ubc,arrival,12600,60358,UBC Exchange @ Unloading Only,2026-09-28T21:52:00-07:00,2026-09-28T21:52:00-07:00,2026-09-29T04:52:00Z,2026-09-29T04:52:00Z,15461358,99 Broadway B-Line/To UBC Exchange,1,0,https://gtfs-static.translink.ca/gtfs/google_transit.zip
26SEP_20260925,20260907,20270103,2026-09-28,weekday,99,toward_ubc,arrival,12600,60358,UBC Exchange @ Unloading Only,2026-09-28T22:06:00-07:00,2026-09-28T22:06:00-07:00,2026-09-29T05:06:00Z,2026-09-29T05:06:00Z,15461359,99 Broadway B-Line/To UBC Exchange,1,0,https://gtfs-static.translink.ca/gtfs/google_transit.zip
26SEP_20260925,20260907,20270103,2026-09-28,weekday,99,toward_ubc,arrival,12600,60358,UBC Exchange @ Unloading Only,2026-09-28T22:21:00-07:00,2026-09-28T22:21:00-07:00,2026-09-29T05:21:00Z,2026-09-29T05:21:00Z,15461360,99 Broadway B-Line/To UBC Exchange,1,0,https://gtfs-static.translink.ca/gtfs/google_transit.zip
26SEP_20260925,20260907,20270103,2026-09-28,weekday,99,toward_ubc,arrival,12600,60358,UBC Exchange @ Unloading Only,2026-09-28T22:36:00-07:00,2026-09-28T22:36:00-07:00,2026-09-29T05:36:00Z,2026-09-29T05:36:00Z,15461361,99 Broadway B-Line/To UBC Exchange,1,0,https://gtfs-static.translink.ca/gtfs/google_transit.zip
26SEP_20260925,20260907,20270103,2026-09-28,weekday,99,toward_ubc,arrival,12600,60358,UBC Exchange @ Unloading Only,2026-09-28T22:50:00-07:00,2026-09-28T22:50:00-07:00,2026-09-29T05:50:00Z,2026-09-29T05:50:00Z,15461362,99 Broadway B-Line/To UBC Exchange,1,0,https://gtfs-static.translink.ca/gtfs/google_transit.zip
26SEP_20260925,20260907,20270103,2026-09-28,weekday,99,toward_ubc,arrival,12600,60358,UBC Exchange @ Unloading Only,2026-09-28T23:06:00-07:00,2026-09-28T23:06:00-07:00,2026-09-29T06:06:00Z,2026-09-29T06:06:00Z,15461363,99 Broadway B-Line/To UBC Exchange,1,0,https://gtfs-static.translink.ca/gtfs/google_transit.zip
26SEP_20260925,20260907,20270103,2026-09-28,weekday,99,toward_ubc,arrival,12600,60358,UBC Exchange @ Unloading Only,2026-09-28T23:21:00-07:00,2026-09-28T23:21:00-07:00,2026-09-29T06:21:00Z,2026-09-29T06:21:00Z,15461364,99 Broadway B-Line/To UBC Exchange,1,0,https://gtfs-static.translink.ca/gtfs/google_transit.zip
26SEP_20260925,20260907,20270103,2026-09-28,weekday,99,toward_ubc,arrival,12600,60358,UBC Exchange @ Unloading Only,2026-09-28T23:36:00-07:00,2026-09-28T23:36:00-07:00,2026-09-29T06:36:00Z,2026-09-29T06:36:00Z,15461365,99 Broadway B-Line/To UBC Exchange,1,0,https://gtfs-static.translink.ca/gtfs/google_transit.zip
26SEP_20260925,20260907,20270103,2026-09-28,weekday,99,toward_ubc,arrival,12600,60358,UBC Exchange @ Unloading Only,2026-09-28T23:51:00-07:00,2026-09-28T23:51:00-07:00,2026-09-29T06:51:00Z,2026-09-29T06:51:00Z,15461366,99 Broadway B-Line/To UBC Exchange,1,0,https://gtfs-static.translink.ca/gtfs/google_transit.zip
26SEP_20260925,20260907,20270103,2026-09-28,weekday,99,toward_ubc,arrival,12600,60358,UBC Exchange @ Unloading Only,2026-09-29T00:06:00-07:00,2026-09-29T00:06:00-07:00,2026-09-29T07:06:00Z,2026-09-29T07:06:00Z,15461367,99 Broadway B-Line/To UBC Exchange,1,0,https://gtfs-static.translink.ca/gtfs/google_transit.zip
26SEP_20260925,20260907,20270103,2026-09-28,weekday,99,toward_ubc,arrival,12600,60358,UBC Exchange @ Unloading Only,2026-09-29T00:21:00-07:00,2026-09-29T00:21:00-07:00,2026-09-29T07:21:00Z,2026-09-29T07:21:00Z,15461368,99 Broadway B-Line/To UBC Exchange,1,0,https://gtfs-static.translink.ca/gtfs/google_transit.zip
26SEP_20260925,20260907,20270103,2026-09-28,weekday,99,toward_ubc,arrival,12600,60358,UBC Exchange @ Unloading Only,2026-09-29T00:34:00-07:00,2026-09-29T00:34:00-07:00,2026-09-29T07:34:00Z,2026-09-29T07:34:00Z,15461369,99 Broadway B-Line/To UBC Exchange,1,0,https://gtfs-static.translink.ca/gtfs/google_transit.zip
26SEP_20260925,20260907,20270103,2026-09-28,weekday,99,toward_ubc,arrival,12600,60358,UBC Exchange @ Unloading Only,2026-09-29T00:47:00-07:00,2026-09-29T00:47:00-07:00,2026-09-29T07:47:00Z,2026-09-29T07:47:00Z,15461370,99 Broadway B-Line/To UBC Exchange,1,0,https://gtfs-static.translink.ca/gtfs/google_transit.zip
26SEP_20260925,20260907,20270103,2026-09-28,weekday,99,toward_ubc,arrival,12600,60358,UBC Exchange @ Unloading Only,2026-09-29T01:02:00-07:00,2026-09-29T01:02:00-07:00,2026-09-29T08:02:00Z,2026-09-29T08:02:00Z,15461371,99 Broadway B-Line/To UBC Exchange,1,0,https://gtfs-static.translink.ca/gtfs/google_transit.zip
26SEP_20260925,20260907,20270103,2026-09-28,weekday,99,toward_ubc,arrival,12600,60358,UBC Exchange @ Unloading Only,2026-09-29T01:17:00-07:00,2026-09-29T01:17:00-07:00,2026-09-29T08:17:00Z,2026-09-29T08:17:00Z,15461372,99 Broadway B-Line/To UBC Exchange,1,0,https://gtfs-static.translink.ca/gtfs/google_transit.zip
26SEP_20260925,20260907,20270103,2026-09-28,weekday,99,toward_ubc,arrival,12600,60358,UBC Exchange @ Unloading Only,2026-09-29T01:32:00-07:00,2026-09-29T01:32:00-07:00,2026-09-29T08:32:00Z,2026-09-29T08:32:00Z,15461373,99 Broadway B-Line/To UBC Exchange,1,0,https://gtfs-static.translink.ca/gtfs/google_transit.zip
26SEP_20260925,20260907,20270103,2026-09-28,weekday,99,toward_ubc,arrival,12600,60358,UBC Exchange @ Unloading Only,2026-09-29T01:46:00-07:00,2026-09-29T01:46:00-07:00,2026-09-29T08:46:00Z,2026-09-29T08:46:00Z,15461374,99 Broadway B-Line/To UBC Exchange,1,0,https://gtfs-static.translink.ca/gtfs/google_transit.zip
26SEP_20260925,20260907,20270103,2026-09-28,weekday,99,toward_ubc,arrival,12600,60358,UBC Exchange @ Unloading Only,2026-09-29T02:06:00-07:00,2026-09-29T02:06:00-07:00,2026-09-29T09:06:00Z,2026-09-29T09:06:00Z,15461375,99 Broadway B-Line/To UBC Exchange,1,0,https://gtfs-static.translink.ca/gtfs/google_transit.zip
26SEP_20260925,20260907,20270103,2026-09-28,weekday,99,toward_ubc,arrival,12600,60358,UBC Exchange @ Unloading Only,2026-09-29T02:31:00-07:00,2026-09-29T02:31:00-07:00,2026-09-29T09:31:00Z,2026-09-29T09:31:00Z,15461376,99 Broadway B-Line/To UBC Exchange,1,0,https://gtfs-static.translink.ca/gtfs/google_transit.zip
26SEP_20260925,20260907,20270103,2026-09-28,weekday,R4,away_from_ubc,departure,12361,60162,UBC Exchange @ Bay 4,2026-09-28T05:06:00-07:00,2026-09-28T05:06:00-07:00,2026-09-28T12:06:00Z,2026-09-28T12:06:00Z,15509092,R4 41st Avenue/To Joyce Station,0,0,https://gtfs-static.translink.ca/gtfs/google_transit.zip
26SEP_20260925,20260907,20270103,2026-09-28,weekday,R4,away_from_ubc,departure,12361,60162,UBC Exchange @ Bay 4,2026-09-28T05:21:00-07:00,2026-09-28T05:21:00-07:00,2026-09-28T12:21:00Z,2026-09-28T12:21:00Z,15509093,R4 41st Avenue/To Joyce Station,0,0,https://gtfs-static.translink.ca/gtfs/google_transit.zip
26SEP_20260925,20260907,20270103,2026-09-28,weekday,R4,away_from_ubc,departure,12361,60162,UBC Exchange @ Bay 4,2026-09-28T05:36:00-07:00,2026-09-28T05:36:00-07:00,2026-09-28T12:36:00Z,2026-09-28T12:36:00Z,15509094,R4 41st Avenue/To Joyce Station,0,0,https://gtfs-static.translink.ca/gtfs/google_transit.zip
26SEP_20260925,20260907,20270103,2026-09-28,weekday,R4,away_from_ubc,departure,12361,60162,UBC Exchange @ Bay 4,2026-09-28T05:51:00-07:00,2026-09-28T05:51:00-07:00,2026-09-28T12:51:00Z,2026-09-28T12:51:00Z,15509095,R4 41st Avenue/To Joyce Station,0,0,https://gtfs-static.translink.ca/gtfs/google_transit.zip
26SEP_20260925,20260907,20270103,2026-09-28,weekday,R4,away_from_ubc,departure,12361,60162,UBC Exchange @ Bay 4,2026-09-28T06:06:00-07:00,2026-09-28T06:06:00-07:00,2026-09-28T13:06:00Z,2026-09-28T13:06:00Z,15509096,R4 41st Avenue/To Joyce Station,0,0,https://gtfs-static.translink.ca/gtfs/google_transit.zip
26SEP_20260925,20260907,20270103,2026-09-28,weekday,R4,away_from_ubc,departure,12361,60162,UBC Exchange @ Bay 4,2026-09-28T06:16:00-07:00,2026-09-28T06:16:00-07:00,2026-09-28T13:16:00Z,2026-09-28T13:16:00Z,15509097,R4 41st Avenue/To Joyce Station,0,0,https://gtfs-static.translink.ca/gtfs/google_transit.zip
26SEP_20260925,20260907,20270103,2026-09-28,weekday,R4,away_from_ubc,departure,12361,60162,UBC Exchange @ Bay 4,2026-09-28T06:28:00-07:00,2026-09-28T06:28:00-07:00,2026-09-28T13:28:00Z,2026-09-28T13:28:00Z,15509098,R4 41st Avenue/To Joyce Station,0,0,https://gtfs-static.translink.ca/gtfs/google_transit.zip
26SEP_20260925,20260907,20270103,2026-09-28,weekday,R4,away_from_ubc,departure,12361,60162,UBC Exchange @ Bay 4,2026-09-28T06:38:00-07:00,2026-09-28T06:38:00-07:00,2026-09-28T13:38:00Z,2026-09-28T13:38:00Z,15509099,R4 41st Avenue/To Joyce Station,0,0,https://gtfs-static.translink.ca/gtfs/google_transit.zip
26SEP_20260925,20260907,20270103,2026-09-28,weekday,R4,away_from_ubc,departure,12361,60162,UBC Exchange @ Bay 4,2026-09-28T06:49:00-07:00,2026-09-28T06:49:00-07:00,2026-09-28T13:49:00Z,2026-09-28T13:49:00Z,15509100,R4 41st Avenue/To Joyce Station,0,0,https://gtfs-static.translink.ca/gtfs/google_transit.zip
26SEP_20260925,20260907,20270103,2026-09-28,weekday,R4,away_from_ubc,departure,12361,60162,UBC Exchange @ Bay 4,2026-09-28T06:52:00-07:00,2026-09-28T06:52:00-07:00,2026-09-28T13:52:00Z,2026-09-28T13:52:00Z,15509101,R4 41st Avenue/To Joyce Station,0,0,https://gtfs-static.translink.ca/gtfs/google_transit.zip
26SEP_20260925,20260907,20270103,2026-09-28,weekday,R4,away_from_ubc,departure,12361,60162,UBC Exchange @ Bay 4,2026-09-28T06:55:00-07:00,2026-09-28T06:55:00-07:00,2026-09-28T13:55:00Z,2026-09-28T13:55:00Z,15509102,R4 41st Avenue/To Joyce Station,0,0,https://gtfs-static.translink.ca/gtfs/google_transit.zip
26SEP_20260925,20260907,20270103,2026-09-28,weekday,R4,away_from_ubc,departure,12361,60162,UBC Exchange @ Bay 4,2026-09-28T06:58:00-07:00,2026-09-28T06:58:00-07:00,2026-09-28T13:58:00Z,2026-09-28T13:58:00Z,15509103,R4 41st Avenue/To Joyce Station,0,0,https://gtfs-static.translink.ca/gtfs/google_transit.zip
26SEP_20260925,20260907,20270103,2026-09-28,weekday,R4,away_from_ubc,departure,12361,60162,UBC Exchange @ Bay 4,2026-09-28T07:01:00-07:00,2026-09-28T07:01:00-07:00,2026-09-28T14:01:00Z,2026-09-28T14:01:00Z,15509219,R4 41st Avenue/To Joyce Station,0,0,https://gtfs-static.translink.ca/gtfs/google_transit.zip
26SEP_20260925,20260907,20270103,2026-09-28,weekday,R4,away_from_ubc,departure,12361,60162,UBC Exchange @ Bay 4,2026-09-28T07:04:00-07:00,2026-09-28T07:04:00-07:00,2026-09-28T14:04:00Z,2026-09-28T14:04:00Z,15509104,R4 41st Avenue/To Joyce Station,0,0,https://gtfs-static.translink.ca/gtfs/google_transit.zip
26SEP_20260925,20260907,20270103,2026-09-28,weekday,R4,away_from_ubc,departure,12361,60162,UBC Exchange @ Bay 4,2026-09-28T07:07:00-07:00,2026-09-28T07:07:00-07:00,2026-09-28T14:07:00Z,2026-09-28T14:07:00Z,15509105,R4 41st Avenue/To Joyce Station,0,0,https://gtfs-static.translink.ca/gtfs/google_transit.zip
26SEP_20260925,20260907,20270103,2026-09-28,weekday,R4,away_from_ubc,departure,12361,60162,UBC Exchange @ Bay 4,2026-09-28T07:10:00-07:00,2026-09-28T07:10:00-07:00,2026-09-28T14:10:00Z,2026-09-28T14:10:00Z,15509220,R4 41st Avenue/To Joyce Station,0,0,https://gtfs-static.translink.ca/gtfs/google_transit.zip
26SEP_20260925,20260907,20270103,2026-09-28,weekday,R4,away_from_ubc,departure,12361,60162,UBC Exchange @ Bay 4,2026-09-28T07:13:00-07:00,2026-09-28T07:13:00-07:00,2026-09-28T14:13:00Z,2026-09-28T14:13:00Z,15509106,R4 41st Avenue/To Joyce Station,0,0,https://gtfs-static.translink.ca/gtfs/google_transit.zip
26SEP_20260925,20260907,20270103,2026-09-28,weekday,R4,away_from_ubc,departure,12361,60162,UBC Exchange @ Bay 4,2026-09-28T07:16:00-07:00,2026-09-28T07:16:00-07:00,2026-09-28T14:16:00Z,2026-09-28T14:16:00Z,15509217,R4 41st Avenue/To Joyce Station,0,0,https://gtfs-static.translink.ca/gtfs/google_transit.zip
26SEP_20260925,20260907,20270103,2026-09-28,weekday,R4,away_from_ubc,departure,12361,60162,UBC Exchange @ Bay 4,2026-09-28T07:19:00-07:00,2026-09-28T07:19:00-07:00,2026-09-28T14:19:00Z,2026-09-28T14:19:00Z,15509107,R4 41st Avenue/To Joyce Station,0,0,https://gtfs-static.translink.ca/gtfs/google_transit.zip
26SEP_20260925,20260907,20270103,2026-09-28,weekday,R4,away_from_ubc,departure,12361,60162,UBC Exchange @ Bay 4,2026-09-28T07:22:00-07:00,2026-09-28T07:22:00-07:00,2026-09-28T14:22:00Z,2026-09-28T14:22:00Z,15509108,R4 41st Avenue/To Joyce Station,0,0,https://gtfs-static.translink.ca/gtfs/google_transit.zip
26SEP_20260925,20260907,20270103,2026-09-28,weekday,R4,away_from_ubc,departure,12361,60162,UBC Exchange @ Bay 4,2026-09-28T07:25:00-07:00,2026-09-28T07:25:00-07:00,2026-09-28T14:25:00Z,2026-09-28T14:25:00Z,15509109,R4 41st Avenue/To Joyce Station,0,0,https://gtfs-static.translink.ca/gtfs/google_transit.zip
26SEP_20260925,20260907,20270103,2026-09-28,weekday,R4,away_from_ubc,departure,12361,60162,UBC Exchange @ Bay 4,2026-09-28T07:28:00-07:00,2026-09-28T07:28:00-07:00,2026-09-28T14:28:00Z,2026-09-28T14:28:00Z,15509214,R4 41st Avenue/To Joyce Station,0,0,https://gtfs-static.translink.ca/gtfs/google_transit.zip
26SEP_20260925,20260907,20270103,2026-09-28,weekday,R4,away_from_ubc,departure,12361,60162,UBC Exchange @ Bay 4,2026-09-28T07:31:00-07:00,2026-09-28T07:31:00-07:00,2026-09-28T14:31:00Z,2026-09-28T14:31:00Z,15509221,R4 41st Avenue/To Joyce Station,0,0,https://gtfs-static.translink.ca/gtfs/google_transit.zip
26SEP_20260925,20260907,20270103,2026-09-28,weekday,R4,away_from_ubc,departure,12361,60162,UBC Exchange @ Bay 4,2026-09-28T07:34:00-07:00,2026-09-28T07:34:00-07:00,2026-09-28T14:34:00Z,2026-09-28T14:34:00Z,15509215,R4 41st Avenue/To Joyce Station,0,0,https://gtfs-static.translink.ca/gtfs/google_transit.zip
26SEP_20260925,20260907,20270103,2026-09-28,weekday,R4,away_from_ubc,departure,12361,60162,UBC Exchange @ Bay 4,2026-09-28T07:37:00-07:00,2026-09-28T07:37:00-07:00,2026-09-28T14:37:00Z,2026-09-28T14:37:00Z,15509216,R4 41st Avenue/To Joyce Station,0,0,https://gtfs-static.translink.ca/gtfs/google_transit.zip
26SEP_20260925,20260907,20270103,2026-09-28,weekday,R4,away_from_ubc,departure,12361,60162,UBC Exchange @ Bay 4,2026-09-28T07:40:00-07:00,2026-09-28T07:40:00-07:00,2026-09-28T14:40:00Z,2026-09-28T14:40:00Z,15509110,R4 41st Avenue/To Joyce Station,0,0,https://gtfs-static.translink.ca/gtfs/google_transit.zip
26SEP_20260925,20260907,20270103,2026-09-28,weekday,R4,away_from_ubc,departure,12361,60162,UBC Exchange @ Bay 4,2026-09-28T07:43:00-07:00,2026-09-28T07:43:00-07:00,2026-09-28T14:43:00Z,2026-09-28T14:43:00Z,15509111,R4 41st Avenue/To Joyce Station,0,0,https://gtfs-static.translink.ca/gtfs/google_transit.zip
26SEP_20260925,20260907,20270103,2026-09-28,weekday,R4,away_from_ubc,departure,12361,60162,UBC Exchange @ Bay 4,2026-09-28T07:46:00-07:00,2026-09-28T07:46:00-07:00,2026-09-28T14:46:00Z,2026-09-28T14:46:00Z,15509112,R4 41st Avenue/To Joyce Station,0,0,https://gtfs-static.translink.ca/gtfs/google_transit.zip
26SEP_20260925,20260907,20270103,2026-09-28,weekday,R4,away_from_ubc,departure,12361,60162,UBC Exchange @ Bay 4,2026-09-28T07:49:00-07:00,2026-09-28T07:49:00-07:00,2026-09-28T14:49:00Z,2026-09-28T14:49:00Z,15509222,R4 41st Avenue/To Joyce Station,0,0,https://gtfs-static.translink.ca/gtfs/google_transit.zip
26SEP_20260925,20260907,20270103,2026-09-28,weekday,R4,away_from_ubc,departure,12361,60162,UBC Exchange @ Bay 4,2026-09-28T07:52:00-07:00,2026-09-28T07:52:00-07:00,2026-09-28T14:52:00Z,2026-09-28T14:52:00Z,15509113,R4 41st Avenue/To Joyce Station,0,0,https://gtfs-static.translink.ca/gtfs/google_transit.zip
26SEP_20260925,20260907,20270103,2026-09-28,weekday,R4,away_from_ubc,departure,12361,60162,UBC Exchange @ Bay 4,2026-09-28T07:55:00-07:00,2026-09-28T07:55:00-07:00,2026-09-28T14:55:00Z,2026-09-28T14:55:00Z,15509212,R4 41st Avenue/To Joyce Station,0,0,https://gtfs-static.translink.ca/gtfs/google_transit.zip
26SEP_20260925,20260907,20270103,2026-09-28,weekday,R4,away_from_ubc,departure,12361,60162,UBC Exchange @ Bay 4,2026-09-28T07:58:00-07:00,2026-09-28T07:58:00-07:00,2026-09-28T14:58:00Z,2026-09-28T14:58:00Z,15509213,R4 41st Avenue/To Joyce Station,0,0,https://gtfs-static.translink.ca/gtfs/google_transit.zip
26SEP_20260925,20260907,20270103,2026-09-28,weekday,R4,away_from_ubc,departure,12361,60162,UBC Exchange @ Bay 4,2026-09-28T08:01:00-07:00,2026-09-28T08:01:00-07:00,2026-09-28T15:01:00Z,2026-09-28T15:01:00Z,15509114,R4 41st Avenue/To Joyce Station,0,0,https://gtfs-static.translink.ca/gtfs/google_transit.zip
26SEP_20260925,20260907,20270103,2026-09-28,weekday,R4,away_from_ubc,departure,12361,60162,UBC Exchange @ Bay 4,2026-09-28T08:04:00-07:00,2026-09-28T08:04:00-07:00,2026-09-28T15:04:00Z,2026-09-28T15:04:00Z,15509210,R4 41st Avenue/To Joyce Station,0,0,https://gtfs-static.translink.ca/gtfs/google_transit.zip
26SEP_20260925,20260907,20270103,2026-09-28,weekday,R4,away_from_ubc,departure,12361,60162,UBC Exchange @ Bay 4,2026-09-28T08:07:00-07:00,2026-09-28T08:07:00-07:00,2026-09-28T15:07:00Z,2026-09-28T15:07:00Z,15509211,R4 41st Avenue/To Joyce Station,0,0,https://gtfs-static.translink.ca/gtfs/google_transit.zip
26SEP_20260925,20260907,20270103,2026-09-28,weekday,R4,away_from_ubc,departure,12361,60162,UBC Exchange @ Bay 4,2026-09-28T08:12:00-07:00,2026-09-28T08:12:00-07:00,2026-09-28T15:12:00Z,2026-09-28T15:12:00Z,15509027,R4 41st Avenue/To Joyce Station,0,0,https://gtfs-static.translink.ca/gtfs/google_transit.zip
26SEP_20260925,20260907,20270103,2026-09-28,weekday,R4,away_from_ubc,departure,12361,60162,UBC Exchange @ Bay 4,2026-09-28T08:16:00-07:00,2026-09-28T08:16:00-07:00,2026-09-28T15:16:00Z,2026-09-28T15:16:00Z,15509028,R4 41st Avenue/To Joyce Station,0,0,https://gtfs-static.translink.ca/gtfs/google_transit.zip
26SEP_20260925,20260907,20270103,2026-09-28,weekday,R4,away_from_ubc,departure,12361,60162,UBC Exchange @ Bay 4,2026-09-28T08:20:00-07:00,2026-09-28T08:20:00-07:00,2026-09-28T15:20:00Z,2026-09-28T15:20:00Z,15509029,R4 41st Avenue/To Joyce Station,0,0,https://gtfs-static.translink.ca/gtfs/google_transit.zip
26SEP_20260925,20260907,20270103,2026-09-28,weekday,R4,away_from_ubc,departure,12361,60162,UBC Exchange @ Bay 4,2026-09-28T08:24:00-07:00,2026-09-28T08:24:00-07:00,2026-09-28T15:24:00Z,2026-09-28T15:24:00Z,15509223,R4 41st Avenue/To Joyce Station,0,0,https://gtfs-static.translink.ca/gtfs/google_transit.zip
26SEP_20260925,20260907,20270103,2026-09-28,weekday,R4,away_from_ubc,departure,12361,60162,UBC Exchange @ Bay 4,2026-09-28T08:27:00-07:00,2026-09-28T08:27:00-07:00,2026-09-28T15:27:00Z,2026-09-28T15:27:00Z,15509030,R4 41st Avenue/To Joyce Station,0,0,https://gtfs-static.translink.ca/gtfs/google_transit.zip
26SEP_20260925,20260907,20270103,2026-09-28,weekday,R4,away_from_ubc,departure,12361,60162,UBC Exchange @ Bay 4,2026-09-28T08:30:00-07:00,2026-09-28T08:30:00-07:00,2026-09-28T15:30:00Z,2026-09-28T15:30:00Z,15509031,R4 41st Avenue/To Joyce Station,0,0,https://gtfs-static.translink.ca/gtfs/google_transit.zip
26SEP_20260925,20260907,20270103,2026-09-28,weekday,R4,away_from_ubc,departure,12361,60162,UBC Exchange @ Bay 4,2026-09-28T08:33:00-07:00,2026-09-28T08:33:00-07:00,2026-09-28T15:33:00Z,2026-09-28T15:33:00Z,15509032,R4 41st Avenue/To Joyce Station,0,0,https://gtfs-static.translink.ca/gtfs/google_transit.zip
26SEP_20260925,20260907,20270103,2026-09-28,weekday,R4,away_from_ubc,departure,12361,60162,UBC Exchange @ Bay 4,2026-09-28T08:36:00-07:00,2026-09-28T08:36:00-07:00,2026-09-28T15:36:00Z,2026-09-28T15:36:00Z,15509224,R4 41st Avenue/To Joyce Station,0,0,https://gtfs-static.translink.ca/gtfs/google_transit.zip
26SEP_20260925,20260907,20270103,2026-09-28,weekday,R4,away_from_ubc,departure,12361,60162,UBC Exchange @ Bay 4,2026-09-28T08:41:00-07:00,2026-09-28T08:41:00-07:00,2026-09-28T15:41:00Z,2026-09-28T15:41:00Z,15509033,R4 41st Avenue/To Joyce Station,0,0,https://gtfs-static.translink.ca/gtfs/google_transit.zip
26SEP_20260925,20260907,20270103,2026-09-28,weekday,R4,away_from_ubc,departure,12361,60162,UBC Exchange @ Bay 4,2026-09-28T08:44:00-07:00,2026-09-28T08:44:00-07:00,2026-09-28T15:44:00Z,2026-09-28T15:44:00Z,15509225,R4 41st Avenue/To Joyce Station,0,0,https://gtfs-static.translink.ca/gtfs/google_transit.zip
26SEP_20260925,20260907,20270103,2026-09-28,weekday,R4,away_from_ubc,departure,12361,60162,UBC Exchange @ Bay 4,2026-09-28T08:47:00-07:00,2026-09-28T08:47:00-07:00,2026-09-28T15:47:00Z,2026-09-28T15:47:00Z,15509034,R4 41st Avenue/To Joyce Station,0,0,https://gtfs-static.translink.ca/gtfs/google_transit.zip
26SEP_20260925,20260907,20270103,2026-09-28,weekday,R4,away_from_ubc,departure,12361,60162,UBC Exchange @ Bay 4,2026-09-28T08:50:00-07:00,2026-09-28T08:50:00-07:00,2026-09-28T15:50:00Z,2026-09-28T15:50:00Z,15509035,R4 41st Avenue/To Joyce Station,0,0,https://gtfs-static.translink.ca/gtfs/google_transit.zip
26SEP_20260925,20260907,20270103,2026-09-28,weekday,R4,away_from_ubc,departure,12361,60162,UBC Exchange @ Bay 4,2026-09-28T08:53:00-07:00,2026-09-28T08:53:00-07:00,2026-09-28T15:53:00Z,2026-09-28T15:53:00Z,15509226,R4 41st Avenue/To Joyce Station,0,0,https://gtfs-static.translink.ca/gtfs/google_transit.zip
26SEP_20260925,20260907,20270103,2026-09-28,weekday,R4,away_from_ubc,departure,12361,60162,UBC Exchange @ Bay 4,2026-09-28T08:59:00-07:00,2026-09-28T08:59:00-07:00,2026-09-28T15:59:00Z,2026-09-28T15:59:00Z,15509036,R4 41st Avenue/To Joyce Station,0,0,https://gtfs-static.translink.ca/gtfs/google_transit.zip
26SEP_20260925,20260907,20270103,2026-09-28,weekday,R4,away_from_ubc,departure,12361,60162,UBC Exchange @ Bay 4,2026-09-28T09:03:00-07:00,2026-09-28T09:03:00-07:00,2026-09-28T16:03:00Z,2026-09-28T16:03:00Z,15509037,R4 41st Avenue/To Joyce Station,0,0,https://gtfs-static.translink.ca/gtfs/google_transit.zip
26SEP_20260925,20260907,20270103,2026-09-28,weekday,R4,away_from_ubc,departure,12361,60162,UBC Exchange @ Bay 4,2026-09-28T09:08:00-07:00,2026-09-28T09:08:00-07:00,2026-09-28T16:08:00Z,2026-09-28T16:08:00Z,15509038,R4 41st Avenue/To Joyce Station,0,0,https://gtfs-static.translink.ca/gtfs/google_transit.zip
26SEP_20260925,20260907,20270103,2026-09-28,weekday,R4,away_from_ubc,departure,12361,60162,UBC Exchange @ Bay 4,2026-09-28T09:14:00-07:00,2026-09-28T09:14:00-07:00,2026-09-28T16:14:00Z,2026-09-28T16:14:00Z,15509039,R4 41st Avenue/To Joyce Station,0,0,https://gtfs-static.translink.ca/gtfs/google_transit.zip
26SEP_20260925,20260907,20270103,2026-09-28,weekday,R4,away_from_ubc,departure,12361,60162,UBC Exchange @ Bay 4,2026-09-28T09:20:00-07:00,2026-09-28T09:20:00-07:00,2026-09-28T16:20:00Z,2026-09-28T16:20:00Z,15509040,R4 41st Avenue/To Joyce Station,0,0,https://gtfs-static.translink.ca/gtfs/google_transit.zip
26SEP_20260925,20260907,20270103,2026-09-28,weekday,R4,away_from_ubc,departure,12361,60162,UBC Exchange @ Bay 4,2026-09-28T09:24:00-07:00,2026-09-28T09:24:00-07:00,2026-09-28T16:24:00Z,2026-09-28T16:24:00Z,15509041,R4 41st Avenue/To Joyce Station,0,0,https://gtfs-static.translink.ca/gtfs/google_transit.zip
26SEP_20260925,20260907,20270103,2026-09-28,weekday,R4,away_from_ubc,departure,12361,60162,UBC Exchange @ Bay 4,2026-09-28T09:29:00-07:00,2026-09-28T09:29:00-07:00,2026-09-28T16:29:00Z,2026-09-28T16:29:00Z,15509042,R4 41st Avenue/To Joyce Station,0,0,https://gtfs-static.translink.ca/gtfs/google_transit.zip
26SEP_20260925,20260907,20270103,2026-09-28,weekday,R4,away_from_ubc,departure,12361,60162,UBC Exchange @ Bay 4,2026-09-28T09:34:00-07:00,2026-09-28T09:34:00-07:00,2026-09-28T16:34:00Z,2026-09-28T16:34:00Z,15509043,R4 41st Avenue/To Joyce Station,0,0,https://gtfs-static.translink.ca/gtfs/google_transit.zip
26SEP_20260925,20260907,20270103,2026-09-28,weekday,R4,away_from_ubc,departure,12361,60162,UBC Exchange @ Bay 4,2026-09-28T09:39:00-07:00,2026-09-28T09:39:00-07:00,2026-09-28T16:39:00Z,2026-09-28T16:39:00Z,15509044,R4 41st Avenue/To Joyce Station,0,0,https://gtfs-static.translink.ca/gtfs/google_transit.zip
26SEP_20260925,20260907,20270103,2026-09-28,weekday,R4,away_from_ubc,departure,12361,60162,UBC Exchange @ Bay 4,2026-09-28T09:44:00-07:00,2026-09-28T09:44:00-07:00,2026-09-28T16:44:00Z,2026-09-28T16:44:00Z,15509045,R4 41st Avenue/To Joyce Station,0,0,https://gtfs-static.translink.ca/gtfs/google_transit.zip
26SEP_20260925,20260907,20270103,2026-09-28,weekday,R4,away_from_ubc,departure,12361,60162,UBC Exchange @ Bay 4,2026-09-28T09:52:00-07:00,2026-09-28T09:52:00-07:00,2026-09-28T16:52:00Z,2026-09-28T16:52:00Z,15509046,R4 41st Avenue/To Joyce Station,0,0,https://gtfs-static.translink.ca/gtfs/google_transit.zip
26SEP_20260925,20260907,20270103,2026-09-28,weekday,R4,away_from_ubc,departure,12361,60162,UBC Exchange @ Bay 4,2026-09-28T09:58:00-07:00,2026-09-28T09:58:00-07:00,2026-09-28T16:58:00Z,2026-09-28T16:58:00Z,15509047,R4 41st Avenue/To Joyce Station,0,0,https://gtfs-static.translink.ca/gtfs/google_transit.zip
26SEP_20260925,20260907,20270103,2026-09-28,weekday,R4,away_from_ubc,departure,12361,60162,UBC Exchange @ Bay 4,2026-09-28T10:03:00-07:00,2026-09-28T10:03:00-07:00,2026-09-28T17:03:00Z,2026-09-28T17:03:00Z,15509048,R4 41st Avenue/To Joyce Station,0,0,https://gtfs-static.translink.ca/gtfs/google_transit.zip
26SEP_20260925,20260907,20270103,2026-09-28,weekday,R4,away_from_ubc,departure,12361,60162,UBC Exchange @ Bay 4,2026-09-28T10:08:00-07:00,2026-09-28T10:08:00-07:00,2026-09-28T17:08:00Z,2026-09-28T17:08:00Z,15509049,R4 41st Avenue/To Joyce Station,0,0,https://gtfs-static.translink.ca/gtfs/google_transit.zip
26SEP_20260925,20260907,20270103,2026-09-28,weekday,R4,away_from_ubc,departure,12361,60162,UBC Exchange @ Bay 4,2026-09-28T10:14:00-07:00,2026-09-28T10:14:00-07:00,2026-09-28T17:14:00Z,2026-09-28T17:14:00Z,15509050,R4 41st Avenue/To Joyce Station,0,0,https://gtfs-static.translink.ca/gtfs/google_transit.zip
26SEP_20260925,20260907,20270103,2026-09-28,weekday,R4,away_from_ubc,departure,12361,60162,UBC Exchange @ Bay 4,2026-09-28T10:22:00-07:00,2026-09-28T10:22:00-07:00,2026-09-28T17:22:00Z,2026-09-28T17:22:00Z,15509051,R4 41st Avenue/To Joyce Station,0,0,https://gtfs-static.translink.ca/gtfs/google_transit.zip
26SEP_20260925,20260907,20270103,2026-09-28,weekday,R4,away_from_ubc,departure,12361,60162,UBC Exchange @ Bay 4,2026-09-28T10:30:00-07:00,2026-09-28T10:30:00-07:00,2026-09-28T17:30:00Z,2026-09-28T17:30:00Z,15509052,R4 41st Avenue/To Joyce Station,0,0,https://gtfs-static.translink.ca/gtfs/google_transit.zip
26SEP_20260925,20260907,20270103,2026-09-28,weekday,R4,away_from_ubc,departure,12361,60162,UBC Exchange @ Bay 4,2026-09-28T10:38:00-07:00,2026-09-28T10:38:00-07:00,2026-09-28T17:38:00Z,2026-09-28T17:38:00Z,15509053,R4 41st Avenue/To Joyce Station,0,0,https://gtfs-static.translink.ca/gtfs/google_transit.zip
26SEP_20260925,20260907,20270103,2026-09-28,weekday,R4,away_from_ubc,departure,12361,60162,UBC Exchange @ Bay 4,2026-09-28T10:46:00-07:00,2026-09-28T10:46:00-07:00,2026-09-28T17:46:00Z,2026-09-28T17:46:00Z,15509054,R4 41st Avenue/To Joyce Station,0,0,https://gtfs-static.translink.ca/gtfs/google_transit.zip
26SEP_20260925,20260907,20270103,2026-09-28,weekday,R4,away_from_ubc,departure,12361,60162,UBC Exchange @ Bay 4,2026-09-28T10:54:00-07:00,2026-09-28T10:54:00-07:00,2026-09-28T17:54:00Z,2026-09-28T17:54:00Z,15509055,R4 41st Avenue/To Joyce Station,0,0,https://gtfs-static.translink.ca/gtfs/google_transit.zip
26SEP_20260925,20260907,20270103,2026-09-28,weekday,R4,away_from_ubc,departure,12361,60162,UBC Exchange @ Bay 4,2026-09-28T11:02:00-07:00,2026-09-28T11:02:00-07:00,2026-09-28T18:02:00Z,2026-09-28T18:02:00Z,15509056,R4 41st Avenue/To Joyce Station,0,0,https://gtfs-static.translink.ca/gtfs/google_transit.zip
26SEP_20260925,20260907,20270103,2026-09-28,weekday,R4,away_from_ubc,departure,12361,60162,UBC Exchange @ Bay 4,2026-09-28T11:10:00-07:00,2026-09-28T11:10:00-07:00,2026-09-28T18:10:00Z,2026-09-28T18:10:00Z,15509057,R4 41st Avenue/To Joyce Station,0,0,https://gtfs-static.translink.ca/gtfs/google_transit.zip
26SEP_20260925,20260907,20270103,2026-09-28,weekday,R4,away_from_ubc,departure,12361,60162,UBC Exchange @ Bay 4,2026-09-28T11:18:00-07:00,2026-09-28T11:18:00-07:00,2026-09-28T18:18:00Z,2026-09-28T18:18:00Z,15509058,R4 41st Avenue/To Joyce Station,0,0,https://gtfs-static.translink.ca/gtfs/google_transit.zip
26SEP_20260925,20260907,20270103,2026-09-28,weekday,R4,away_from_ubc,departure,12361,60162,UBC Exchange @ Bay 4,2026-09-28T11:25:00-07:00,2026-09-28T11:25:00-07:00,2026-09-28T18:25:00Z,2026-09-28T18:25:00Z,15509059,R4 41st Avenue/To Joyce Station,0,0,https://gtfs-static.translink.ca/gtfs/google_transit.zip
26SEP_20260925,20260907,20270103,2026-09-28,weekday,R4,away_from_ubc,departure,12361,60162,UBC Exchange @ Bay 4,2026-09-28T11:33:00-07:00,2026-09-28T11:33:00-07:00,2026-09-28T18:33:00Z,2026-09-28T18:33:00Z,15509060,R4 41st Avenue/To Joyce Station,0,0,https://gtfs-static.translink.ca/gtfs/google_transit.zip
26SEP_20260925,20260907,20270103,2026-09-28,weekday,R4,away_from_ubc,departure,12361,60162,UBC Exchange @ Bay 4,2026-09-28T11:41:00-07:00,2026-09-28T11:41:00-07:00,2026-09-28T18:41:00Z,2026-09-28T18:41:00Z,15509061,R4 41st Avenue/To Joyce Station,0,0,https://gtfs-static.translink.ca/gtfs/google_transit.zip
26SEP_20260925,20260907,20270103,2026-09-28,weekday,R4,away_from_ubc,departure,12361,60162,UBC Exchange @ Bay 4,2026-09-28T11:49:00-07:00,2026-09-28T11:49:00-07:00,2026-09-28T18:49:00Z,2026-09-28T18:49:00Z,15509062,R4 41st Avenue/To Joyce Station,0,0,https://gtfs-static.translink.ca/gtfs/google_transit.zip
26SEP_20260925,20260907,20270103,2026-09-28,weekday,R4,away_from_ubc,departure,12361,60162,UBC Exchange @ Bay 4,2026-09-28T11:57:00-07:00,2026-09-28T11:57:00-07:00,2026-09-28T18:57:00Z,2026-09-28T18:57:00Z,15509063,R4 41st Avenue/To Joyce Station,0,0,https://gtfs-static.translink.ca/gtfs/google_transit.zip
26SEP_20260925,20260907,20270103,2026-09-28,weekday,R4,away_from_ubc,departure,12361,60162,UBC Exchange @ Bay 4,2026-09-28T12:05:00-07:00,2026-09-28T12:05:00-07:00,2026-09-28T19:05:00Z,2026-09-28T19:05:00Z,15509064,R4 41st Avenue/To Joyce Station,0,0,https://gtfs-static.translink.ca/gtfs/google_transit.zip
26SEP_20260925,20260907,20270103,2026-09-28,weekday,R4,away_from_ubc,departure,12361,60162,UBC Exchange @ Bay 4,2026-09-28T12:13:00-07:00,2026-09-28T12:13:00-07:00,2026-09-28T19:13:00Z,2026-09-28T19:13:00Z,15509065,R4 41st Avenue/To Joyce Station,0,0,https://gtfs-static.translink.ca/gtfs/google_transit.zip
26SEP_20260925,20260907,20270103,2026-09-28,weekday,R4,away_from_ubc,departure,12361,60162,UBC Exchange @ Bay 4,2026-09-28T12:21:00-07:00,2026-09-28T12:21:00-07:00,2026-09-28T19:21:00Z,2026-09-28T19:21:00Z,15509066,R4 41st Avenue/To Joyce Station,0,0,https://gtfs-static.translink.ca/gtfs/google_transit.zip
26SEP_20260925,20260907,20270103,2026-09-28,weekday,R4,away_from_ubc,departure,12361,60162,UBC Exchange @ Bay 4,2026-09-28T12:29:00-07:00,2026-09-28T12:29:00-07:00,2026-09-28T19:29:00Z,2026-09-28T19:29:00Z,15509067,R4 41st Avenue/To Joyce Station,0,0,https://gtfs-static.translink.ca/gtfs/google_transit.zip
26SEP_20260925,20260907,20270103,2026-09-28,weekday,R4,away_from_ubc,departure,12361,60162,UBC Exchange @ Bay 4,2026-09-28T12:37:00-07:00,2026-09-28T12:37:00-07:00,2026-09-28T19:37:00Z,2026-09-28T19:37:00Z,15509068,R4 41st Avenue/To Joyce Station,0,0,https://gtfs-static.translink.ca/gtfs/google_transit.zip
26SEP_20260925,20260907,20270103,2026-09-28,weekday,R4,away_from_ubc,departure,12361,60162,UBC Exchange @ Bay 4,2026-09-28T12:46:00-07:00,2026-09-28T12:46:00-07:00,2026-09-28T19:46:00Z,2026-09-28T19:46:00Z,15509069,R4 41st Avenue/To Joyce Station,0,0,https://gtfs-static.translink.ca/gtfs/google_transit.zip
26SEP_20260925,20260907,20270103,2026-09-28,weekday,R4,away_from_ubc,departure,12361,60162,UBC Exchange @ Bay 4,2026-09-28T12:55:00-07:00,2026-09-28T12:55:00-07:00,2026-09-28T19:55:00Z,2026-09-28T19:55:00Z,15509070,R4 41st Avenue/To Joyce Station,0,0,https://gtfs-static.translink.ca/gtfs/google_transit.zip
26SEP_20260925,20260907,20270103,2026-09-28,weekday,R4,away_from_ubc,departure,12361,60162,UBC Exchange @ Bay 4,2026-09-28T13:02:00-07:00,2026-09-28T13:02:00-07:00,2026-09-28T20:02:00Z,2026-09-28T20:02:00Z,15509071,R4 41st Avenue/To Joyce Station,0,0,https://gtfs-static.translink.ca/gtfs/google_transit.zip
26SEP_20260925,20260907,20270103,2026-09-28,weekday,R4,away_from_ubc,departure,12361,60162,UBC Exchange @ Bay 4,2026-09-28T13:09:00-07:00,2026-09-28T13:09:00-07:00,2026-09-28T20:09:00Z,2026-09-28T20:09:00Z,15509072,R4 41st Avenue/To Joyce Station,0,0,https://gtfs-static.translink.ca/gtfs/google_transit.zip
26SEP_20260925,20260907,20270103,2026-09-28,weekday,R4,away_from_ubc,departure,12361,60162,UBC Exchange @ Bay 4,2026-09-28T13:16:00-07:00,2026-09-28T13:16:00-07:00,2026-09-28T20:16:00Z,2026-09-28T20:16:00Z,15509073,R4 41st Avenue/To Joyce Station,0,0,https://gtfs-static.translink.ca/gtfs/google_transit.zip
26SEP_20260925,20260907,20270103,2026-09-28,weekday,R4,away_from_ubc,departure,12361,60162,UBC Exchange @ Bay 4,2026-09-28T13:25:00-07:00,2026-09-28T13:25:00-07:00,2026-09-28T20:25:00Z,2026-09-28T20:25:00Z,15509074,R4 41st Avenue/To Joyce Station,0,0,https://gtfs-static.translink.ca/gtfs/google_transit.zip
26SEP_20260925,20260907,20270103,2026-09-28,weekday,R4,away_from_ubc,departure,12361,60162,UBC Exchange @ Bay 4,2026-09-28T13:29:00-07:00,2026-09-28T13:29:00-07:00,2026-09-28T20:29:00Z,2026-09-28T20:29:00Z,15509075,R4 41st Avenue/To Joyce Station,0,0,https://gtfs-static.translink.ca/gtfs/google_transit.zip
26SEP_20260925,20260907,20270103,2026-09-28,weekday,R4,away_from_ubc,departure,12361,60162,UBC Exchange @ Bay 4,2026-09-28T13:35:00-07:00,2026-09-28T13:35:00-07:00,2026-09-28T20:35:00Z,2026-09-28T20:35:00Z,15509076,R4 41st Avenue/To Joyce Station,0,0,https://gtfs-static.translink.ca/gtfs/google_transit.zip
26SEP_20260925,20260907,20270103,2026-09-28,weekday,R4,away_from_ubc,departure,12361,60162,UBC Exchange @ Bay 4,2026-09-28T13:42:00-07:00,2026-09-28T13:42:00-07:00,2026-09-28T20:42:00Z,2026-09-28T20:42:00Z,15509077,R4 41st Avenue/To Joyce Station,0,0,https://gtfs-static.translink.ca/gtfs/google_transit.zip
26SEP_20260925,20260907,20270103,2026-09-28,weekday,R4,away_from_ubc,departure,12361,60162,UBC Exchange @ Bay 4,2026-09-28T13:49:00-07:00,2026-09-28T13:49:00-07:00,2026-09-28T20:49:00Z,2026-09-28T20:49:00Z,15509078,R4 41st Avenue/To Joyce Station,0,0,https://gtfs-static.translink.ca/gtfs/google_transit.zip
26SEP_20260925,20260907,20270103,2026-09-28,weekday,R4,away_from_ubc,departure,12361,60162,UBC Exchange @ Bay 4,2026-09-28T13:55:00-07:00,2026-09-28T13:55:00-07:00,2026-09-28T20:55:00Z,2026-09-28T20:55:00Z,15509079,R4 41st Avenue/To Joyce Station,0,0,https://gtfs-static.translink.ca/gtfs/google_transit.zip
26SEP_20260925,20260907,20270103,2026-09-28,weekday,R4,away_from_ubc,departure,12361,60162,UBC Exchange @ Bay 4,2026-09-28T13:59:00-07:00,2026-09-28T13:59:00-07:00,2026-09-28T20:59:00Z,2026-09-28T20:59:00Z,15509080,R4 41st Avenue/To Joyce Station,0,0,https://gtfs-static.translink.ca/gtfs/google_transit.zip
26SEP_20260925,20260907,20270103,2026-09-28,weekday,R4,away_from_ubc,departure,12361,60162,UBC Exchange @ Bay 4,2026-09-28T14:02:00-07:00,2026-09-28T14:02:00-07:00,2026-09-28T21:02:00Z,2026-09-28T21:02:00Z,15509081,R4 41st Avenue/To Joyce Station,0,0,https://gtfs-static.translink.ca/gtfs/google_transit.zip
26SEP_20260925,20260907,20270103,2026-09-28,weekday,R4,away_from_ubc,departure,12361,60162,UBC Exchange @ Bay 4,2026-09-28T14:06:00-07:00,2026-09-28T14:06:00-07:00,2026-09-28T21:06:00Z,2026-09-28T21:06:00Z,15509082,R4 41st Avenue/To Joyce Station,0,0,https://gtfs-static.translink.ca/gtfs/google_transit.zip
26SEP_20260925,20260907,20270103,2026-09-28,weekday,R4,away_from_ubc,departure,12361,60162,UBC Exchange @ Bay 4,2026-09-28T14:10:00-07:00,2026-09-28T14:10:00-07:00,2026-09-28T21:10:00Z,2026-09-28T21:10:00Z,15509083,R4 41st Avenue/To Joyce Station,0,0,https://gtfs-static.translink.ca/gtfs/google_transit.zip
26SEP_20260925,20260907,20270103,2026-09-28,weekday,R4,away_from_ubc,departure,12361,60162,UBC Exchange @ Bay 4,2026-09-28T14:14:00-07:00,2026-09-28T14:14:00-07:00,2026-09-28T21:14:00Z,2026-09-28T21:14:00Z,15509084,R4 41st Avenue/To Joyce Station,0,0,https://gtfs-static.translink.ca/gtfs/google_transit.zip
26SEP_20260925,20260907,20270103,2026-09-28,weekday,R4,away_from_ubc,departure,12361,60162,UBC Exchange @ Bay 4,2026-09-28T14:17:00-07:00,2026-09-28T14:17:00-07:00,2026-09-28T21:17:00Z,2026-09-28T21:17:00Z,15509085,R4 41st Avenue/To Joyce Station,0,0,https://gtfs-static.translink.ca/gtfs/google_transit.zip
26SEP_20260925,20260907,20270103,2026-09-28,weekday,R4,away_from_ubc,departure,12361,60162,UBC Exchange @ Bay 4,2026-09-28T14:21:00-07:00,2026-09-28T14:21:00-07:00,2026-09-28T21:21:00Z,2026-09-28T21:21:00Z,15509086,R4 41st Avenue/To Joyce Station,0,0,https://gtfs-static.translink.ca/gtfs/google_transit.zip
26SEP_20260925,20260907,20270103,2026-09-28,weekday,R4,away_from_ubc,departure,12361,60162,UBC Exchange @ Bay 4,2026-09-28T14:25:00-07:00,2026-09-28T14:25:00-07:00,2026-09-28T21:25:00Z,2026-09-28T21:25:00Z,15509087,R4 41st Avenue/To Joyce Station,0,0,https://gtfs-static.translink.ca/gtfs/google_transit.zip
26SEP_20260925,20260907,20270103,2026-09-28,weekday,R4,away_from_ubc,departure,12361,60162,UBC Exchange @ Bay 4,2026-09-28T14:29:00-07:00,2026-09-28T14:29:00-07:00,2026-09-28T21:29:00Z,2026-09-28T21:29:00Z,15509088,R4 41st Avenue/To Joyce Station,0,0,https://gtfs-static.translink.ca/gtfs/google_transit.zip
26SEP_20260925,20260907,20270103,2026-09-28,weekday,R4,away_from_ubc,departure,12361,60162,UBC Exchange @ Bay 4,2026-09-28T14:33:00-07:00,2026-09-28T14:33:00-07:00,2026-09-28T21:33:00Z,2026-09-28T21:33:00Z,15509089,R4 41st Avenue/To Joyce Station,0,0,https://gtfs-static.translink.ca/gtfs/google_transit.zip
26SEP_20260925,20260907,20270103,2026-09-28,weekday,R4,away_from_ubc,departure,12361,60162,UBC Exchange @ Bay 4,2026-09-28T14:36:00-07:00,2026-09-28T14:36:00-07:00,2026-09-28T21:36:00Z,2026-09-28T21:36:00Z,15509090,R4 41st Avenue/To Joyce Station,0,0,https://gtfs-static.translink.ca/gtfs/google_transit.zip
26SEP_20260925,20260907,20270103,2026-09-28,weekday,R4,away_from_ubc,departure,12361,60162,UBC Exchange @ Bay 4,2026-09-28T14:40:00-07:00,2026-09-28T14:40:00-07:00,2026-09-28T21:40:00Z,2026-09-28T21:40:00Z,15509091,R4 41st Avenue/To Joyce Station,0,0,https://gtfs-static.translink.ca/gtfs/google_transit.zip
26SEP_20260925,20260907,20270103,2026-09-28,weekday,R4,away_from_ubc,departure,12361,60162,UBC Exchange @ Bay 4,2026-09-28T14:45:00-07:00,2026-09-28T14:45:00-07:00,2026-09-28T21:45:00Z,2026-09-28T21:45:00Z,15509218,R4 41st Avenue/To Joyce Station,0,0,https://gtfs-static.translink.ca/gtfs/google_transit.zip
26SEP_20260925,20260907,20270103,2026-09-28,weekday,R4,away_from_ubc,departure,12361,60162,UBC Exchange @ Bay 4,2026-09-28T14:49:00-07:00,2026-09-28T14:49:00-07:00,2026-09-28T21:49:00Z,2026-09-28T21:49:00Z,15509115,R4 41st Avenue/To Joyce Station,0,0,https://gtfs-static.translink.ca/gtfs/google_transit.zip
26SEP_20260925,20260907,20270103,2026-09-28,weekday,R4,away_from_ubc,departure,12361,60162,UBC Exchange @ Bay 4,2026-09-28T14:53:00-07:00,2026-09-28T14:53:00-07:00,2026-09-28T21:53:00Z,2026-09-28T21:53:00Z,15509116,R4 41st Avenue/To Joyce Station,0,0,https://gtfs-static.translink.ca/gtfs/google_transit.zip
26SEP_20260925,20260907,20270103,2026-09-28,weekday,R4,away_from_ubc,departure,12361,60162,UBC Exchange @ Bay 4,2026-09-28T14:56:00-07:00,2026-09-28T14:56:00-07:00,2026-09-28T21:56:00Z,2026-09-28T21:56:00Z,15509209,R4 41st Avenue/To Joyce Station,0,0,https://gtfs-static.translink.ca/gtfs/google_transit.zip
26SEP_20260925,20260907,20270103,2026-09-28,weekday,R4,away_from_ubc,departure,12361,60162,UBC Exchange @ Bay 4,2026-09-28T14:59:00-07:00,2026-09-28T14:59:00-07:00,2026-09-28T21:59:00Z,2026-09-28T21:59:00Z,15509123,R4 41st Avenue/To Joyce Station,0,0,https://gtfs-static.translink.ca/gtfs/google_transit.zip
26SEP_20260925,20260907,20270103,2026-09-28,weekday,R4,away_from_ubc,departure,12361,60162,UBC Exchange @ Bay 4,2026-09-28T15:02:00-07:00,2026-09-28T15:02:00-07:00,2026-09-28T22:02:00Z,2026-09-28T22:02:00Z,15509206,R4 41st Avenue/To Joyce Station,0,0,https://gtfs-static.translink.ca/gtfs/google_transit.zip
26SEP_20260925,20260907,20270103,2026-09-28,weekday,R4,away_from_ubc,departure,12361,60162,UBC Exchange @ Bay 4,2026-09-28T15:05:00-07:00,2026-09-28T15:05:00-07:00,2026-09-28T22:05:00Z,2026-09-28T22:05:00Z,15509117,R4 41st Avenue/To Joyce Station,0,0,https://gtfs-static.translink.ca/gtfs/google_transit.zip
26SEP_20260925,20260907,20270103,2026-09-28,weekday,R4,away_from_ubc,departure,12361,60162,UBC Exchange @ Bay 4,2026-09-28T15:08:00-07:00,2026-09-28T15:08:00-07:00,2026-09-28T22:08:00Z,2026-09-28T22:08:00Z,15509118,R4 41st Avenue/To Joyce Station,0,0,https://gtfs-static.translink.ca/gtfs/google_transit.zip
26SEP_20260925,20260907,20270103,2026-09-28,weekday,R4,away_from_ubc,departure,12361,60162,UBC Exchange @ Bay 4,2026-09-28T15:11:00-07:00,2026-09-28T15:11:00-07:00,2026-09-28T22:11:00Z,2026-09-28T22:11:00Z,15509119,R4 41st Avenue/To Joyce Station,0,0,https://gtfs-static.translink.ca/gtfs/google_transit.zip
26SEP_20260925,20260907,20270103,2026-09-28,weekday,R4,away_from_ubc,departure,12361,60162,UBC Exchange @ Bay 4,2026-09-28T15:14:00-07:00,2026-09-28T15:14:00-07:00,2026-09-28T22:14:00Z,2026-09-28T22:14:00Z,15509208,R4 41st Avenue/To Joyce Station,0,0,https://gtfs-static.translink.ca/gtfs/google_transit.zip
26SEP_20260925,20260907,20270103,2026-09-28,weekday,R4,away_from_ubc,departure,12361,60162,UBC Exchange @ Bay 4,2026-09-28T15:17:00-07:00,2026-09-28T15:17:00-07:00,2026-09-28T22:17:00Z,2026-09-28T22:17:00Z,15509120,R4 41st Avenue/To Joyce Station,0,0,https://gtfs-static.translink.ca/gtfs/google_transit.zip
26SEP_20260925,20260907,20270103,2026-09-28,weekday,R4,away_from_ubc,departure,12361,60162,UBC Exchange @ Bay 4,2026-09-28T15:20:00-07:00,2026-09-28T15:20:00-07:00,2026-09-28T22:20:00Z,2026-09-28T22:20:00Z,15509121,R4 41st Avenue/To Joyce Station,0,0,https://gtfs-static.translink.ca/gtfs/google_transit.zip
26SEP_20260925,20260907,20270103,2026-09-28,weekday,R4,away_from_ubc,departure,12361,60162,UBC Exchange @ Bay 4,2026-09-28T15:25:00-07:00,2026-09-28T15:25:00-07:00,2026-09-28T22:25:00Z,2026-09-28T22:25:00Z,15509122,R4 41st Avenue/To Joyce Station,0,0,https://gtfs-static.translink.ca/gtfs/google_transit.zip
26SEP_20260925,20260907,20270103,2026-09-28,weekday,R4,away_from_ubc,departure,12361,60162,UBC Exchange @ Bay 4,2026-09-28T15:26:00-07:00,2026-09-28T15:26:00-07:00,2026-09-28T22:26:00Z,2026-09-28T22:26:00Z,15509207,R4 41st Avenue/To Joyce Station,0,0,https://gtfs-static.translink.ca/gtfs/google_transit.zip
26SEP_20260925,20260907,20270103,2026-09-28,weekday,R4,away_from_ubc,departure,12361,60162,UBC Exchange @ Bay 4,2026-09-28T15:29:00-07:00,2026-09-28T15:29:00-07:00,2026-09-28T22:29:00Z,2026-09-28T22:29:00Z,15509124,R4 41st Avenue/To Joyce Station,0,0,https://gtfs-static.translink.ca/gtfs/google_transit.zip
26SEP_20260925,20260907,20270103,2026-09-28,weekday,R4,away_from_ubc,departure,12361,60162,UBC Exchange @ Bay 4,2026-09-28T15:35:00-07:00,2026-09-28T15:35:00-07:00,2026-09-28T22:35:00Z,2026-09-28T22:35:00Z,15509205,R4 41st Avenue/To Joyce Station,0,0,https://gtfs-static.translink.ca/gtfs/google_transit.zip
26SEP_20260925,20260907,20270103,2026-09-28,weekday,R4,away_from_ubc,departure,12361,60162,UBC Exchange @ Bay 4,2026-09-28T15:39:00-07:00,2026-09-28T15:39:00-07:00,2026-09-28T22:39:00Z,2026-09-28T22:39:00Z,15509125,R4 41st Avenue/To Joyce Station,0,0,https://gtfs-static.translink.ca/gtfs/google_transit.zip
26SEP_20260925,20260907,20270103,2026-09-28,weekday,R4,away_from_ubc,departure,12361,60162,UBC Exchange @ Bay 4,2026-09-28T15:44:00-07:00,2026-09-28T15:44:00-07:00,2026-09-28T22:44:00Z,2026-09-28T22:44:00Z,15509126,R4 41st Avenue/To Joyce Station,0,0,https://gtfs-static.translink.ca/gtfs/google_transit.zip
26SEP_20260925,20260907,20270103,2026-09-28,weekday,R4,away_from_ubc,departure,12361,60162,UBC Exchange @ Bay 4,2026-09-28T15:49:00-07:00,2026-09-28T15:49:00-07:00,2026-09-28T22:49:00Z,2026-09-28T22:49:00Z,15509127,R4 41st Avenue/To Joyce Station,0,0,https://gtfs-static.translink.ca/gtfs/google_transit.zip
26SEP_20260925,20260907,20270103,2026-09-28,weekday,R4,away_from_ubc,departure,12361,60162,UBC Exchange @ Bay 4,2026-09-28T15:54:00-07:00,2026-09-28T15:54:00-07:00,2026-09-28T22:54:00Z,2026-09-28T22:54:00Z,15509204,R4 41st Avenue/To Joyce Station,0,0,https://gtfs-static.translink.ca/gtfs/google_transit.zip
26SEP_20260925,20260907,20270103,2026-09-28,weekday,R4,away_from_ubc,departure,12361,60162,UBC Exchange @ Bay 4,2026-09-28T15:58:00-07:00,2026-09-28T15:58:00-07:00,2026-09-28T22:58:00Z,2026-09-28T22:58:00Z,15509128,R4 41st Avenue/To Joyce Station,0,0,https://gtfs-static.translink.ca/gtfs/google_transit.zip
26SEP_20260925,20260907,20270103,2026-09-28,weekday,R4,away_from_ubc,departure,12361,60162,UBC Exchange @ Bay 4,2026-09-28T16:01:00-07:00,2026-09-28T16:01:00-07:00,2026-09-28T23:01:00Z,2026-09-28T23:01:00Z,15509129,R4 41st Avenue/To Joyce Station,0,0,https://gtfs-static.translink.ca/gtfs/google_transit.zip
26SEP_20260925,20260907,20270103,2026-09-28,weekday,R4,away_from_ubc,departure,12361,60162,UBC Exchange @ Bay 4,2026-09-28T16:04:00-07:00,2026-09-28T16:04:00-07:00,2026-09-28T23:04:00Z,2026-09-28T23:04:00Z,15509130,R4 41st Avenue/To Joyce Station,0,0,https://gtfs-static.translink.ca/gtfs/google_transit.zip
26SEP_20260925,20260907,20270103,2026-09-28,weekday,R4,away_from_ubc,departure,12361,60162,UBC Exchange @ Bay 4,2026-09-28T16:07:00-07:00,2026-09-28T16:07:00-07:00,2026-09-28T23:07:00Z,2026-09-28T23:07:00Z,15509203,R4 41st Avenue/To Joyce Station,0,0,https://gtfs-static.translink.ca/gtfs/google_transit.zip
26SEP_20260925,20260907,20270103,2026-09-28,weekday,R4,away_from_ubc,departure,12361,60162,UBC Exchange @ Bay 4,2026-09-28T16:10:00-07:00,2026-09-28T16:10:00-07:00,2026-09-28T23:10:00Z,2026-09-28T23:10:00Z,15509131,R4 41st Avenue/To Joyce Station,0,0,https://gtfs-static.translink.ca/gtfs/google_transit.zip
26SEP_20260925,20260907,20270103,2026-09-28,weekday,R4,away_from_ubc,departure,12361,60162,UBC Exchange @ Bay 4,2026-09-28T16:14:00-07:00,2026-09-28T16:14:00-07:00,2026-09-28T23:14:00Z,2026-09-28T23:14:00Z,15509132,R4 41st Avenue/To Joyce Station,0,0,https://gtfs-static.translink.ca/gtfs/google_transit.zip
26SEP_20260925,20260907,20270103,2026-09-28,weekday,R4,away_from_ubc,departure,12361,60162,UBC Exchange @ Bay 4,2026-09-28T16:19:00-07:00,2026-09-28T16:19:00-07:00,2026-09-28T23:19:00Z,2026-09-28T23:19:00Z,15509133,R4 41st Avenue/To Joyce Station,0,0,https://gtfs-static.translink.ca/gtfs/google_transit.zip
26SEP_20260925,20260907,20270103,2026-09-28,weekday,R4,away_from_ubc,departure,12361,60162,UBC Exchange @ Bay 4,2026-09-28T16:24:00-07:00,2026-09-28T16:24:00-07:00,2026-09-28T23:24:00Z,2026-09-28T23:24:00Z,15509134,R4 41st Avenue/To Joyce Station,0,0,https://gtfs-static.translink.ca/gtfs/google_transit.zip
26SEP_20260925,20260907,20270103,2026-09-28,weekday,R4,away_from_ubc,departure,12361,60162,UBC Exchange @ Bay 4,2026-09-28T16:29:00-07:00,2026-09-28T16:29:00-07:00,2026-09-28T23:29:00Z,2026-09-28T23:29:00Z,15509135,R4 41st Avenue/To Joyce Station,0,0,https://gtfs-static.translink.ca/gtfs/google_transit.zip
26SEP_20260925,20260907,20270103,2026-09-28,weekday,R4,away_from_ubc,departure,12361,60162,UBC Exchange @ Bay 4,2026-09-28T16:33:00-07:00,2026-09-28T16:33:00-07:00,2026-09-28T23:33:00Z,2026-09-28T23:33:00Z,15509136,R4 41st Avenue/To Joyce Station,0,0,https://gtfs-static.translink.ca/gtfs/google_transit.zip
26SEP_20260925,20260907,20270103,2026-09-28,weekday,R4,away_from_ubc,departure,12361,60162,UBC Exchange @ Bay 4,2026-09-28T16:37:00-07:00,2026-09-28T16:37:00-07:00,2026-09-28T23:37:00Z,2026-09-28T23:37:00Z,15509137,R4 41st Avenue/To Joyce Station,0,0,https://gtfs-static.translink.ca/gtfs/google_transit.zip
26SEP_20260925,20260907,20270103,2026-09-28,weekday,R4,away_from_ubc,departure,12361,60162,UBC Exchange @ Bay 4,2026-09-28T16:41:00-07:00,2026-09-28T16:41:00-07:00,2026-09-28T23:41:00Z,2026-09-28T23:41:00Z,15509138,R4 41st Avenue/To Joyce Station,0,0,https://gtfs-static.translink.ca/gtfs/google_transit.zip
26SEP_20260925,20260907,20270103,2026-09-28,weekday,R4,away_from_ubc,departure,12361,60162,UBC Exchange @ Bay 4,2026-09-28T16:46:00-07:00,2026-09-28T16:46:00-07:00,2026-09-28T23:46:00Z,2026-09-28T23:46:00Z,15509139,R4 41st Avenue/To Joyce Station,0,0,https://gtfs-static.translink.ca/gtfs/google_transit.zip
26SEP_20260925,20260907,20270103,2026-09-28,weekday,R4,away_from_ubc,departure,12361,60162,UBC Exchange @ Bay 4,2026-09-28T16:49:00-07:00,2026-09-28T16:49:00-07:00,2026-09-28T23:49:00Z,2026-09-28T23:49:00Z,15509140,R4 41st Avenue/To Joyce Station,0,0,https://gtfs-static.translink.ca/gtfs/google_transit.zip
26SEP_20260925,20260907,20270103,2026-09-28,weekday,R4,away_from_ubc,departure,12361,60162,UBC Exchange @ Bay 4,2026-09-28T16:54:00-07:00,2026-09-28T16:54:00-07:00,2026-09-28T23:54:00Z,2026-09-28T23:54:00Z,15509141,R4 41st Avenue/To Joyce Station,0,0,https://gtfs-static.translink.ca/gtfs/google_transit.zip
26SEP_20260925,20260907,20270103,2026-09-28,weekday,R4,away_from_ubc,departure,12361,60162,UBC Exchange @ Bay 4,2026-09-28T16:58:00-07:00,2026-09-28T16:58:00-07:00,2026-09-28T23:58:00Z,2026-09-28T23:58:00Z,15509202,R4 41st Avenue/To Joyce Station,0,0,https://gtfs-static.translink.ca/gtfs/google_transit.zip
26SEP_20260925,20260907,20270103,2026-09-28,weekday,R4,away_from_ubc,departure,12361,60162,UBC Exchange @ Bay 4,2026-09-28T17:02:00-07:00,2026-09-28T17:02:00-07:00,2026-09-29T00:02:00Z,2026-09-29T00:02:00Z,15509142,R4 41st Avenue/To Joyce Station,0,0,https://gtfs-static.translink.ca/gtfs/google_transit.zip
26SEP_20260925,20260907,20270103,2026-09-28,weekday,R4,away_from_ubc,departure,12361,60162,UBC Exchange @ Bay 4,2026-09-28T17:05:00-07:00,2026-09-28T17:05:00-07:00,2026-09-29T00:05:00Z,2026-09-29T00:05:00Z,15509143,R4 41st Avenue/To Joyce Station,0,0,https://gtfs-static.translink.ca/gtfs/google_transit.zip
26SEP_20260925,20260907,20270103,2026-09-28,weekday,R4,away_from_ubc,departure,12361,60162,UBC Exchange @ Bay 4,2026-09-28T17:08:00-07:00,2026-09-28T17:08:00-07:00,2026-09-29T00:08:00Z,2026-09-29T00:08:00Z,15509201,R4 41st Avenue/To Joyce Station,0,0,https://gtfs-static.translink.ca/gtfs/google_transit.zip
26SEP_20260925,20260907,20270103,2026-09-28,weekday,R4,away_from_ubc,departure,12361,60162,UBC Exchange @ Bay 4,2026-09-28T17:11:00-07:00,2026-09-28T17:11:00-07:00,2026-09-29T00:11:00Z,2026-09-29T00:11:00Z,15509200,R4 41st Avenue/To Joyce Station,0,0,https://gtfs-static.translink.ca/gtfs/google_transit.zip
26SEP_20260925,20260907,20270103,2026-09-28,weekday,R4,away_from_ubc,departure,12361,60162,UBC Exchange @ Bay 4,2026-09-28T17:14:00-07:00,2026-09-28T17:14:00-07:00,2026-09-29T00:14:00Z,2026-09-29T00:14:00Z,15509144,R4 41st Avenue/To Joyce Station,0,0,https://gtfs-static.translink.ca/gtfs/google_transit.zip
26SEP_20260925,20260907,20270103,2026-09-28,weekday,R4,away_from_ubc,departure,12361,60162,UBC Exchange @ Bay 4,2026-09-28T17:17:00-07:00,2026-09-28T17:17:00-07:00,2026-09-29T00:17:00Z,2026-09-29T00:17:00Z,15509145,R4 41st Avenue/To Joyce Station,0,0,https://gtfs-static.translink.ca/gtfs/google_transit.zip
26SEP_20260925,20260907,20270103,2026-09-28,weekday,R4,away_from_ubc,departure,12361,60162,UBC Exchange @ Bay 4,2026-09-28T17:20:00-07:00,2026-09-28T17:20:00-07:00,2026-09-29T00:20:00Z,2026-09-29T00:20:00Z,15509146,R4 41st Avenue/To Joyce Station,0,0,https://gtfs-static.translink.ca/gtfs/google_transit.zip
26SEP_20260925,20260907,20270103,2026-09-28,weekday,R4,away_from_ubc,departure,12361,60162,UBC Exchange @ Bay 4,2026-09-28T17:24:00-07:00,2026-09-28T17:24:00-07:00,2026-09-29T00:24:00Z,2026-09-29T00:24:00Z,15509147,R4 41st Avenue/To Joyce Station,0,0,https://gtfs-static.translink.ca/gtfs/google_transit.zip
26SEP_20260925,20260907,20270103,2026-09-28,weekday,R4,away_from_ubc,departure,12361,60162,UBC Exchange @ Bay 4,2026-09-28T17:28:00-07:00,2026-09-28T17:28:00-07:00,2026-09-29T00:28:00Z,2026-09-29T00:28:00Z,15509199,R4 41st Avenue/To Joyce Station,0,0,https://gtfs-static.translink.ca/gtfs/google_transit.zip
26SEP_20260925,20260907,20270103,2026-09-28,weekday,R4,away_from_ubc,departure,12361,60162,UBC Exchange @ Bay 4,2026-09-28T17:32:00-07:00,2026-09-28T17:32:00-07:00,2026-09-29T00:32:00Z,2026-09-29T00:32:00Z,15509188,R4 41st Avenue/To Joyce Station,0,0,https://gtfs-static.translink.ca/gtfs/google_transit.zip
26SEP_20260925,20260907,20270103,2026-09-28,weekday,R4,away_from_ubc,departure,12361,60162,UBC Exchange @ Bay 4,2026-09-28T17:35:00-07:00,2026-09-28T17:35:00-07:00,2026-09-29T00:35:00Z,2026-09-29T00:35:00Z,15509189,R4 41st Avenue/To Joyce Station,0,0,https://gtfs-static.translink.ca/gtfs/google_transit.zip
26SEP_20260925,20260907,20270103,2026-09-28,weekday,R4,away_from_ubc,departure,12361,60162,UBC Exchange @ Bay 4,2026-09-28T17:39:00-07:00,2026-09-28T17:39:00-07:00,2026-09-29T00:39:00Z,2026-09-29T00:39:00Z,15509190,R4 41st Avenue/To Joyce Station,0,0,https://gtfs-static.translink.ca/gtfs/google_transit.zip
26SEP_20260925,20260907,20270103,2026-09-28,weekday,R4,away_from_ubc,departure,12361,60162,UBC Exchange @ Bay 4,2026-09-28T17:40:00-07:00,2026-09-28T17:40:00-07:00,2026-09-29T00:40:00Z,2026-09-29T00:40:00Z,15509198,R4 41st Avenue/To Joyce Station,0,0,https://gtfs-static.translink.ca/gtfs/google_transit.zip
26SEP_20260925,20260907,20270103,2026-09-28,weekday,R4,away_from_ubc,departure,12361,60162,UBC Exchange @ Bay 4,2026-09-28T17:45:00-07:00,2026-09-28T17:45:00-07:00,2026-09-29T00:45:00Z,2026-09-29T00:45:00Z,15509191,R4 41st Avenue/To Joyce Station,0,0,https://gtfs-static.translink.ca/gtfs/google_transit.zip
26SEP_20260925,20260907,20270103,2026-09-28,weekday,R4,away_from_ubc,departure,12361,60162,UBC Exchange @ Bay 4,2026-09-28T17:50:00-07:00,2026-09-28T17:50:00-07:00,2026-09-29T00:50:00Z,2026-09-29T00:50:00Z,15509197,R4 41st Avenue/To Joyce Station,0,0,https://gtfs-static.translink.ca/gtfs/google_transit.zip
26SEP_20260925,20260907,20270103,2026-09-28,weekday,R4,away_from_ubc,departure,12361,60162,UBC Exchange @ Bay 4,2026-09-28T17:55:00-07:00,2026-09-28T17:55:00-07:00,2026-09-29T00:55:00Z,2026-09-29T00:55:00Z,15509192,R4 41st Avenue/To Joyce Station,0,0,https://gtfs-static.translink.ca/gtfs/google_transit.zip
26SEP_20260925,20260907,20270103,2026-09-28,weekday,R4,away_from_ubc,departure,12361,60162,UBC Exchange @ Bay 4,2026-09-28T18:00:00-07:00,2026-09-28T18:00:00-07:00,2026-09-29T01:00:00Z,2026-09-29T01:00:00Z,15509193,R4 41st Avenue/To Joyce Station,0,0,https://gtfs-static.translink.ca/gtfs/google_transit.zip
26SEP_20260925,20260907,20270103,2026-09-28,weekday,R4,away_from_ubc,departure,12361,60162,UBC Exchange @ Bay 4,2026-09-28T18:05:00-07:00,2026-09-28T18:05:00-07:00,2026-09-29T01:05:00Z,2026-09-29T01:05:00Z,15509196,R4 41st Avenue/To Joyce Station,0,0,https://gtfs-static.translink.ca/gtfs/google_transit.zip
26SEP_20260925,20260907,20270103,2026-09-28,weekday,R4,away_from_ubc,departure,12361,60162,UBC Exchange @ Bay 4,2026-09-28T18:10:00-07:00,2026-09-28T18:10:00-07:00,2026-09-29T01:10:00Z,2026-09-29T01:10:00Z,15509194,R4 41st Avenue/To Joyce Station,0,0,https://gtfs-static.translink.ca/gtfs/google_transit.zip
26SEP_20260925,20260907,20270103,2026-09-28,weekday,R4,away_from_ubc,departure,12361,60162,UBC Exchange @ Bay 4,2026-09-28T18:15:00-07:00,2026-09-28T18:15:00-07:00,2026-09-29T01:15:00Z,2026-09-29T01:15:00Z,15509195,R4 41st Avenue/To Joyce Station,0,0,https://gtfs-static.translink.ca/gtfs/google_transit.zip
26SEP_20260925,20260907,20270103,2026-09-28,weekday,R4,away_from_ubc,departure,12361,60162,UBC Exchange @ Bay 4,2026-09-28T18:20:00-07:00,2026-09-28T18:20:00-07:00,2026-09-29T01:20:00Z,2026-09-29T01:20:00Z,15509148,R4 41st Avenue/To Joyce Station,0,0,https://gtfs-static.translink.ca/gtfs/google_transit.zip
26SEP_20260925,20260907,20270103,2026-09-28,weekday,R4,away_from_ubc,departure,12361,60162,UBC Exchange @ Bay 4,2026-09-28T18:25:00-07:00,2026-09-28T18:25:00-07:00,2026-09-29T01:25:00Z,2026-09-29T01:25:00Z,15509149,R4 41st Avenue/To Joyce Station,0,0,https://gtfs-static.translink.ca/gtfs/google_transit.zip
26SEP_20260925,20260907,20270103,2026-09-28,weekday,R4,away_from_ubc,departure,12361,60162,UBC Exchange @ Bay 4,2026-09-28T18:31:00-07:00,2026-09-28T18:31:00-07:00,2026-09-29T01:31:00Z,2026-09-29T01:31:00Z,15509150,R4 41st Avenue/To Joyce Station,0,0,https://gtfs-static.translink.ca/gtfs/google_transit.zip
26SEP_20260925,20260907,20270103,2026-09-28,weekday,R4,away_from_ubc,departure,12361,60162,UBC Exchange @ Bay 4,2026-09-28T18:37:00-07:00,2026-09-28T18:37:00-07:00,2026-09-29T01:37:00Z,2026-09-29T01:37:00Z,15509151,R4 41st Avenue/To Joyce Station,0,0,https://gtfs-static.translink.ca/gtfs/google_transit.zip
26SEP_20260925,20260907,20270103,2026-09-28,weekday,R4,away_from_ubc,departure,12361,60162,UBC Exchange @ Bay 4,2026-09-28T18:43:00-07:00,2026-09-28T18:43:00-07:00,2026-09-29T01:43:00Z,2026-09-29T01:43:00Z,15509152,R4 41st Avenue/To Joyce Station,0,0,https://gtfs-static.translink.ca/gtfs/google_transit.zip
26SEP_20260925,20260907,20270103,2026-09-28,weekday,R4,away_from_ubc,departure,12361,60162,UBC Exchange @ Bay 4,2026-09-28T18:49:00-07:00,2026-09-28T18:49:00-07:00,2026-09-29T01:49:00Z,2026-09-29T01:49:00Z,15509153,R4 41st Avenue/To Joyce Station,0,0,https://gtfs-static.translink.ca/gtfs/google_transit.zip
26SEP_20260925,20260907,20270103,2026-09-28,weekday,R4,away_from_ubc,departure,12361,60162,UBC Exchange @ Bay 4,2026-09-28T18:54:00-07:00,2026-09-28T18:54:00-07:00,2026-09-29T01:54:00Z,2026-09-29T01:54:00Z,15509154,R4 41st Avenue/To Joyce Station,0,0,https://gtfs-static.translink.ca/gtfs/google_transit.zip
26SEP_20260925,20260907,20270103,2026-09-28,weekday,R4,away_from_ubc,departure,12361,60162,UBC Exchange @ Bay 4,2026-09-28T18:59:00-07:00,2026-09-28T18:59:00-07:00,2026-09-29T01:59:00Z,2026-09-29T01:59:00Z,15509155,R4 41st Avenue/To Joyce Station,0,0,https://gtfs-static.translink.ca/gtfs/google_transit.zip
26SEP_20260925,20260907,20270103,2026-09-28,weekday,R4,away_from_ubc,departure,12361,60162,UBC Exchange @ Bay 4,2026-09-28T19:05:00-07:00,2026-09-28T19:05:00-07:00,2026-09-29T02:05:00Z,2026-09-29T02:05:00Z,15509156,R4 41st Avenue/To Joyce Station,0,0,https://gtfs-static.translink.ca/gtfs/google_transit.zip
26SEP_20260925,20260907,20270103,2026-09-28,weekday,R4,away_from_ubc,departure,12361,60162,UBC Exchange @ Bay 4,2026-09-28T19:12:00-07:00,2026-09-28T19:12:00-07:00,2026-09-29T02:12:00Z,2026-09-29T02:12:00Z,15509157,R4 41st Avenue/To Joyce Station,0,0,https://gtfs-static.translink.ca/gtfs/google_transit.zip
26SEP_20260925,20260907,20270103,2026-09-28,weekday,R4,away_from_ubc,departure,12361,60162,UBC Exchange @ Bay 4,2026-09-28T19:20:00-07:00,2026-09-28T19:20:00-07:00,2026-09-29T02:20:00Z,2026-09-29T02:20:00Z,15509158,R4 41st Avenue/To Joyce Station,0,0,https://gtfs-static.translink.ca/gtfs/google_transit.zip
26SEP_20260925,20260907,20270103,2026-09-28,weekday,R4,away_from_ubc,departure,12361,60162,UBC Exchange @ Bay 4,2026-09-28T19:28:00-07:00,2026-09-28T19:28:00-07:00,2026-09-29T02:28:00Z,2026-09-29T02:28:00Z,15509159,R4 41st Avenue/To Joyce Station,0,0,https://gtfs-static.translink.ca/gtfs/google_transit.zip
26SEP_20260925,20260907,20270103,2026-09-28,weekday,R4,away_from_ubc,departure,12361,60162,UBC Exchange @ Bay 4,2026-09-28T19:35:00-07:00,2026-09-28T19:35:00-07:00,2026-09-29T02:35:00Z,2026-09-29T02:35:00Z,15509160,R4 41st Avenue/To Joyce Station,0,0,https://gtfs-static.translink.ca/gtfs/google_transit.zip
26SEP_20260925,20260907,20270103,2026-09-28,weekday,R4,away_from_ubc,departure,12361,60162,UBC Exchange @ Bay 4,2026-09-28T19:43:00-07:00,2026-09-28T19:43:00-07:00,2026-09-29T02:43:00Z,2026-09-29T02:43:00Z,15509161,R4 41st Avenue/To Joyce Station,0,0,https://gtfs-static.translink.ca/gtfs/google_transit.zip
26SEP_20260925,20260907,20270103,2026-09-28,weekday,R4,away_from_ubc,departure,12361,60162,UBC Exchange @ Bay 4,2026-09-28T19:51:00-07:00,2026-09-28T19:51:00-07:00,2026-09-29T02:51:00Z,2026-09-29T02:51:00Z,15509162,R4 41st Avenue/To Joyce Station,0,0,https://gtfs-static.translink.ca/gtfs/google_transit.zip
26SEP_20260925,20260907,20270103,2026-09-28,weekday,R4,away_from_ubc,departure,12361,60162,UBC Exchange @ Bay 4,2026-09-28T20:01:00-07:00,2026-09-28T20:01:00-07:00,2026-09-29T03:01:00Z,2026-09-29T03:01:00Z,15509163,R4 41st Avenue/To Joyce Station,0,0,https://gtfs-static.translink.ca/gtfs/google_transit.zip
26SEP_20260925,20260907,20270103,2026-09-28,weekday,R4,away_from_ubc,departure,12361,60162,UBC Exchange @ Bay 4,2026-09-28T20:11:00-07:00,2026-09-28T20:11:00-07:00,2026-09-29T03:11:00Z,2026-09-29T03:11:00Z,15509164,R4 41st Avenue/To Joyce Station,0,0,https://gtfs-static.translink.ca/gtfs/google_transit.zip
26SEP_20260925,20260907,20270103,2026-09-28,weekday,R4,away_from_ubc,departure,12361,60162,UBC Exchange @ Bay 4,2026-09-28T20:21:00-07:00,2026-09-28T20:21:00-07:00,2026-09-29T03:21:00Z,2026-09-29T03:21:00Z,15509165,R4 41st Avenue/To Joyce Station,0,0,https://gtfs-static.translink.ca/gtfs/google_transit.zip
26SEP_20260925,20260907,20270103,2026-09-28,weekday,R4,away_from_ubc,departure,12361,60162,UBC Exchange @ Bay 4,2026-09-28T20:31:00-07:00,2026-09-28T20:31:00-07:00,2026-09-29T03:31:00Z,2026-09-29T03:31:00Z,15509166,R4 41st Avenue/To Joyce Station,0,0,https://gtfs-static.translink.ca/gtfs/google_transit.zip
26SEP_20260925,20260907,20270103,2026-09-28,weekday,R4,away_from_ubc,departure,12361,60162,UBC Exchange @ Bay 4,2026-09-28T20:41:00-07:00,2026-09-28T20:41:00-07:00,2026-09-29T03:41:00Z,2026-09-29T03:41:00Z,15509167,R4 41st Avenue/To Joyce Station,0,0,https://gtfs-static.translink.ca/gtfs/google_transit.zip
26SEP_20260925,20260907,20270103,2026-09-28,weekday,R4,away_from_ubc,departure,12361,60162,UBC Exchange @ Bay 4,2026-09-28T20:51:00-07:00,2026-09-28T20:51:00-07:00,2026-09-29T03:51:00Z,2026-09-29T03:51:00Z,15509168,R4 41st Avenue/To Joyce Station,0,0,https://gtfs-static.translink.ca/gtfs/google_transit.zip
26SEP_20260925,20260907,20270103,2026-09-28,weekday,R4,away_from_ubc,departure,12361,60162,UBC Exchange @ Bay 4,2026-09-28T21:01:00-07:00,2026-09-28T21:01:00-07:00,2026-09-29T04:01:00Z,2026-09-29T04:01:00Z,15509169,R4 41st Avenue/To Joyce Station,0,0,https://gtfs-static.translink.ca/gtfs/google_transit.zip
26SEP_20260925,20260907,20270103,2026-09-28,weekday,R4,away_from_ubc,departure,12361,60162,UBC Exchange @ Bay 4,2026-09-28T21:13:00-07:00,2026-09-28T21:13:00-07:00,2026-09-29T04:13:00Z,2026-09-29T04:13:00Z,15509170,R4 41st Avenue/To Joyce Station,0,0,https://gtfs-static.translink.ca/gtfs/google_transit.zip
26SEP_20260925,20260907,20270103,2026-09-28,weekday,R4,away_from_ubc,departure,12361,60162,UBC Exchange @ Bay 4,2026-09-28T21:25:00-07:00,2026-09-28T21:25:00-07:00,2026-09-29T04:25:00Z,2026-09-29T04:25:00Z,15509171,R4 41st Avenue/To Joyce Station,0,0,https://gtfs-static.translink.ca/gtfs/google_transit.zip
26SEP_20260925,20260907,20270103,2026-09-28,weekday,R4,away_from_ubc,departure,12361,60162,UBC Exchange @ Bay 4,2026-09-28T21:37:00-07:00,2026-09-28T21:37:00-07:00,2026-09-29T04:37:00Z,2026-09-29T04:37:00Z,15509172,R4 41st Avenue/To Joyce Station,0,0,https://gtfs-static.translink.ca/gtfs/google_transit.zip
26SEP_20260925,20260907,20270103,2026-09-28,weekday,R4,away_from_ubc,departure,12361,60162,UBC Exchange @ Bay 4,2026-09-28T21:49:00-07:00,2026-09-28T21:49:00-07:00,2026-09-29T04:49:00Z,2026-09-29T04:49:00Z,15509173,R4 41st Avenue/To Joyce Station,0,0,https://gtfs-static.translink.ca/gtfs/google_transit.zip
26SEP_20260925,20260907,20270103,2026-09-28,weekday,R4,away_from_ubc,departure,12361,60162,UBC Exchange @ Bay 4,2026-09-28T22:01:00-07:00,2026-09-28T22:01:00-07:00,2026-09-29T05:01:00Z,2026-09-29T05:01:00Z,15509174,R4 41st Avenue/To Joyce Station,0,0,https://gtfs-static.translink.ca/gtfs/google_transit.zip
26SEP_20260925,20260907,20270103,2026-09-28,weekday,R4,away_from_ubc,departure,12361,60162,UBC Exchange @ Bay 4,2026-09-28T22:13:00-07:00,2026-09-28T22:13:00-07:00,2026-09-29T05:13:00Z,2026-09-29T05:13:00Z,15509175,R4 41st Avenue/To Joyce Station,0,0,https://gtfs-static.translink.ca/gtfs/google_transit.zip
26SEP_20260925,20260907,20270103,2026-09-28,weekday,R4,away_from_ubc,departure,12361,60162,UBC Exchange @ Bay 4,2026-09-28T22:25:00-07:00,2026-09-28T22:25:00-07:00,2026-09-29T05:25:00Z,2026-09-29T05:25:00Z,15509176,R4 41st Avenue/To Joyce Station,0,0,https://gtfs-static.translink.ca/gtfs/google_transit.zip
26SEP_20260925,20260907,20270103,2026-09-28,weekday,R4,away_from_ubc,departure,12361,60162,UBC Exchange @ Bay 4,2026-09-28T22:37:00-07:00,2026-09-28T22:37:00-07:00,2026-09-29T05:37:00Z,2026-09-29T05:37:00Z,15509177,R4 41st Avenue/To Joyce Station,0,0,https://gtfs-static.translink.ca/gtfs/google_transit.zip
26SEP_20260925,20260907,20270103,2026-09-28,weekday,R4,away_from_ubc,departure,12361,60162,UBC Exchange @ Bay 4,2026-09-28T22:49:00-07:00,2026-09-28T22:49:00-07:00,2026-09-29T05:49:00Z,2026-09-29T05:49:00Z,15509178,R4 41st Avenue/To Joyce Station,0,0,https://gtfs-static.translink.ca/gtfs/google_transit.zip
26SEP_20260925,20260907,20270103,2026-09-28,weekday,R4,away_from_ubc,departure,12361,60162,UBC Exchange @ Bay 4,2026-09-28T23:03:00-07:00,2026-09-28T23:03:00-07:00,2026-09-29T06:03:00Z,2026-09-29T06:03:00Z,15509179,R4 41st Avenue/To Joyce Station,0,0,https://gtfs-static.translink.ca/gtfs/google_transit.zip
26SEP_20260925,20260907,20270103,2026-09-28,weekday,R4,away_from_ubc,departure,12361,60162,UBC Exchange @ Bay 4,2026-09-28T23:17:00-07:00,2026-09-28T23:17:00-07:00,2026-09-29T06:17:00Z,2026-09-29T06:17:00Z,15509180,R4 41st Avenue/To Joyce Station,0,0,https://gtfs-static.translink.ca/gtfs/google_transit.zip
26SEP_20260925,20260907,20270103,2026-09-28,weekday,R4,away_from_ubc,departure,12361,60162,UBC Exchange @ Bay 4,2026-09-28T23:32:00-07:00,2026-09-28T23:32:00-07:00,2026-09-29T06:32:00Z,2026-09-29T06:32:00Z,15509181,R4 41st Avenue/To Joyce Station,0,0,https://gtfs-static.translink.ca/gtfs/google_transit.zip
26SEP_20260925,20260907,20270103,2026-09-28,weekday,R4,away_from_ubc,departure,12361,60162,UBC Exchange @ Bay 4,2026-09-28T23:46:00-07:00,2026-09-28T23:46:00-07:00,2026-09-29T06:46:00Z,2026-09-29T06:46:00Z,15509182,R4 41st Avenue/To Joyce Station,0,0,https://gtfs-static.translink.ca/gtfs/google_transit.zip
26SEP_20260925,20260907,20270103,2026-09-28,weekday,R4,away_from_ubc,departure,12361,60162,UBC Exchange @ Bay 4,2026-09-29T00:01:00-07:00,2026-09-29T00:01:00-07:00,2026-09-29T07:01:00Z,2026-09-29T07:01:00Z,15509183,R4 41st Avenue/To Joyce Station,0,0,https://gtfs-static.translink.ca/gtfs/google_transit.zip
26SEP_20260925,20260907,20270103,2026-09-28,weekday,R4,away_from_ubc,departure,12361,60162,UBC Exchange @ Bay 4,2026-09-29T00:16:00-07:00,2026-09-29T00:16:00-07:00,2026-09-29T07:16:00Z,2026-09-29T07:16:00Z,15509184,R4 41st Avenue/To Joyce Station,0,0,https://gtfs-static.translink.ca/gtfs/google_transit.zip
26SEP_20260925,20260907,20270103,2026-09-28,weekday,R4,away_from_ubc,departure,12361,60162,UBC Exchange @ Bay 4,2026-09-29T00:31:00-07:00,2026-09-29T00:31:00-07:00,2026-09-29T07:31:00Z,2026-09-29T07:31:00Z,15509185,R4 41st Avenue/To Joyce Station,0,0,https://gtfs-static.translink.ca/gtfs/google_transit.zip
26SEP_20260925,20260907,20270103,2026-09-28,weekday,R4,away_from_ubc,departure,12361,60162,UBC Exchange @ Bay 4,2026-09-29T00:46:00-07:00,2026-09-29T00:46:00-07:00,2026-09-29T07:46:00Z,2026-09-29T07:46:00Z,15509186,R4 41st Avenue/To Joyce Station,0,0,https://gtfs-static.translink.ca/gtfs/google_transit.zip
26SEP_20260925,20260907,20270103,2026-09-28,weekday,R4,away_from_ubc,departure,12361,60162,UBC Exchange @ Bay 4,2026-09-29T01:01:00-07:00,2026-09-29T01:01:00-07:00,2026-09-29T08:01:00Z,2026-09-29T08:01:00Z,15509187,R4 41st Avenue/To Joyce Station,0,0,https://gtfs-static.translink.ca/gtfs/google_transit.zip
26SEP_20260925,20260907,20270103,2026-09-28,weekday,R4,toward_ubc,arrival,12600,60358,UBC Exchange @ Unloading Only,2026-09-28T05:37:00-07:00,2026-09-28T05:37:00-07:00,2026-09-28T12:37:00Z,2026-09-28T12:37:00Z,15509293,R4 41st Avenue/To UBC Exchange,1,0,https://gtfs-static.translink.ca/gtfs/google_transit.zip
26SEP_20260925,20260907,20270103,2026-09-28,weekday,R4,toward_ubc,arrival,12600,60358,UBC Exchange @ Unloading Only,2026-09-28T05:52:00-07:00,2026-09-28T05:52:00-07:00,2026-09-28T12:52:00Z,2026-09-28T12:52:00Z,15509294,R4 41st Avenue/To UBC Exchange,1,0,https://gtfs-static.translink.ca/gtfs/google_transit.zip
26SEP_20260925,20260907,20270103,2026-09-28,weekday,R4,toward_ubc,arrival,12600,60358,UBC Exchange @ Unloading Only,2026-09-28T06:09:00-07:00,2026-09-28T06:09:00-07:00,2026-09-28T13:09:00Z,2026-09-28T13:09:00Z,15509295,R4 41st Avenue/To UBC Exchange,1,0,https://gtfs-static.translink.ca/gtfs/google_transit.zip
26SEP_20260925,20260907,20270103,2026-09-28,weekday,R4,toward_ubc,arrival,12600,60358,UBC Exchange @ Unloading Only,2026-09-28T06:17:00-07:00,2026-09-28T06:17:00-07:00,2026-09-28T13:17:00Z,2026-09-28T13:17:00Z,15509296,R4 41st Avenue/To UBC Exchange,1,0,https://gtfs-static.translink.ca/gtfs/google_transit.zip
26SEP_20260925,20260907,20270103,2026-09-28,weekday,R4,toward_ubc,arrival,12600,60358,UBC Exchange @ Unloading Only,2026-09-28T06:28:00-07:00,2026-09-28T06:28:00-07:00,2026-09-28T13:28:00Z,2026-09-28T13:28:00Z,15509297,R4 41st Avenue/To UBC Exchange,1,0,https://gtfs-static.translink.ca/gtfs/google_transit.zip
26SEP_20260925,20260907,20270103,2026-09-28,weekday,R4,toward_ubc,arrival,12600,60358,UBC Exchange @ Unloading Only,2026-09-28T06:36:00-07:00,2026-09-28T06:36:00-07:00,2026-09-28T13:36:00Z,2026-09-28T13:36:00Z,15509298,R4 41st Avenue/To UBC Exchange,1,0,https://gtfs-static.translink.ca/gtfs/google_transit.zip
26SEP_20260925,20260907,20270103,2026-09-28,weekday,R4,toward_ubc,arrival,12600,60358,UBC Exchange @ Unloading Only,2026-09-28T06:39:00-07:00,2026-09-28T06:39:00-07:00,2026-09-28T13:39:00Z,2026-09-28T13:39:00Z,15509299,R4 41st Avenue/To UBC Exchange,1,0,https://gtfs-static.translink.ca/gtfs/google_transit.zip
26SEP_20260925,20260907,20270103,2026-09-28,weekday,R4,toward_ubc,arrival,12600,60358,UBC Exchange @ Unloading Only,2026-09-28T06:42:00-07:00,2026-09-28T06:42:00-07:00,2026-09-28T13:42:00Z,2026-09-28T13:42:00Z,15509300,R4 41st Avenue/To UBC Exchange,1,0,https://gtfs-static.translink.ca/gtfs/google_transit.zip
26SEP_20260925,20260907,20270103,2026-09-28,weekday,R4,toward_ubc,arrival,12600,60358,UBC Exchange @ Unloading Only,2026-09-28T06:45:00-07:00,2026-09-28T06:45:00-07:00,2026-09-28T13:45:00Z,2026-09-28T13:45:00Z,15509301,R4 41st Avenue/To UBC Exchange,1,0,https://gtfs-static.translink.ca/gtfs/google_transit.zip
26SEP_20260925,20260907,20270103,2026-09-28,weekday,R4,toward_ubc,arrival,12600,60358,UBC Exchange @ Unloading Only,2026-09-28T06:48:00-07:00,2026-09-28T06:48:00-07:00,2026-09-28T13:48:00Z,2026-09-28T13:48:00Z,15509302,R4 41st Avenue/To UBC Exchange,1,0,https://gtfs-static.translink.ca/gtfs/google_transit.zip
26SEP_20260925,20260907,20270103,2026-09-28,weekday,R4,toward_ubc,arrival,12600,60358,UBC Exchange @ Unloading Only,2026-09-28T06:51:00-07:00,2026-09-28T06:51:00-07:00,2026-09-28T13:51:00Z,2026-09-28T13:51:00Z,15509303,R4 41st Avenue/To UBC Exchange,1,0,https://gtfs-static.translink.ca/gtfs/google_transit.zip
26SEP_20260925,20260907,20270103,2026-09-28,weekday,R4,toward_ubc,arrival,12600,60358,UBC Exchange @ Unloading Only,2026-09-28T06:56:00-07:00,2026-09-28T06:56:00-07:00,2026-09-28T13:56:00Z,2026-09-28T13:56:00Z,15509418,R4 41st Avenue/To UBC Exchange,1,0,https://gtfs-static.translink.ca/gtfs/google_transit.zip
26SEP_20260925,20260907,20270103,2026-09-28,weekday,R4,toward_ubc,arrival,12600,60358,UBC Exchange @ Unloading Only,2026-09-28T06:59:00-07:00,2026-09-28T06:59:00-07:00,2026-09-28T13:59:00Z,2026-09-28T13:59:00Z,15509304,R4 41st Avenue/To UBC Exchange,1,0,https://gtfs-static.translink.ca/gtfs/google_transit.zip
26SEP_20260925,20260907,20270103,2026-09-28,weekday,R4,toward_ubc,arrival,12600,60358,UBC Exchange @ Unloading Only,2026-09-28T07:02:00-07:00,2026-09-28T07:02:00-07:00,2026-09-28T14:02:00Z,2026-09-28T14:02:00Z,15509416,R4 41st Avenue/To UBC Exchange,1,0,https://gtfs-static.translink.ca/gtfs/google_transit.zip
26SEP_20260925,20260907,20270103,2026-09-28,weekday,R4,toward_ubc,arrival,12600,60358,UBC Exchange @ Unloading Only,2026-09-28T07:05:00-07:00,2026-09-28T07:05:00-07:00,2026-09-28T14:05:00Z,2026-09-28T14:05:00Z,15509419,R4 41st Avenue/To UBC Exchange,1,0,https://gtfs-static.translink.ca/gtfs/google_transit.zip
26SEP_20260925,20260907,20270103,2026-09-28,weekday,R4,toward_ubc,arrival,12600,60358,UBC Exchange @ Unloading Only,2026-09-28T07:08:00-07:00,2026-09-28T07:08:00-07:00,2026-09-28T14:08:00Z,2026-09-28T14:08:00Z,15509305,R4 41st Avenue/To UBC Exchange,1,0,https://gtfs-static.translink.ca/gtfs/google_transit.zip
26SEP_20260925,20260907,20270103,2026-09-28,weekday,R4,toward_ubc,arrival,12600,60358,UBC Exchange @ Unloading Only,2026-09-28T07:12:00-07:00,2026-09-28T07:12:00-07:00,2026-09-28T14:12:00Z,2026-09-28T14:12:00Z,15509306,R4 41st Avenue/To UBC Exchange,1,0,https://gtfs-static.translink.ca/gtfs/google_transit.zip
26SEP_20260925,20260907,20270103,2026-09-28,weekday,R4,toward_ubc,arrival,12600,60358,UBC Exchange @ Unloading Only,2026-09-28T07:15:00-07:00,2026-09-28T07:15:00-07:00,2026-09-28T14:15:00Z,2026-09-28T14:15:00Z,15509307,R4 41st Avenue/To UBC Exchange,1,0,https://gtfs-static.translink.ca/gtfs/google_transit.zip
26SEP_20260925,20260907,20270103,2026-09-28,weekday,R4,toward_ubc,arrival,12600,60358,UBC Exchange @ Unloading Only,2026-09-28T07:18:00-07:00,2026-09-28T07:18:00-07:00,2026-09-28T14:18:00Z,2026-09-28T14:18:00Z,15509413,R4 41st Avenue/To UBC Exchange,1,0,https://gtfs-static.translink.ca/gtfs/google_transit.zip
26SEP_20260925,20260907,20270103,2026-09-28,weekday,R4,toward_ubc,arrival,12600,60358,UBC Exchange @ Unloading Only,2026-09-28T07:21:00-07:00,2026-09-28T07:21:00-07:00,2026-09-28T14:21:00Z,2026-09-28T14:21:00Z,15509414,R4 41st Avenue/To UBC Exchange,1,0,https://gtfs-static.translink.ca/gtfs/google_transit.zip
26SEP_20260925,20260907,20270103,2026-09-28,weekday,R4,toward_ubc,arrival,12600,60358,UBC Exchange @ Unloading Only,2026-09-28T07:25:00-07:00,2026-09-28T07:25:00-07:00,2026-09-28T14:25:00Z,2026-09-28T14:25:00Z,15509415,R4 41st Avenue/To UBC Exchange,1,0,https://gtfs-static.translink.ca/gtfs/google_transit.zip
26SEP_20260925,20260907,20270103,2026-09-28,weekday,R4,toward_ubc,arrival,12600,60358,UBC Exchange @ Unloading Only,2026-09-28T07:28:00-07:00,2026-09-28T07:28:00-07:00,2026-09-28T14:28:00Z,2026-09-28T14:28:00Z,15509308,R4 41st Avenue/To UBC Exchange,1,0,https://gtfs-static.translink.ca/gtfs/google_transit.zip
26SEP_20260925,20260907,20270103,2026-09-28,weekday,R4,toward_ubc,arrival,12600,60358,UBC Exchange @ Unloading Only,2026-09-28T07:31:00-07:00,2026-09-28T07:31:00-07:00,2026-09-28T14:31:00Z,2026-09-28T14:31:00Z,15509309,R4 41st Avenue/To UBC Exchange,1,0,https://gtfs-static.translink.ca/gtfs/google_transit.zip
26SEP_20260925,20260907,20270103,2026-09-28,weekday,R4,toward_ubc,arrival,12600,60358,UBC Exchange @ Unloading Only,2026-09-28T07:34:00-07:00,2026-09-28T07:34:00-07:00,2026-09-28T14:34:00Z,2026-09-28T14:34:00Z,15509310,R4 41st Avenue/To UBC Exchange,1,0,https://gtfs-static.translink.ca/gtfs/google_transit.zip
26SEP_20260925,20260907,20270103,2026-09-28,weekday,R4,toward_ubc,arrival,12600,60358,UBC Exchange @ Unloading Only,2026-09-28T07:37:00-07:00,2026-09-28T07:37:00-07:00,2026-09-28T14:37:00Z,2026-09-28T14:37:00Z,15509311,R4 41st Avenue/To UBC Exchange,1,0,https://gtfs-static.translink.ca/gtfs/google_transit.zip
26SEP_20260925,20260907,20270103,2026-09-28,weekday,R4,toward_ubc,arrival,12600,60358,UBC Exchange @ Unloading Only,2026-09-28T07:40:00-07:00,2026-09-28T07:40:00-07:00,2026-09-28T14:40:00Z,2026-09-28T14:40:00Z,15509411,R4 41st Avenue/To UBC Exchange,1,0,https://gtfs-static.translink.ca/gtfs/google_transit.zip
26SEP_20260925,20260907,20270103,2026-09-28,weekday,R4,toward_ubc,arrival,12600,60358,UBC Exchange @ Unloading Only,2026-09-28T07:46:00-07:00,2026-09-28T07:46:00-07:00,2026-09-28T14:46:00Z,2026-09-28T14:46:00Z,15509412,R4 41st Avenue/To UBC Exchange,1,0,https://gtfs-static.translink.ca/gtfs/google_transit.zip
26SEP_20260925,20260907,20270103,2026-09-28,weekday,R4,toward_ubc,arrival,12600,60358,UBC Exchange @ Unloading Only,2026-09-28T07:49:00-07:00,2026-09-28T07:49:00-07:00,2026-09-28T14:49:00Z,2026-09-28T14:49:00Z,15509330,R4 41st Avenue/To UBC Exchange,1,0,https://gtfs-static.translink.ca/gtfs/google_transit.zip
26SEP_20260925,20260907,20270103,2026-09-28,weekday,R4,toward_ubc,arrival,12600,60358,UBC Exchange @ Unloading Only,2026-09-28T07:52:00-07:00,2026-09-28T07:52:00-07:00,2026-09-28T14:52:00Z,2026-09-28T14:52:00Z,15509407,R4 41st Avenue/To UBC Exchange,1,0,https://gtfs-static.translink.ca/gtfs/google_transit.zip
26SEP_20260925,20260907,20270103,2026-09-28,weekday,R4,toward_ubc,arrival,12600,60358,UBC Exchange @ Unloading Only,2026-09-28T07:56:00-07:00,2026-09-28T07:56:00-07:00,2026-09-28T14:56:00Z,2026-09-28T14:56:00Z,15509408,R4 41st Avenue/To UBC Exchange,1,0,https://gtfs-static.translink.ca/gtfs/google_transit.zip
26SEP_20260925,20260907,20270103,2026-09-28,weekday,R4,toward_ubc,arrival,12600,60358,UBC Exchange @ Unloading Only,2026-09-28T07:59:00-07:00,2026-09-28T07:59:00-07:00,2026-09-28T14:59:00Z,2026-09-28T14:59:00Z,15509312,R4 41st Avenue/To UBC Exchange,1,0,https://gtfs-static.translink.ca/gtfs/google_transit.zip
26SEP_20260925,20260907,20270103,2026-09-28,weekday,R4,toward_ubc,arrival,12600,60358,UBC Exchange @ Unloading Only,2026-09-28T08:02:00-07:00,2026-09-28T08:02:00-07:00,2026-09-28T15:02:00Z,2026-09-28T15:02:00Z,15509313,R4 41st Avenue/To UBC Exchange,1,0,https://gtfs-static.translink.ca/gtfs/google_transit.zip
26SEP_20260925,20260907,20270103,2026-09-28,weekday,R4,toward_ubc,arrival,12600,60358,UBC Exchange @ Unloading Only,2026-09-28T08:05:00-07:00,2026-09-28T08:05:00-07:00,2026-09-28T15:05:00Z,2026-09-28T15:05:00Z,15509314,R4 41st Avenue/To UBC Exchange,1,0,https://gtfs-static.translink.ca/gtfs/google_transit.zip
26SEP_20260925,20260907,20270103,2026-09-28,weekday,R4,toward_ubc,arrival,12600,60358,UBC Exchange @ Unloading Only,2026-09-28T08:08:00-07:00,2026-09-28T08:08:00-07:00,2026-09-28T15:08:00Z,2026-09-28T15:08:00Z,15509315,R4 41st Avenue/To UBC Exchange,1,0,https://gtfs-static.translink.ca/gtfs/google_transit.zip
26SEP_20260925,20260907,20270103,2026-09-28,weekday,R4,toward_ubc,arrival,12600,60358,UBC Exchange @ Unloading Only,2026-09-28T08:11:00-07:00,2026-09-28T08:11:00-07:00,2026-09-28T15:11:00Z,2026-09-28T15:11:00Z,15509420,R4 41st Avenue/To UBC Exchange,1,0,https://gtfs-static.translink.ca/gtfs/google_transit.zip
26SEP_20260925,20260907,20270103,2026-09-28,weekday,R4,toward_ubc,arrival,12600,60358,UBC Exchange @ Unloading Only,2026-09-28T08:18:00-07:00,2026-09-28T08:18:00-07:00,2026-09-28T15:18:00Z,2026-09-28T15:18:00Z,15509316,R4 41st Avenue/To UBC Exchange,1,0,https://gtfs-static.translink.ca/gtfs/google_transit.zip
26SEP_20260925,20260907,20270103,2026-09-28,weekday,R4,toward_ubc,arrival,12600,60358,UBC Exchange @ Unloading Only,2026-09-28T08:21:00-07:00,2026-09-28T08:21:00-07:00,2026-09-28T15:21:00Z,2026-09-28T15:21:00Z,15509317,R4 41st Avenue/To UBC Exchange,1,0,https://gtfs-static.translink.ca/gtfs/google_transit.zip
26SEP_20260925,20260907,20270103,2026-09-28,weekday,R4,toward_ubc,arrival,12600,60358,UBC Exchange @ Unloading Only,2026-09-28T08:24:00-07:00,2026-09-28T08:24:00-07:00,2026-09-28T15:24:00Z,2026-09-28T15:24:00Z,15509421,R4 41st Avenue/To UBC Exchange,1,0,https://gtfs-static.translink.ca/gtfs/google_transit.zip
26SEP_20260925,20260907,20270103,2026-09-28,weekday,R4,toward_ubc,arrival,12600,60358,UBC Exchange @ Unloading Only,2026-09-28T08:27:00-07:00,2026-09-28T08:27:00-07:00,2026-09-28T15:27:00Z,2026-09-28T15:27:00Z,15509318,R4 41st Avenue/To UBC Exchange,1,0,https://gtfs-static.translink.ca/gtfs/google_transit.zip
26SEP_20260925,20260907,20270103,2026-09-28,weekday,R4,toward_ubc,arrival,12600,60358,UBC Exchange @ Unloading Only,2026-09-28T08:30:00-07:00,2026-09-28T08:30:00-07:00,2026-09-28T15:30:00Z,2026-09-28T15:30:00Z,15509319,R4 41st Avenue/To UBC Exchange,1,0,https://gtfs-static.translink.ca/gtfs/google_transit.zip
26SEP_20260925,20260907,20270103,2026-09-28,weekday,R4,toward_ubc,arrival,12600,60358,UBC Exchange @ Unloading Only,2026-09-28T08:32:00-07:00,2026-09-28T08:32:00-07:00,2026-09-28T15:32:00Z,2026-09-28T15:32:00Z,15509320,R4 41st Avenue/To UBC Exchange,1,0,https://gtfs-static.translink.ca/gtfs/google_transit.zip
26SEP_20260925,20260907,20270103,2026-09-28,weekday,R4,toward_ubc,arrival,12600,60358,UBC Exchange @ Unloading Only,2026-09-28T08:37:00-07:00,2026-09-28T08:37:00-07:00,2026-09-28T15:37:00Z,2026-09-28T15:37:00Z,15509321,R4 41st Avenue/To UBC Exchange,1,0,https://gtfs-static.translink.ca/gtfs/google_transit.zip
26SEP_20260925,20260907,20270103,2026-09-28,weekday,R4,toward_ubc,arrival,12600,60358,UBC Exchange @ Unloading Only,2026-09-28T08:40:00-07:00,2026-09-28T08:40:00-07:00,2026-09-28T15:40:00Z,2026-09-28T15:40:00Z,15509322,R4 41st Avenue/To UBC Exchange,1,0,https://gtfs-static.translink.ca/gtfs/google_transit.zip
26SEP_20260925,20260907,20270103,2026-09-28,weekday,R4,toward_ubc,arrival,12600,60358,UBC Exchange @ Unloading Only,2026-09-28T08:43:00-07:00,2026-09-28T08:43:00-07:00,2026-09-28T15:43:00Z,2026-09-28T15:43:00Z,15509323,R4 41st Avenue/To UBC Exchange,1,0,https://gtfs-static.translink.ca/gtfs/google_transit.zip
26SEP_20260925,20260907,20270103,2026-09-28,weekday,R4,toward_ubc,arrival,12600,60358,UBC Exchange @ Unloading Only,2026-09-28T08:46:00-07:00,2026-09-28T08:46:00-07:00,2026-09-28T15:46:00Z,2026-09-28T15:46:00Z,15509324,R4 41st Avenue/To UBC Exchange,1,0,https://gtfs-static.translink.ca/gtfs/google_transit.zip
26SEP_20260925,20260907,20270103,2026-09-28,weekday,R4,toward_ubc,arrival,12600,60358,UBC Exchange @ Unloading Only,2026-09-28T08:53:00-07:00,2026-09-28T08:53:00-07:00,2026-09-28T15:53:00Z,2026-09-28T15:53:00Z,15509325,R4 41st Avenue/To UBC Exchange,1,0,https://gtfs-static.translink.ca/gtfs/google_transit.zip
26SEP_20260925,20260907,20270103,2026-09-28,weekday,R4,toward_ubc,arrival,12600,60358,UBC Exchange @ Unloading Only,2026-09-28T08:56:00-07:00,2026-09-28T08:56:00-07:00,2026-09-28T15:56:00Z,2026-09-28T15:56:00Z,15509326,R4 41st Avenue/To UBC Exchange,1,0,https://gtfs-static.translink.ca/gtfs/google_transit.zip
26SEP_20260925,20260907,20270103,2026-09-28,weekday,R4,toward_ubc,arrival,12600,60358,UBC Exchange @ Unloading Only,2026-09-28T08:59:00-07:00,2026-09-28T08:59:00-07:00,2026-09-28T15:59:00Z,2026-09-28T15:59:00Z,15509410,R4 41st Avenue/To UBC Exchange,1,0,https://gtfs-static.translink.ca/gtfs/google_transit.zip
26SEP_20260925,20260907,20270103,2026-09-28,weekday,R4,toward_ubc,arrival,12600,60358,UBC Exchange @ Unloading Only,2026-09-28T09:02:00-07:00,2026-09-28T09:02:00-07:00,2026-09-28T16:02:00Z,2026-09-28T16:02:00Z,15509422,R4 41st Avenue/To UBC Exchange,1,0,https://gtfs-static.translink.ca/gtfs/google_transit.zip
26SEP_20260925,20260907,20270103,2026-09-28,weekday,R4,toward_ubc,arrival,12600,60358,UBC Exchange @ Unloading Only,2026-09-28T09:05:00-07:00,2026-09-28T09:05:00-07:00,2026-09-28T16:05:00Z,2026-09-28T16:05:00Z,15509327,R4 41st Avenue/To UBC Exchange,1,0,https://gtfs-static.translink.ca/gtfs/google_transit.zip
26SEP_20260925,20260907,20270103,2026-09-28,weekday,R4,toward_ubc,arrival,12600,60358,UBC Exchange @ Unloading Only,2026-09-28T09:08:00-07:00,2026-09-28T09:08:00-07:00,2026-09-28T16:08:00Z,2026-09-28T16:08:00Z,15509328,R4 41st Avenue/To UBC Exchange,1,0,https://gtfs-static.translink.ca/gtfs/google_transit.zip
26SEP_20260925,20260907,20270103,2026-09-28,weekday,R4,toward_ubc,arrival,12600,60358,UBC Exchange @ Unloading Only,2026-09-28T09:12:00-07:00,2026-09-28T09:12:00-07:00,2026-09-28T16:12:00Z,2026-09-28T16:12:00Z,15509329,R4 41st Avenue/To UBC Exchange,1,0,https://gtfs-static.translink.ca/gtfs/google_transit.zip
26SEP_20260925,20260907,20270103,2026-09-28,weekday,R4,toward_ubc,arrival,12600,60358,UBC Exchange @ Unloading Only,2026-09-28T09:16:00-07:00,2026-09-28T09:16:00-07:00,2026-09-28T16:16:00Z,2026-09-28T16:16:00Z,15509409,R4 41st Avenue/To UBC Exchange,1,0,https://gtfs-static.translink.ca/gtfs/google_transit.zip
26SEP_20260925,20260907,20270103,2026-09-28,weekday,R4,toward_ubc,arrival,12600,60358,UBC Exchange @ Unloading Only,2026-09-28T09:19:00-07:00,2026-09-28T09:19:00-07:00,2026-09-28T16:19:00Z,2026-09-28T16:19:00Z,15509331,R4 41st Avenue/To UBC Exchange,1,0,https://gtfs-static.translink.ca/gtfs/google_transit.zip
26SEP_20260925,20260907,20270103,2026-09-28,weekday,R4,toward_ubc,arrival,12600,60358,UBC Exchange @ Unloading Only,2026-09-28T09:22:00-07:00,2026-09-28T09:22:00-07:00,2026-09-28T16:22:00Z,2026-09-28T16:22:00Z,15509405,R4 41st Avenue/To UBC Exchange,1,0,https://gtfs-static.translink.ca/gtfs/google_transit.zip
26SEP_20260925,20260907,20270103,2026-09-28,weekday,R4,toward_ubc,arrival,12600,60358,UBC Exchange @ Unloading Only,2026-09-28T09:24:00-07:00,2026-09-28T09:24:00-07:00,2026-09-28T16:24:00Z,2026-09-28T16:24:00Z,15509406,R4 41st Avenue/To UBC Exchange,1,0,https://gtfs-static.translink.ca/gtfs/google_transit.zip
26SEP_20260925,20260907,20270103,2026-09-28,weekday,R4,toward_ubc,arrival,12600,60358,UBC Exchange @ Unloading Only,2026-09-28T09:28:00-07:00,2026-09-28T09:28:00-07:00,2026-09-28T16:28:00Z,2026-09-28T16:28:00Z,15509332,R4 41st Avenue/To UBC Exchange,1,0,https://gtfs-static.translink.ca/gtfs/google_transit.zip
26SEP_20260925,20260907,20270103,2026-09-28,weekday,R4,toward_ubc,arrival,12600,60358,UBC Exchange @ Unloading Only,2026-09-28T09:31:00-07:00,2026-09-28T09:31:00-07:00,2026-09-28T16:31:00Z,2026-09-28T16:31:00Z,15509333,R4 41st Avenue/To UBC Exchange,1,0,https://gtfs-static.translink.ca/gtfs/google_transit.zip
26SEP_20260925,20260907,20270103,2026-09-28,weekday,R4,toward_ubc,arrival,12600,60358,UBC Exchange @ Unloading Only,2026-09-28T09:34:00-07:00,2026-09-28T09:34:00-07:00,2026-09-28T16:34:00Z,2026-09-28T16:34:00Z,15509334,R4 41st Avenue/To UBC Exchange,1,0,https://gtfs-static.translink.ca/gtfs/google_transit.zip
26SEP_20260925,20260907,20270103,2026-09-28,weekday,R4,toward_ubc,arrival,12600,60358,UBC Exchange @ Unloading Only,2026-09-28T09:37:00-07:00,2026-09-28T09:37:00-07:00,2026-09-28T16:37:00Z,2026-09-28T16:37:00Z,15509335,R4 41st Avenue/To UBC Exchange,1,0,https://gtfs-static.translink.ca/gtfs/google_transit.zip
26SEP_20260925,20260907,20270103,2026-09-28,weekday,R4,toward_ubc,arrival,12600,60358,UBC Exchange @ Unloading Only,2026-09-28T09:40:00-07:00,2026-09-28T09:40:00-07:00,2026-09-28T16:40:00Z,2026-09-28T16:40:00Z,15509403,R4 41st Avenue/To UBC Exchange,1,0,https://gtfs-static.translink.ca/gtfs/google_transit.zip
26SEP_20260925,20260907,20270103,2026-09-28,weekday,R4,toward_ubc,arrival,12600,60358,UBC Exchange @ Unloading Only,2026-09-28T09:43:00-07:00,2026-09-28T09:43:00-07:00,2026-09-28T16:43:00Z,2026-09-28T16:43:00Z,15509404,R4 41st Avenue/To UBC Exchange,1,0,https://gtfs-static.translink.ca/gtfs/google_transit.zip
26SEP_20260925,20260907,20270103,2026-09-28,weekday,R4,toward_ubc,arrival,12600,60358,UBC Exchange @ Unloading Only,2026-09-28T09:48:00-07:00,2026-09-28T09:48:00-07:00,2026-09-28T16:48:00Z,2026-09-28T16:48:00Z,15509337,R4 41st Avenue/To UBC Exchange,1,0,https://gtfs-static.translink.ca/gtfs/google_transit.zip
26SEP_20260925,20260907,20270103,2026-09-28,weekday,R4,toward_ubc,arrival,12600,60358,UBC Exchange @ Unloading Only,2026-09-28T09:50:00-07:00,2026-09-28T09:50:00-07:00,2026-09-28T16:50:00Z,2026-09-28T16:50:00Z,15509336,R4 41st Avenue/To UBC Exchange,1,0,https://gtfs-static.translink.ca/gtfs/google_transit.zip
26SEP_20260925,20260907,20270103,2026-09-28,weekday,R4,toward_ubc,arrival,12600,60358,UBC Exchange @ Unloading Only,2026-09-28T09:51:00-07:00,2026-09-28T09:51:00-07:00,2026-09-28T16:51:00Z,2026-09-28T16:51:00Z,15509401,R4 41st Avenue/To UBC Exchange,1,0,https://gtfs-static.translink.ca/gtfs/google_transit.zip
26SEP_20260925,20260907,20270103,2026-09-28,weekday,R4,toward_ubc,arrival,12600,60358,UBC Exchange @ Unloading Only,2026-09-28T09:55:00-07:00,2026-09-28T09:55:00-07:00,2026-09-28T16:55:00Z,2026-09-28T16:55:00Z,15509402,R4 41st Avenue/To UBC Exchange,1,0,https://gtfs-static.translink.ca/gtfs/google_transit.zip
26SEP_20260925,20260907,20270103,2026-09-28,weekday,R4,toward_ubc,arrival,12600,60358,UBC Exchange @ Unloading Only,2026-09-28T09:58:00-07:00,2026-09-28T09:58:00-07:00,2026-09-28T16:58:00Z,2026-09-28T16:58:00Z,15509227,R4 41st Avenue/To UBC Exchange,1,0,https://gtfs-static.translink.ca/gtfs/google_transit.zip
26SEP_20260925,20260907,20270103,2026-09-28,weekday,R4,toward_ubc,arrival,12600,60358,UBC Exchange @ Unloading Only,2026-09-28T10:02:00-07:00,2026-09-28T10:02:00-07:00,2026-09-28T17:02:00Z,2026-09-28T17:02:00Z,15509228,R4 41st Avenue/To UBC Exchange,1,0,https://gtfs-static.translink.ca/gtfs/google_transit.zip
26SEP_20260925,20260907,20270103,2026-09-28,weekday,R4,toward_ubc,arrival,12600,60358,UBC Exchange @ Unloading Only,2026-09-28T10:06:00-07:00,2026-09-28T10:06:00-07:00,2026-09-28T17:06:00Z,2026-09-28T17:06:00Z,15509229,R4 41st Avenue/To UBC Exchange,1,0,https://gtfs-static.translink.ca/gtfs/google_transit.zip
26SEP_20260925,20260907,20270103,2026-09-28,weekday,R4,toward_ubc,arrival,12600,60358,UBC Exchange @ Unloading Only,2026-09-28T10:11:00-07:00,2026-09-28T10:11:00-07:00,2026-09-28T17:11:00Z,2026-09-28T17:11:00Z,15509230,R4 41st Avenue/To UBC Exchange,1,0,https://gtfs-static.translink.ca/gtfs/google_transit.zip
26SEP_20260925,20260907,20270103,2026-09-28,weekday,R4,toward_ubc,arrival,12600,60358,UBC Exchange @ Unloading Only,2026-09-28T10:15:00-07:00,2026-09-28T10:15:00-07:00,2026-09-28T17:15:00Z,2026-09-28T17:15:00Z,15509231,R4 41st Avenue/To UBC Exchange,1,0,https://gtfs-static.translink.ca/gtfs/google_transit.zip
26SEP_20260925,20260907,20270103,2026-09-28,weekday,R4,toward_ubc,arrival,12600,60358,UBC Exchange @ Unloading Only,2026-09-28T10:17:00-07:00,2026-09-28T10:17:00-07:00,2026-09-28T17:17:00Z,2026-09-28T17:17:00Z,15509232,R4 41st Avenue/To UBC Exchange,1,0,https://gtfs-static.translink.ca/gtfs/google_transit.zip
26SEP_20260925,20260907,20270103,2026-09-28,weekday,R4,toward_ubc,arrival,12600,60358,UBC Exchange @ Unloading Only,2026-09-28T10:23:00-07:00,2026-09-28T10:23:00-07:00,2026-09-28T17:23:00Z,2026-09-28T17:23:00Z,15509233,R4 41st Avenue/To UBC Exchange,1,0,https://gtfs-static.translink.ca/gtfs/google_transit.zip
26SEP_20260925,20260907,20270103,2026-09-28,weekday,R4,toward_ubc,arrival,12600,60358,UBC Exchange @ Unloading Only,2026-09-28T10:27:00-07:00,2026-09-28T10:27:00-07:00,2026-09-28T17:27:00Z,2026-09-28T17:27:00Z,15509234,R4 41st Avenue/To UBC Exchange,1,0,https://gtfs-static.translink.ca/gtfs/google_transit.zip
26SEP_20260925,20260907,20270103,2026-09-28,weekday,R4,toward_ubc,arrival,12600,60358,UBC Exchange @ Unloading Only,2026-09-28T10:32:00-07:00,2026-09-28T10:32:00-07:00,2026-09-28T17:32:00Z,2026-09-28T17:32:00Z,15509235,R4 41st Avenue/To UBC Exchange,1,0,https://gtfs-static.translink.ca/gtfs/google_transit.zip
26SEP_20260925,20260907,20270103,2026-09-28,weekday,R4,toward_ubc,arrival,12600,60358,UBC Exchange @ Unloading Only,2026-09-28T10:37:00-07:00,2026-09-28T10:37:00-07:00,2026-09-28T17:37:00Z,2026-09-28T17:37:00Z,15509236,R4 41st Avenue/To UBC Exchange,1,0,https://gtfs-static.translink.ca/gtfs/google_transit.zip
26SEP_20260925,20260907,20270103,2026-09-28,weekday,R4,toward_ubc,arrival,12600,60358,UBC Exchange @ Unloading Only,2026-09-28T10:41:00-07:00,2026-09-28T10:41:00-07:00,2026-09-28T17:41:00Z,2026-09-28T17:41:00Z,15509237,R4 41st Avenue/To UBC Exchange,1,0,https://gtfs-static.translink.ca/gtfs/google_transit.zip
26SEP_20260925,20260907,20270103,2026-09-28,weekday,R4,toward_ubc,arrival,12600,60358,UBC Exchange @ Unloading Only,2026-09-28T10:46:00-07:00,2026-09-28T10:46:00-07:00,2026-09-28T17:46:00Z,2026-09-28T17:46:00Z,15509238,R4 41st Avenue/To UBC Exchange,1,0,https://gtfs-static.translink.ca/gtfs/google_transit.zip
26SEP_20260925,20260907,20270103,2026-09-28,weekday,R4,toward_ubc,arrival,12600,60358,UBC Exchange @ Unloading Only,2026-09-28T10:51:00-07:00,2026-09-28T10:51:00-07:00,2026-09-28T17:51:00Z,2026-09-28T17:51:00Z,15509239,R4 41st Avenue/To UBC Exchange,1,0,https://gtfs-static.translink.ca/gtfs/google_transit.zip
26SEP_20260925,20260907,20270103,2026-09-28,weekday,R4,toward_ubc,arrival,12600,60358,UBC Exchange @ Unloading Only,2026-09-28T10:56:00-07:00,2026-09-28T10:56:00-07:00,2026-09-28T17:56:00Z,2026-09-28T17:56:00Z,15509240,R4 41st Avenue/To UBC Exchange,1,0,https://gtfs-static.translink.ca/gtfs/google_transit.zip
26SEP_20260925,20260907,20270103,2026-09-28,weekday,R4,toward_ubc,arrival,12600,60358,UBC Exchange @ Unloading Only,2026-09-28T11:01:00-07:00,2026-09-28T11:01:00-07:00,2026-09-28T18:01:00Z,2026-09-28T18:01:00Z,15509241,R4 41st Avenue/To UBC Exchange,1,0,https://gtfs-static.translink.ca/gtfs/google_transit.zip
26SEP_20260925,20260907,20270103,2026-09-28,weekday,R4,toward_ubc,arrival,12600,60358,UBC Exchange @ Unloading Only,2026-09-28T11:06:00-07:00,2026-09-28T11:06:00-07:00,2026-09-28T18:06:00Z,2026-09-28T18:06:00Z,15509242,R4 41st Avenue/To UBC Exchange,1,0,https://gtfs-static.translink.ca/gtfs/google_transit.zip
26SEP_20260925,20260907,20270103,2026-09-28,weekday,R4,toward_ubc,arrival,12600,60358,UBC Exchange @ Unloading Only,2026-09-28T11:11:00-07:00,2026-09-28T11:11:00-07:00,2026-09-28T18:11:00Z,2026-09-28T18:11:00Z,15509243,R4 41st Avenue/To UBC Exchange,1,0,https://gtfs-static.translink.ca/gtfs/google_transit.zip
26SEP_20260925,20260907,20270103,2026-09-28,weekday,R4,toward_ubc,arrival,12600,60358,UBC Exchange @ Unloading Only,2026-09-28T11:17:00-07:00,2026-09-28T11:17:00-07:00,2026-09-28T18:17:00Z,2026-09-28T18:17:00Z,15509244,R4 41st Avenue/To UBC Exchange,1,0,https://gtfs-static.translink.ca/gtfs/google_transit.zip
26SEP_20260925,20260907,20270103,2026-09-28,weekday,R4,toward_ubc,arrival,12600,60358,UBC Exchange @ Unloading Only,2026-09-28T11:23:00-07:00,2026-09-28T11:23:00-07:00,2026-09-28T18:23:00Z,2026-09-28T18:23:00Z,15509245,R4 41st Avenue/To UBC Exchange,1,0,https://gtfs-static.translink.ca/gtfs/google_transit.zip
26SEP_20260925,20260907,20270103,2026-09-28,weekday,R4,toward_ubc,arrival,12600,60358,UBC Exchange @ Unloading Only,2026-09-28T11:30:00-07:00,2026-09-28T11:30:00-07:00,2026-09-28T18:30:00Z,2026-09-28T18:30:00Z,15509246,R4 41st Avenue/To UBC Exchange,1,0,https://gtfs-static.translink.ca/gtfs/google_transit.zip
26SEP_20260925,20260907,20270103,2026-09-28,weekday,R4,toward_ubc,arrival,12600,60358,UBC Exchange @ Unloading Only,2026-09-28T11:37:00-07:00,2026-09-28T11:37:00-07:00,2026-09-28T18:37:00Z,2026-09-28T18:37:00Z,15509247,R4 41st Avenue/To UBC Exchange,1,0,https://gtfs-static.translink.ca/gtfs/google_transit.zip
26SEP_20260925,20260907,20270103,2026-09-28,weekday,R4,toward_ubc,arrival,12600,60358,UBC Exchange @ Unloading Only,2026-09-28T11:44:00-07:00,2026-09-28T11:44:00-07:00,2026-09-28T18:44:00Z,2026-09-28T18:44:00Z,15509248,R4 41st Avenue/To UBC Exchange,1,0,https://gtfs-static.translink.ca/gtfs/google_transit.zip
26SEP_20260925,20260907,20270103,2026-09-28,weekday,R4,toward_ubc,arrival,12600,60358,UBC Exchange @ Unloading Only,2026-09-28T11:51:00-07:00,2026-09-28T11:51:00-07:00,2026-09-28T18:51:00Z,2026-09-28T18:51:00Z,15509249,R4 41st Avenue/To UBC Exchange,1,0,https://gtfs-static.translink.ca/gtfs/google_transit.zip
26SEP_20260925,20260907,20270103,2026-09-28,weekday,R4,toward_ubc,arrival,12600,60358,UBC Exchange @ Unloading Only,2026-09-28T11:58:00-07:00,2026-09-28T11:58:00-07:00,2026-09-28T18:58:00Z,2026-09-28T18:58:00Z,15509250,R4 41st Avenue/To UBC Exchange,1,0,https://gtfs-static.translink.ca/gtfs/google_transit.zip
26SEP_20260925,20260907,20270103,2026-09-28,weekday,R4,toward_ubc,arrival,12600,60358,UBC Exchange @ Unloading Only,2026-09-28T12:06:00-07:00,2026-09-28T12:06:00-07:00,2026-09-28T19:06:00Z,2026-09-28T19:06:00Z,15509251,R4 41st Avenue/To UBC Exchange,1,0,https://gtfs-static.translink.ca/gtfs/google_transit.zip
26SEP_20260925,20260907,20270103,2026-09-28,weekday,R4,toward_ubc,arrival,12600,60358,UBC Exchange @ Unloading Only,2026-09-28T12:13:00-07:00,2026-09-28T12:13:00-07:00,2026-09-28T19:13:00Z,2026-09-28T19:13:00Z,15509252,R4 41st Avenue/To UBC Exchange,1,0,https://gtfs-static.translink.ca/gtfs/google_transit.zip
26SEP_20260925,20260907,20270103,2026-09-28,weekday,R4,toward_ubc,arrival,12600,60358,UBC Exchange @ Unloading Only,2026-09-28T12:21:00-07:00,2026-09-28T12:21:00-07:00,2026-09-28T19:21:00Z,2026-09-28T19:21:00Z,15509253,R4 41st Avenue/To UBC Exchange,1,0,https://gtfs-static.translink.ca/gtfs/google_transit.zip
26SEP_20260925,20260907,20270103,2026-09-28,weekday,R4,toward_ubc,arrival,12600,60358,UBC Exchange @ Unloading Only,2026-09-28T12:28:00-07:00,2026-09-28T12:28:00-07:00,2026-09-28T19:28:00Z,2026-09-28T19:28:00Z,15509254,R4 41st Avenue/To UBC Exchange,1,0,https://gtfs-static.translink.ca/gtfs/google_transit.zip
26SEP_20260925,20260907,20270103,2026-09-28,weekday,R4,toward_ubc,arrival,12600,60358,UBC Exchange @ Unloading Only,2026-09-28T12:36:00-07:00,2026-09-28T12:36:00-07:00,2026-09-28T19:36:00Z,2026-09-28T19:36:00Z,15509255,R4 41st Avenue/To UBC Exchange,1,0,https://gtfs-static.translink.ca/gtfs/google_transit.zip
26SEP_20260925,20260907,20270103,2026-09-28,weekday,R4,toward_ubc,arrival,12600,60358,UBC Exchange @ Unloading Only,2026-09-28T12:44:00-07:00,2026-09-28T12:44:00-07:00,2026-09-28T19:44:00Z,2026-09-28T19:44:00Z,15509256,R4 41st Avenue/To UBC Exchange,1,0,https://gtfs-static.translink.ca/gtfs/google_transit.zip
26SEP_20260925,20260907,20270103,2026-09-28,weekday,R4,toward_ubc,arrival,12600,60358,UBC Exchange @ Unloading Only,2026-09-28T12:52:00-07:00,2026-09-28T12:52:00-07:00,2026-09-28T19:52:00Z,2026-09-28T19:52:00Z,15509257,R4 41st Avenue/To UBC Exchange,1,0,https://gtfs-static.translink.ca/gtfs/google_transit.zip
26SEP_20260925,20260907,20270103,2026-09-28,weekday,R4,toward_ubc,arrival,12600,60358,UBC Exchange @ Unloading Only,2026-09-28T13:00:00-07:00,2026-09-28T13:00:00-07:00,2026-09-28T20:00:00Z,2026-09-28T20:00:00Z,15509258,R4 41st Avenue/To UBC Exchange,1,0,https://gtfs-static.translink.ca/gtfs/google_transit.zip
26SEP_20260925,20260907,20270103,2026-09-28,weekday,R4,toward_ubc,arrival,12600,60358,UBC Exchange @ Unloading Only,2026-09-28T13:08:00-07:00,2026-09-28T13:08:00-07:00,2026-09-28T20:08:00Z,2026-09-28T20:08:00Z,15509259,R4 41st Avenue/To UBC Exchange,1,0,https://gtfs-static.translink.ca/gtfs/google_transit.zip
26SEP_20260925,20260907,20270103,2026-09-28,weekday,R4,toward_ubc,arrival,12600,60358,UBC Exchange @ Unloading Only,2026-09-28T13:16:00-07:00,2026-09-28T13:16:00-07:00,2026-09-28T20:16:00Z,2026-09-28T20:16:00Z,15509260,R4 41st Avenue/To UBC Exchange,1,0,https://gtfs-static.translink.ca/gtfs/google_transit.zip
26SEP_20260925,20260907,20270103,2026-09-28,weekday,R4,toward_ubc,arrival,12600,60358,UBC Exchange @ Unloading Only,2026-09-28T13:24:00-07:00,2026-09-28T13:24:00-07:00,2026-09-28T20:24:00Z,2026-09-28T20:24:00Z,15509261,R4 41st Avenue/To UBC Exchange,1,0,https://gtfs-static.translink.ca/gtfs/google_transit.zip
26SEP_20260925,20260907,20270103,2026-09-28,weekday,R4,toward_ubc,arrival,12600,60358,UBC Exchange @ Unloading Only,2026-09-28T13:32:00-07:00,2026-09-28T13:32:00-07:00,2026-09-28T20:32:00Z,2026-09-28T20:32:00Z,15509262,R4 41st Avenue/To UBC Exchange,1,0,https://gtfs-static.translink.ca/gtfs/google_transit.zip
26SEP_20260925,20260907,20270103,2026-09-28,weekday,R4,toward_ubc,arrival,12600,60358,UBC Exchange @ Unloading Only,2026-09-28T13:40:00-07:00,2026-09-28T13:40:00-07:00,2026-09-28T20:40:00Z,2026-09-28T20:40:00Z,15509263,R4 41st Avenue/To UBC Exchange,1,0,https://gtfs-static.translink.ca/gtfs/google_transit.zip
26SEP_20260925,20260907,20270103,2026-09-28,weekday,R4,toward_ubc,arrival,12600,60358,UBC Exchange @ Unloading Only,2026-09-28T13:49:00-07:00,2026-09-28T13:49:00-07:00,2026-09-28T20:49:00Z,2026-09-28T20:49:00Z,15509264,R4 41st Avenue/To UBC Exchange,1,0,https://gtfs-static.translink.ca/gtfs/google_transit.zip
26SEP_20260925,20260907,20270103,2026-09-28,weekday,R4,toward_ubc,arrival,12600,60358,UBC Exchange @ Unloading Only,2026-09-28T13:57:00-07:00,2026-09-28T13:57:00-07:00,2026-09-28T20:57:00Z,2026-09-28T20:57:00Z,15509265,R4 41st Avenue/To UBC Exchange,1,0,https://gtfs-static.translink.ca/gtfs/google_transit.zip
26SEP_20260925,20260907,20270103,2026-09-28,weekday,R4,toward_ubc,arrival,12600,60358,UBC Exchange @ Unloading Only,2026-09-28T14:05:00-07:00,2026-09-28T14:05:00-07:00,2026-09-28T21:05:00Z,2026-09-28T21:05:00Z,15509266,R4 41st Avenue/To UBC Exchange,1,0,https://gtfs-static.translink.ca/gtfs/google_transit.zip
26SEP_20260925,20260907,20270103,2026-09-28,weekday,R4,toward_ubc,arrival,12600,60358,UBC Exchange @ Unloading Only,2026-09-28T14:13:00-07:00,2026-09-28T14:13:00-07:00,2026-09-28T21:13:00Z,2026-09-28T21:13:00Z,15509267,R4 41st Avenue/To UBC Exchange,1,0,https://gtfs-static.translink.ca/gtfs/google_transit.zip
26SEP_20260925,20260907,20270103,2026-09-28,weekday,R4,toward_ubc,arrival,12600,60358,UBC Exchange @ Unloading Only,2026-09-28T14:21:00-07:00,2026-09-28T14:21:00-07:00,2026-09-28T21:21:00Z,2026-09-28T21:21:00Z,15509268,R4 41st Avenue/To UBC Exchange,1,0,https://gtfs-static.translink.ca/gtfs/google_transit.zip
26SEP_20260925,20260907,20270103,2026-09-28,weekday,R4,toward_ubc,arrival,12600,60358,UBC Exchange @ Unloading Only,2026-09-28T14:30:00-07:00,2026-09-28T14:30:00-07:00,2026-09-28T21:30:00Z,2026-09-28T21:30:00Z,15509269,R4 41st Avenue/To UBC Exchange,1,0,https://gtfs-static.translink.ca/gtfs/google_transit.zip
26SEP_20260925,20260907,20270103,2026-09-28,weekday,R4,toward_ubc,arrival,12600,60358,UBC Exchange @ Unloading Only,2026-09-28T14:38:00-07:00,2026-09-28T14:38:00-07:00,2026-09-28T21:38:00Z,2026-09-28T21:38:00Z,15509270,R4 41st Avenue/To UBC Exchange,1,0,https://gtfs-static.translink.ca/gtfs/google_transit.zip
26SEP_20260925,20260907,20270103,2026-09-28,weekday,R4,toward_ubc,arrival,12600,60358,UBC Exchange @ Unloading Only,2026-09-28T14:46:00-07:00,2026-09-28T14:46:00-07:00,2026-09-28T21:46:00Z,2026-09-28T21:46:00Z,15509271,R4 41st Avenue/To UBC Exchange,1,0,https://gtfs-static.translink.ca/gtfs/google_transit.zip
26SEP_20260925,20260907,20270103,2026-09-28,weekday,R4,toward_ubc,arrival,12600,60358,UBC Exchange @ Unloading Only,2026-09-28T14:55:00-07:00,2026-09-28T14:55:00-07:00,2026-09-28T21:55:00Z,2026-09-28T21:55:00Z,15509272,R4 41st Avenue/To UBC Exchange,1,0,https://gtfs-static.translink.ca/gtfs/google_transit.zip
26SEP_20260925,20260907,20270103,2026-09-28,weekday,R4,toward_ubc,arrival,12600,60358,UBC Exchange @ Unloading Only,2026-09-28T15:03:00-07:00,2026-09-28T15:03:00-07:00,2026-09-28T22:03:00Z,2026-09-28T22:03:00Z,15509273,R4 41st Avenue/To UBC Exchange,1,0,https://gtfs-static.translink.ca/gtfs/google_transit.zip
26SEP_20260925,20260907,20270103,2026-09-28,weekday,R4,toward_ubc,arrival,12600,60358,UBC Exchange @ Unloading Only,2026-09-28T15:11:00-07:00,2026-09-28T15:11:00-07:00,2026-09-28T22:11:00Z,2026-09-28T22:11:00Z,15509274,R4 41st Avenue/To UBC Exchange,1,0,https://gtfs-static.translink.ca/gtfs/google_transit.zip
26SEP_20260925,20260907,20270103,2026-09-28,weekday,R4,toward_ubc,arrival,12600,60358,UBC Exchange @ Unloading Only,2026-09-28T15:19:00-07:00,2026-09-28T15:19:00-07:00,2026-09-28T22:19:00Z,2026-09-28T22:19:00Z,15509275,R4 41st Avenue/To UBC Exchange,1,0,https://gtfs-static.translink.ca/gtfs/google_transit.zip
26SEP_20260925,20260907,20270103,2026-09-28,weekday,R4,toward_ubc,arrival,12600,60358,UBC Exchange @ Unloading Only,2026-09-28T15:26:00-07:00,2026-09-28T15:26:00-07:00,2026-09-28T22:26:00Z,2026-09-28T22:26:00Z,15509276,R4 41st Avenue/To UBC Exchange,1,0,https://gtfs-static.translink.ca/gtfs/google_transit.zip
26SEP_20260925,20260907,20270103,2026-09-28,weekday,R4,toward_ubc,arrival,12600,60358,UBC Exchange @ Unloading Only,2026-09-28T15:32:00-07:00,2026-09-28T15:32:00-07:00,2026-09-28T22:32:00Z,2026-09-28T22:32:00Z,15509277,R4 41st Avenue/To UBC Exchange,1,0,https://gtfs-static.translink.ca/gtfs/google_transit.zip
26SEP_20260925,20260907,20270103,2026-09-28,weekday,R4,toward_ubc,arrival,12600,60358,UBC Exchange @ Unloading Only,2026-09-28T15:38:00-07:00,2026-09-28T15:38:00-07:00,2026-09-28T22:38:00Z,2026-09-28T22:38:00Z,15509278,R4 41st Avenue/To UBC Exchange,1,0,https://gtfs-static.translink.ca/gtfs/google_transit.zip
26SEP_20260925,20260907,20270103,2026-09-28,weekday,R4,toward_ubc,arrival,12600,60358,UBC Exchange @ Unloading Only,2026-09-28T15:44:00-07:00,2026-09-28T15:44:00-07:00,2026-09-28T22:44:00Z,2026-09-28T22:44:00Z,15509279,R4 41st Avenue/To UBC Exchange,1,0,https://gtfs-static.translink.ca/gtfs/google_transit.zip
26SEP_20260925,20260907,20270103,2026-09-28,weekday,R4,toward_ubc,arrival,12600,60358,UBC Exchange @ Unloading Only,2026-09-28T15:52:00-07:00,2026-09-28T15:52:00-07:00,2026-09-28T22:52:00Z,2026-09-28T22:52:00Z,15509280,R4 41st Avenue/To UBC Exchange,1,0,https://gtfs-static.translink.ca/gtfs/google_transit.zip
26SEP_20260925,20260907,20270103,2026-09-28,weekday,R4,toward_ubc,arrival,12600,60358,UBC Exchange @ Unloading Only,2026-09-28T15:57:00-07:00,2026-09-28T15:57:00-07:00,2026-09-28T22:57:00Z,2026-09-28T22:57:00Z,15509281,R4 41st Avenue/To UBC Exchange,1,0,https://gtfs-static.translink.ca/gtfs/google_transit.zip
26SEP_20260925,20260907,20270103,2026-09-28,weekday,R4,toward_ubc,arrival,12600,60358,UBC Exchange @ Unloading Only,2026-09-28T16:02:00-07:00,2026-09-28T16:02:00-07:00,2026-09-28T23:02:00Z,2026-09-28T23:02:00Z,15509282,R4 41st Avenue/To UBC Exchange,1,0,https://gtfs-static.translink.ca/gtfs/google_transit.zip
26SEP_20260925,20260907,20270103,2026-09-28,weekday,R4,toward_ubc,arrival,12600,60358,UBC Exchange @ Unloading Only,2026-09-28T16:07:00-07:00,2026-09-28T16:07:00-07:00,2026-09-28T23:07:00Z,2026-09-28T23:07:00Z,15509283,R4 41st Avenue/To UBC Exchange,1,0,https://gtfs-static.translink.ca/gtfs/google_transit.zip
26SEP_20260925,20260907,20270103,2026-09-28,weekday,R4,toward_ubc,arrival,12600,60358,UBC Exchange @ Unloading Only,2026-09-28T16:12:00-07:00,2026-09-28T16:12:00-07:00,2026-09-28T23:12:00Z,2026-09-28T23:12:00Z,15509284,R4 41st Avenue/To UBC Exchange,1,0,https://gtfs-static.translink.ca/gtfs/google_transit.zip
26SEP_20260925,20260907,20270103,2026-09-28,weekday,R4,toward_ubc,arrival,12600,60358,UBC Exchange @ Unloading Only,2026-09-28T16:17:00-07:00,2026-09-28T16:17:00-07:00,2026-09-28T23:17:00Z,2026-09-28T23:17:00Z,15509285,R4 41st Avenue/To UBC Exchange,1,0,https://gtfs-static.translink.ca/gtfs/google_transit.zip
26SEP_20260925,20260907,20270103,2026-09-28,weekday,R4,toward_ubc,arrival,12600,60358,UBC Exchange @ Unloading Only,2026-09-28T16:21:00-07:00,2026-09-28T16:21:00-07:00,2026-09-28T23:21:00Z,2026-09-28T23:21:00Z,15509286,R4 41st Avenue/To UBC Exchange,1,0,https://gtfs-static.translink.ca/gtfs/google_transit.zip
26SEP_20260925,20260907,20270103,2026-09-28,weekday,R4,toward_ubc,arrival,12600,60358,UBC Exchange @ Unloading Only,2026-09-28T16:25:00-07:00,2026-09-28T16:25:00-07:00,2026-09-28T23:25:00Z,2026-09-28T23:25:00Z,15509287,R4 41st Avenue/To UBC Exchange,1,0,https://gtfs-static.translink.ca/gtfs/google_transit.zip
26SEP_20260925,20260907,20270103,2026-09-28,weekday,R4,toward_ubc,arrival,12600,60358,UBC Exchange @ Unloading Only,2026-09-28T16:29:00-07:00,2026-09-28T16:29:00-07:00,2026-09-28T23:29:00Z,2026-09-28T23:29:00Z,15509288,R4 41st Avenue/To UBC Exchange,1,0,https://gtfs-static.translink.ca/gtfs/google_transit.zip
26SEP_20260925,20260907,20270103,2026-09-28,weekday,R4,toward_ubc,arrival,12600,60358,UBC Exchange @ Unloading Only,2026-09-28T16:33:00-07:00,2026-09-28T16:33:00-07:00,2026-09-28T23:33:00Z,2026-09-28T23:33:00Z,15509289,R4 41st Avenue/To UBC Exchange,1,0,https://gtfs-static.translink.ca/gtfs/google_transit.zip
26SEP_20260925,20260907,20270103,2026-09-28,weekday,R4,toward_ubc,arrival,12600,60358,UBC Exchange @ Unloading Only,2026-09-28T16:38:00-07:00,2026-09-28T16:38:00-07:00,2026-09-28T23:38:00Z,2026-09-28T23:38:00Z,15509290,R4 41st Avenue/To UBC Exchange,1,0,https://gtfs-static.translink.ca/gtfs/google_transit.zip
26SEP_20260925,20260907,20270103,2026-09-28,weekday,R4,toward_ubc,arrival,12600,60358,UBC Exchange @ Unloading Only,2026-09-28T16:42:00-07:00,2026-09-28T16:42:00-07:00,2026-09-28T23:42:00Z,2026-09-28T23:42:00Z,15509291,R4 41st Avenue/To UBC Exchange,1,0,https://gtfs-static.translink.ca/gtfs/google_transit.zip
26SEP_20260925,20260907,20270103,2026-09-28,weekday,R4,toward_ubc,arrival,12600,60358,UBC Exchange @ Unloading Only,2026-09-28T16:46:00-07:00,2026-09-28T16:46:00-07:00,2026-09-28T23:46:00Z,2026-09-28T23:46:00Z,15509292,R4 41st Avenue/To UBC Exchange,1,0,https://gtfs-static.translink.ca/gtfs/google_transit.zip
26SEP_20260925,20260907,20270103,2026-09-28,weekday,R4,toward_ubc,arrival,12600,60358,UBC Exchange @ Unloading Only,2026-09-28T16:50:00-07:00,2026-09-28T16:50:00-07:00,2026-09-28T23:50:00Z,2026-09-28T23:50:00Z,15509417,R4 41st Avenue/To UBC Exchange,1,0,https://gtfs-static.translink.ca/gtfs/google_transit.zip
26SEP_20260925,20260907,20270103,2026-09-28,weekday,R4,toward_ubc,arrival,12600,60358,UBC Exchange @ Unloading Only,2026-09-28T16:54:00-07:00,2026-09-28T16:54:00-07:00,2026-09-28T23:54:00Z,2026-09-28T23:54:00Z,15509338,R4 41st Avenue/To UBC Exchange,1,0,https://gtfs-static.translink.ca/gtfs/google_transit.zip
26SEP_20260925,20260907,20270103,2026-09-28,weekday,R4,toward_ubc,arrival,12600,60358,UBC Exchange @ Unloading Only,2026-09-28T16:57:00-07:00,2026-09-28T16:57:00-07:00,2026-09-28T23:57:00Z,2026-09-28T23:57:00Z,15509339,R4 41st Avenue/To UBC Exchange,1,0,https://gtfs-static.translink.ca/gtfs/google_transit.zip
26SEP_20260925,20260907,20270103,2026-09-28,weekday,R4,toward_ubc,arrival,12600,60358,UBC Exchange @ Unloading Only,2026-09-28T17:00:00-07:00,2026-09-28T17:00:00-07:00,2026-09-29T00:00:00Z,2026-09-29T00:00:00Z,15509400,R4 41st Avenue/To UBC Exchange,1,0,https://gtfs-static.translink.ca/gtfs/google_transit.zip
26SEP_20260925,20260907,20270103,2026-09-28,weekday,R4,toward_ubc,arrival,12600,60358,UBC Exchange @ Unloading Only,2026-09-28T17:03:00-07:00,2026-09-28T17:03:00-07:00,2026-09-29T00:03:00Z,2026-09-29T00:03:00Z,15509340,R4 41st Avenue/To UBC Exchange,1,0,https://gtfs-static.translink.ca/gtfs/google_transit.zip
26SEP_20260925,20260907,20270103,2026-09-28,weekday,R4,toward_ubc,arrival,12600,60358,UBC Exchange @ Unloading Only,2026-09-28T17:06:00-07:00,2026-09-28T17:06:00-07:00,2026-09-29T00:06:00Z,2026-09-29T00:06:00Z,15509399,R4 41st Avenue/To UBC Exchange,1,0,https://gtfs-static.translink.ca/gtfs/google_transit.zip
26SEP_20260925,20260907,20270103,2026-09-28,weekday,R4,toward_ubc,arrival,12600,60358,UBC Exchange @ Unloading Only,2026-09-28T17:09:00-07:00,2026-09-28T17:09:00-07:00,2026-09-29T00:09:00Z,2026-09-29T00:09:00Z,15509341,R4 41st Avenue/To UBC Exchange,1,0,https://gtfs-static.translink.ca/gtfs/google_transit.zip
26SEP_20260925,20260907,20270103,2026-09-28,weekday,R4,toward_ubc,arrival,12600,60358,UBC Exchange @ Unloading Only,2026-09-28T17:12:00-07:00,2026-09-28T17:12:00-07:00,2026-09-29T00:12:00Z,2026-09-29T00:12:00Z,15509342,R4 41st Avenue/To UBC Exchange,1,0,https://gtfs-static.translink.ca/gtfs/google_transit.zip
26SEP_20260925,20260907,20270103,2026-09-28,weekday,R4,toward_ubc,arrival,12600,60358,UBC Exchange @ Unloading Only,2026-09-28T17:15:00-07:00,2026-09-28T17:15:00-07:00,2026-09-29T00:15:00Z,2026-09-29T00:15:00Z,15509343,R4 41st Avenue/To UBC Exchange,1,0,https://gtfs-static.translink.ca/gtfs/google_transit.zip
26SEP_20260925,20260907,20270103,2026-09-28,weekday,R4,toward_ubc,arrival,12600,60358,UBC Exchange @ Unloading Only,2026-09-28T17:19:00-07:00,2026-09-28T17:19:00-07:00,2026-09-29T00:19:00Z,2026-09-29T00:19:00Z,15509398,R4 41st Avenue/To UBC Exchange,1,0,https://gtfs-static.translink.ca/gtfs/google_transit.zip
26SEP_20260925,20260907,20270103,2026-09-28,weekday,R4,toward_ubc,arrival,12600,60358,UBC Exchange @ Unloading Only,2026-09-28T17:23:00-07:00,2026-09-28T17:23:00-07:00,2026-09-29T00:23:00Z,2026-09-29T00:23:00Z,15509344,R4 41st Avenue/To UBC Exchange,1,0,https://gtfs-static.translink.ca/gtfs/google_transit.zip
26SEP_20260925,20260907,20270103,2026-09-28,weekday,R4,toward_ubc,arrival,12600,60358,UBC Exchange @ Unloading Only,2026-09-28T17:27:00-07:00,2026-09-28T17:27:00-07:00,2026-09-29T00:27:00Z,2026-09-29T00:27:00Z,15509345,R4 41st Avenue/To UBC Exchange,1,0,https://gtfs-static.translink.ca/gtfs/google_transit.zip
26SEP_20260925,20260907,20270103,2026-09-28,weekday,R4,toward_ubc,arrival,12600,60358,UBC Exchange @ Unloading Only,2026-09-28T17:30:00-07:00,2026-09-28T17:30:00-07:00,2026-09-29T00:30:00Z,2026-09-29T00:30:00Z,15509346,R4 41st Avenue/To UBC Exchange,1,0,https://gtfs-static.translink.ca/gtfs/google_transit.zip
26SEP_20260925,20260907,20270103,2026-09-28,weekday,R4,toward_ubc,arrival,12600,60358,UBC Exchange @ Unloading Only,2026-09-28T17:34:00-07:00,2026-09-28T17:34:00-07:00,2026-09-29T00:34:00Z,2026-09-29T00:34:00Z,15509397,R4 41st Avenue/To UBC Exchange,1,0,https://gtfs-static.translink.ca/gtfs/google_transit.zip
26SEP_20260925,20260907,20270103,2026-09-28,weekday,R4,toward_ubc,arrival,12600,60358,UBC Exchange @ Unloading Only,2026-09-28T17:38:00-07:00,2026-09-28T17:38:00-07:00,2026-09-29T00:38:00Z,2026-09-29T00:38:00Z,15509347,R4 41st Avenue/To UBC Exchange,1,0,https://gtfs-static.translink.ca/gtfs/google_transit.zip
26SEP_20260925,20260907,20270103,2026-09-28,weekday,R4,toward_ubc,arrival,12600,60358,UBC Exchange @ Unloading Only,2026-09-28T17:42:00-07:00,2026-09-28T17:42:00-07:00,2026-09-29T00:42:00Z,2026-09-29T00:42:00Z,15509396,R4 41st Avenue/To UBC Exchange,1,0,https://gtfs-static.translink.ca/gtfs/google_transit.zip
26SEP_20260925,20260907,20270103,2026-09-28,weekday,R4,toward_ubc,arrival,12600,60358,UBC Exchange @ Unloading Only,2026-09-28T17:47:00-07:00,2026-09-28T17:47:00-07:00,2026-09-29T00:47:00Z,2026-09-29T00:47:00Z,15509348,R4 41st Avenue/To UBC Exchange,1,0,https://gtfs-static.translink.ca/gtfs/google_transit.zip
26SEP_20260925,20260907,20270103,2026-09-28,weekday,R4,toward_ubc,arrival,12600,60358,UBC Exchange @ Unloading Only,2026-09-28T17:52:00-07:00,2026-09-28T17:52:00-07:00,2026-09-29T00:52:00Z,2026-09-29T00:52:00Z,15509349,R4 41st Avenue/To UBC Exchange,1,0,https://gtfs-static.translink.ca/gtfs/google_transit.zip
26SEP_20260925,20260907,20270103,2026-09-28,weekday,R4,toward_ubc,arrival,12600,60358,UBC Exchange @ Unloading Only,2026-09-28T17:57:00-07:00,2026-09-28T17:57:00-07:00,2026-09-29T00:57:00Z,2026-09-29T00:57:00Z,15509395,R4 41st Avenue/To UBC Exchange,1,0,https://gtfs-static.translink.ca/gtfs/google_transit.zip
26SEP_20260925,20260907,20270103,2026-09-28,weekday,R4,toward_ubc,arrival,12600,60358,UBC Exchange @ Unloading Only,2026-09-28T18:02:00-07:00,2026-09-28T18:02:00-07:00,2026-09-29T01:02:00Z,2026-09-29T01:02:00Z,15509393,R4 41st Avenue/To UBC Exchange,1,0,https://gtfs-static.translink.ca/gtfs/google_transit.zip
26SEP_20260925,20260907,20270103,2026-09-28,weekday,R4,toward_ubc,arrival,12600,60358,UBC Exchange @ Unloading Only,2026-09-28T18:07:00-07:00,2026-09-28T18:07:00-07:00,2026-09-29T01:07:00Z,2026-09-29T01:07:00Z,15509394,R4 41st Avenue/To UBC Exchange,1,0,https://gtfs-static.translink.ca/gtfs/google_transit.zip
26SEP_20260925,20260907,20270103,2026-09-28,weekday,R4,toward_ubc,arrival,12600,60358,UBC Exchange @ Unloading Only,2026-09-28T18:13:00-07:00,2026-09-28T18:13:00-07:00,2026-09-29T01:13:00Z,2026-09-29T01:13:00Z,15509350,R4 41st Avenue/To UBC Exchange,1,0,https://gtfs-static.translink.ca/gtfs/google_transit.zip
26SEP_20260925,20260907,20270103,2026-09-28,weekday,R4,toward_ubc,arrival,12600,60358,UBC Exchange @ Unloading Only,2026-09-28T18:19:00-07:00,2026-09-28T18:19:00-07:00,2026-09-29T01:19:00Z,2026-09-29T01:19:00Z,15509351,R4 41st Avenue/To UBC Exchange,1,0,https://gtfs-static.translink.ca/gtfs/google_transit.zip
26SEP_20260925,20260907,20270103,2026-09-28,weekday,R4,toward_ubc,arrival,12600,60358,UBC Exchange @ Unloading Only,2026-09-28T18:25:00-07:00,2026-09-28T18:25:00-07:00,2026-09-29T01:25:00Z,2026-09-29T01:25:00Z,15509352,R4 41st Avenue/To UBC Exchange,1,0,https://gtfs-static.translink.ca/gtfs/google_transit.zip
26SEP_20260925,20260907,20270103,2026-09-28,weekday,R4,toward_ubc,arrival,12600,60358,UBC Exchange @ Unloading Only,2026-09-28T18:31:00-07:00,2026-09-28T18:31:00-07:00,2026-09-29T01:31:00Z,2026-09-29T01:31:00Z,15509353,R4 41st Avenue/To UBC Exchange,1,0,https://gtfs-static.translink.ca/gtfs/google_transit.zip
26SEP_20260925,20260907,20270103,2026-09-28,weekday,R4,toward_ubc,arrival,12600,60358,UBC Exchange @ Unloading Only,2026-09-28T18:36:00-07:00,2026-09-28T18:36:00-07:00,2026-09-29T01:36:00Z,2026-09-29T01:36:00Z,15509354,R4 41st Avenue/To UBC Exchange,1,0,https://gtfs-static.translink.ca/gtfs/google_transit.zip
26SEP_20260925,20260907,20270103,2026-09-28,weekday,R4,toward_ubc,arrival,12600,60358,UBC Exchange @ Unloading Only,2026-09-28T18:42:00-07:00,2026-09-28T18:42:00-07:00,2026-09-29T01:42:00Z,2026-09-29T01:42:00Z,15509355,R4 41st Avenue/To UBC Exchange,1,0,https://gtfs-static.translink.ca/gtfs/google_transit.zip
26SEP_20260925,20260907,20270103,2026-09-28,weekday,R4,toward_ubc,arrival,12600,60358,UBC Exchange @ Unloading Only,2026-09-28T18:48:00-07:00,2026-09-28T18:48:00-07:00,2026-09-29T01:48:00Z,2026-09-29T01:48:00Z,15509356,R4 41st Avenue/To UBC Exchange,1,0,https://gtfs-static.translink.ca/gtfs/google_transit.zip
26SEP_20260925,20260907,20270103,2026-09-28,weekday,R4,toward_ubc,arrival,12600,60358,UBC Exchange @ Unloading Only,2026-09-28T18:51:00-07:00,2026-09-28T18:51:00-07:00,2026-09-29T01:51:00Z,2026-09-29T01:51:00Z,15509357,R4 41st Avenue/To UBC Exchange,1,0,https://gtfs-static.translink.ca/gtfs/google_transit.zip
26SEP_20260925,20260907,20270103,2026-09-28,weekday,R4,toward_ubc,arrival,12600,60358,UBC Exchange @ Unloading Only,2026-09-28T18:57:00-07:00,2026-09-28T18:57:00-07:00,2026-09-29T01:57:00Z,2026-09-29T01:57:00Z,15509358,R4 41st Avenue/To UBC Exchange,1,0,https://gtfs-static.translink.ca/gtfs/google_transit.zip
26SEP_20260925,20260907,20270103,2026-09-28,weekday,R4,toward_ubc,arrival,12600,60358,UBC Exchange @ Unloading Only,2026-09-28T19:03:00-07:00,2026-09-28T19:03:00-07:00,2026-09-29T02:03:00Z,2026-09-29T02:03:00Z,15509359,R4 41st Avenue/To UBC Exchange,1,0,https://gtfs-static.translink.ca/gtfs/google_transit.zip
26SEP_20260925,20260907,20270103,2026-09-28,weekday,R4,toward_ubc,arrival,12600,60358,UBC Exchange @ Unloading Only,2026-09-28T19:09:00-07:00,2026-09-28T19:09:00-07:00,2026-09-29T02:09:00Z,2026-09-29T02:09:00Z,15509360,R4 41st Avenue/To UBC Exchange,1,0,https://gtfs-static.translink.ca/gtfs/google_transit.zip
26SEP_20260925,20260907,20270103,2026-09-28,weekday,R4,toward_ubc,arrival,12600,60358,UBC Exchange @ Unloading Only,2026-09-28T19:16:00-07:00,2026-09-28T19:16:00-07:00,2026-09-29T02:16:00Z,2026-09-29T02:16:00Z,15509361,R4 41st Avenue/To UBC Exchange,1,0,https://gtfs-static.translink.ca/gtfs/google_transit.zip
26SEP_20260925,20260907,20270103,2026-09-28,weekday,R4,toward_ubc,arrival,12600,60358,UBC Exchange @ Unloading Only,2026-09-28T19:24:00-07:00,2026-09-28T19:24:00-07:00,2026-09-29T02:24:00Z,2026-09-29T02:24:00Z,15509362,R4 41st Avenue/To UBC Exchange,1,0,https://gtfs-static.translink.ca/gtfs/google_transit.zip
26SEP_20260925,20260907,20270103,2026-09-28,weekday,R4,toward_ubc,arrival,12600,60358,UBC Exchange @ Unloading Only,2026-09-28T19:33:00-07:00,2026-09-28T19:33:00-07:00,2026-09-29T02:33:00Z,2026-09-29T02:33:00Z,15509363,R4 41st Avenue/To UBC Exchange,1,0,https://gtfs-static.translink.ca/gtfs/google_transit.zip
26SEP_20260925,20260907,20270103,2026-09-28,weekday,R4,toward_ubc,arrival,12600,60358,UBC Exchange @ Unloading Only,2026-09-28T19:41:00-07:00,2026-09-28T19:41:00-07:00,2026-09-29T02:41:00Z,2026-09-29T02:41:00Z,15509364,R4 41st Avenue/To UBC Exchange,1,0,https://gtfs-static.translink.ca/gtfs/google_transit.zip
26SEP_20260925,20260907,20270103,2026-09-28,weekday,R4,toward_ubc,arrival,12600,60358,UBC Exchange @ Unloading Only,2026-09-28T19:50:00-07:00,2026-09-28T19:50:00-07:00,2026-09-29T02:50:00Z,2026-09-29T02:50:00Z,15509365,R4 41st Avenue/To UBC Exchange,1,0,https://gtfs-static.translink.ca/gtfs/google_transit.zip
26SEP_20260925,20260907,20270103,2026-09-28,weekday,R4,toward_ubc,arrival,12600,60358,UBC Exchange @ Unloading Only,2026-09-28T20:00:00-07:00,2026-09-28T20:00:00-07:00,2026-09-29T03:00:00Z,2026-09-29T03:00:00Z,15509366,R4 41st Avenue/To UBC Exchange,1,0,https://gtfs-static.translink.ca/gtfs/google_transit.zip
26SEP_20260925,20260907,20270103,2026-09-28,weekday,R4,toward_ubc,arrival,12600,60358,UBC Exchange @ Unloading Only,2026-09-28T20:10:00-07:00,2026-09-28T20:10:00-07:00,2026-09-29T03:10:00Z,2026-09-29T03:10:00Z,15509367,R4 41st Avenue/To UBC Exchange,1,0,https://gtfs-static.translink.ca/gtfs/google_transit.zip
26SEP_20260925,20260907,20270103,2026-09-28,weekday,R4,toward_ubc,arrival,12600,60358,UBC Exchange @ Unloading Only,2026-09-28T20:18:00-07:00,2026-09-28T20:18:00-07:00,2026-09-29T03:18:00Z,2026-09-29T03:18:00Z,15509368,R4 41st Avenue/To UBC Exchange,1,0,https://gtfs-static.translink.ca/gtfs/google_transit.zip
26SEP_20260925,20260907,20270103,2026-09-28,weekday,R4,toward_ubc,arrival,12600,60358,UBC Exchange @ Unloading Only,2026-09-28T20:28:00-07:00,2026-09-28T20:28:00-07:00,2026-09-29T03:28:00Z,2026-09-29T03:28:00Z,15509369,R4 41st Avenue/To UBC Exchange,1,0,https://gtfs-static.translink.ca/gtfs/google_transit.zip
26SEP_20260925,20260907,20270103,2026-09-28,weekday,R4,toward_ubc,arrival,12600,60358,UBC Exchange @ Unloading Only,2026-09-28T20:38:00-07:00,2026-09-28T20:38:00-07:00,2026-09-29T03:38:00Z,2026-09-29T03:38:00Z,15509370,R4 41st Avenue/To UBC Exchange,1,0,https://gtfs-static.translink.ca/gtfs/google_transit.zip
26SEP_20260925,20260907,20270103,2026-09-28,weekday,R4,toward_ubc,arrival,12600,60358,UBC Exchange @ Unloading Only,2026-09-28T20:50:00-07:00,2026-09-28T20:50:00-07:00,2026-09-29T03:50:00Z,2026-09-29T03:50:00Z,15509371,R4 41st Avenue/To UBC Exchange,1,0,https://gtfs-static.translink.ca/gtfs/google_transit.zip
26SEP_20260925,20260907,20270103,2026-09-28,weekday,R4,toward_ubc,arrival,12600,60358,UBC Exchange @ Unloading Only,2026-09-28T21:02:00-07:00,2026-09-28T21:02:00-07:00,2026-09-29T04:02:00Z,2026-09-29T04:02:00Z,15509372,R4 41st Avenue/To UBC Exchange,1,0,https://gtfs-static.translink.ca/gtfs/google_transit.zip
26SEP_20260925,20260907,20270103,2026-09-28,weekday,R4,toward_ubc,arrival,12600,60358,UBC Exchange @ Unloading Only,2026-09-28T21:14:00-07:00,2026-09-28T21:14:00-07:00,2026-09-29T04:14:00Z,2026-09-29T04:14:00Z,15509373,R4 41st Avenue/To UBC Exchange,1,0,https://gtfs-static.translink.ca/gtfs/google_transit.zip
26SEP_20260925,20260907,20270103,2026-09-28,weekday,R4,toward_ubc,arrival,12600,60358,UBC Exchange @ Unloading Only,2026-09-28T21:26:00-07:00,2026-09-28T21:26:00-07:00,2026-09-29T04:26:00Z,2026-09-29T04:26:00Z,15509374,R4 41st Avenue/To UBC Exchange,1,0,https://gtfs-static.translink.ca/gtfs/google_transit.zip
26SEP_20260925,20260907,20270103,2026-09-28,weekday,R4,toward_ubc,arrival,12600,60358,UBC Exchange @ Unloading Only,2026-09-28T21:38:00-07:00,2026-09-28T21:38:00-07:00,2026-09-29T04:38:00Z,2026-09-29T04:38:00Z,15509375,R4 41st Avenue/To UBC Exchange,1,0,https://gtfs-static.translink.ca/gtfs/google_transit.zip
26SEP_20260925,20260907,20270103,2026-09-28,weekday,R4,toward_ubc,arrival,12600,60358,UBC Exchange @ Unloading Only,2026-09-28T21:49:00-07:00,2026-09-28T21:49:00-07:00,2026-09-29T04:49:00Z,2026-09-29T04:49:00Z,15509376,R4 41st Avenue/To UBC Exchange,1,0,https://gtfs-static.translink.ca/gtfs/google_transit.zip
26SEP_20260925,20260907,20270103,2026-09-28,weekday,R4,toward_ubc,arrival,12600,60358,UBC Exchange @ Unloading Only,2026-09-28T22:00:00-07:00,2026-09-28T22:00:00-07:00,2026-09-29T05:00:00Z,2026-09-29T05:00:00Z,15509377,R4 41st Avenue/To UBC Exchange,1,0,https://gtfs-static.translink.ca/gtfs/google_transit.zip
26SEP_20260925,20260907,20270103,2026-09-28,weekday,R4,toward_ubc,arrival,12600,60358,UBC Exchange @ Unloading Only,2026-09-28T22:12:00-07:00,2026-09-28T22:12:00-07:00,2026-09-29T05:12:00Z,2026-09-29T05:12:00Z,15509378,R4 41st Avenue/To UBC Exchange,1,0,https://gtfs-static.translink.ca/gtfs/google_transit.zip
26SEP_20260925,20260907,20270103,2026-09-28,weekday,R4,toward_ubc,arrival,12600,60358,UBC Exchange @ Unloading Only,2026-09-28T22:25:00-07:00,2026-09-28T22:25:00-07:00,2026-09-29T05:25:00Z,2026-09-29T05:25:00Z,15509379,R4 41st Avenue/To UBC Exchange,1,0,https://gtfs-static.translink.ca/gtfs/google_transit.zip
26SEP_20260925,20260907,20270103,2026-09-28,weekday,R4,toward_ubc,arrival,12600,60358,UBC Exchange @ Unloading Only,2026-09-28T22:39:00-07:00,2026-09-28T22:39:00-07:00,2026-09-29T05:39:00Z,2026-09-29T05:39:00Z,15509380,R4 41st Avenue/To UBC Exchange,1,0,https://gtfs-static.translink.ca/gtfs/google_transit.zip
26SEP_20260925,20260907,20270103,2026-09-28,weekday,R4,toward_ubc,arrival,12600,60358,UBC Exchange @ Unloading Only,2026-09-28T22:54:00-07:00,2026-09-28T22:54:00-07:00,2026-09-29T05:54:00Z,2026-09-29T05:54:00Z,15509381,R4 41st Avenue/To UBC Exchange,1,0,https://gtfs-static.translink.ca/gtfs/google_transit.zip
26SEP_20260925,20260907,20270103,2026-09-28,weekday,R4,toward_ubc,arrival,12600,60358,UBC Exchange @ Unloading Only,2026-09-28T23:09:00-07:00,2026-09-28T23:09:00-07:00,2026-09-29T06:09:00Z,2026-09-29T06:09:00Z,15509382,R4 41st Avenue/To UBC Exchange,1,0,https://gtfs-static.translink.ca/gtfs/google_transit.zip
26SEP_20260925,20260907,20270103,2026-09-28,weekday,R4,toward_ubc,arrival,12600,60358,UBC Exchange @ Unloading Only,2026-09-28T23:24:00-07:00,2026-09-28T23:24:00-07:00,2026-09-29T06:24:00Z,2026-09-29T06:24:00Z,15509383,R4 41st Avenue/To UBC Exchange,1,0,https://gtfs-static.translink.ca/gtfs/google_transit.zip
26SEP_20260925,20260907,20270103,2026-09-28,weekday,R4,toward_ubc,arrival,12600,60358,UBC Exchange @ Unloading Only,2026-09-28T23:37:00-07:00,2026-09-28T23:37:00-07:00,2026-09-29T06:37:00Z,2026-09-29T06:37:00Z,15509384,R4 41st Avenue/To UBC Exchange,1,0,https://gtfs-static.translink.ca/gtfs/google_transit.zip
26SEP_20260925,20260907,20270103,2026-09-28,weekday,R4,toward_ubc,arrival,12600,60358,UBC Exchange @ Unloading Only,2026-09-28T23:52:00-07:00,2026-09-28T23:52:00-07:00,2026-09-29T06:52:00Z,2026-09-29T06:52:00Z,15509385,R4 41st Avenue/To UBC Exchange,1,0,https://gtfs-static.translink.ca/gtfs/google_transit.zip
26SEP_20260925,20260907,20270103,2026-09-28,weekday,R4,toward_ubc,arrival,12600,60358,UBC Exchange @ Unloading Only,2026-09-29T00:07:00-07:00,2026-09-29T00:07:00-07:00,2026-09-29T07:07:00Z,2026-09-29T07:07:00Z,15509386,R4 41st Avenue/To UBC Exchange,1,0,https://gtfs-static.translink.ca/gtfs/google_transit.zip
26SEP_20260925,20260907,20270103,2026-09-28,weekday,R4,toward_ubc,arrival,12600,60358,UBC Exchange @ Unloading Only,2026-09-29T00:22:00-07:00,2026-09-29T00:22:00-07:00,2026-09-29T07:22:00Z,2026-09-29T07:22:00Z,15509387,R4 41st Avenue/To UBC Exchange,1,0,https://gtfs-static.translink.ca/gtfs/google_transit.zip
26SEP_20260925,20260907,20270103,2026-09-28,weekday,R4,toward_ubc,arrival,12600,60358,UBC Exchange @ Unloading Only,2026-09-29T00:38:00-07:00,2026-09-29T00:38:00-07:00,2026-09-29T07:38:00Z,2026-09-29T07:38:00Z,15509388,R4 41st Avenue/To UBC Exchange,1,0,https://gtfs-static.translink.ca/gtfs/google_transit.zip
26SEP_20260925,20260907,20270103,2026-09-28,weekday,R4,toward_ubc,arrival,12600,60358,UBC Exchange @ Unloading Only,2026-09-29T00:53:00-07:00,2026-09-29T00:53:00-07:00,2026-09-29T07:53:00Z,2026-09-29T07:53:00Z,15509389,R4 41st Avenue/To UBC Exchange,1,0,https://gtfs-static.translink.ca/gtfs/google_transit.zip
26SEP_20260925,20260907,20270103,2026-09-28,weekday,R4,toward_ubc,arrival,12600,60358,UBC Exchange @ Unloading Only,2026-09-29T01:06:00-07:00,2026-09-29T01:06:00-07:00,2026-09-29T08:06:00Z,2026-09-29T08:06:00Z,15509390,R4 41st Avenue/To UBC Exchange,1,0,https://gtfs-static.translink.ca/gtfs/google_transit.zip
26SEP_20260925,20260907,20270103,2026-09-28,weekday,R4,toward_ubc,arrival,12600,60358,UBC Exchange @ Unloading Only,2026-09-29T01:21:00-07:00,2026-09-29T01:21:00-07:00,2026-09-29T08:21:00Z,2026-09-29T08:21:00Z,15509391,R4 41st Avenue/To UBC Exchange,1,0,https://gtfs-static.translink.ca/gtfs/google_transit.zip
26SEP_20260925,20260907,20270103,2026-09-28,weekday,R4,toward_ubc,arrival,12600,60358,UBC Exchange @ Unloading Only,2026-09-29T01:32:00-07:00,2026-09-29T01:32:00-07:00,2026-09-29T08:32:00Z,2026-09-29T08:32:00Z,15509392,R4 41st Avenue/To UBC Exchange,1,0,https://gtfs-static.translink.ca/gtfs/google_transit.zip
26SEP_20260925,20260907,20270103,2026-10-03,saturday,49,away_from_ubc,departure,12362,60163,UBC Exchange @ Bay 5,2026-10-03T06:52:00-07:00,2026-10-03T06:52:00-07:00,2026-10-03T13:52:00Z,2026-10-03T13:52:00Z,15459424,49 49TH Avenue/To Metrotown Station,0,0,https://gtfs-static.translink.ca/gtfs/google_transit.zip
26SEP_20260925,20260907,20270103,2026-10-03,saturday,49,away_from_ubc,departure,12362,60163,UBC Exchange @ Bay 5,2026-10-03T07:07:00-07:00,2026-10-03T07:07:00-07:00,2026-10-03T14:07:00Z,2026-10-03T14:07:00Z,15459425,49 49TH Avenue/To Metrotown Station,0,0,https://gtfs-static.translink.ca/gtfs/google_transit.zip
26SEP_20260925,20260907,20270103,2026-10-03,saturday,49,away_from_ubc,departure,12362,60163,UBC Exchange @ Bay 5,2026-10-03T07:22:00-07:00,2026-10-03T07:22:00-07:00,2026-10-03T14:22:00Z,2026-10-03T14:22:00Z,15459426,49 49TH Avenue/To Metrotown Station,0,0,https://gtfs-static.translink.ca/gtfs/google_transit.zip
26SEP_20260925,20260907,20270103,2026-10-03,saturday,49,away_from_ubc,departure,12362,60163,UBC Exchange @ Bay 5,2026-10-03T07:36:00-07:00,2026-10-03T07:36:00-07:00,2026-10-03T14:36:00Z,2026-10-03T14:36:00Z,15459427,49 49TH Avenue/To Metrotown Station,0,0,https://gtfs-static.translink.ca/gtfs/google_transit.zip
26SEP_20260925,20260907,20270103,2026-10-03,saturday,49,away_from_ubc,departure,12362,60163,UBC Exchange @ Bay 5,2026-10-03T07:52:00-07:00,2026-10-03T07:52:00-07:00,2026-10-03T14:52:00Z,2026-10-03T14:52:00Z,15459428,49 49TH Avenue/To Metrotown Station,0,0,https://gtfs-static.translink.ca/gtfs/google_transit.zip
26SEP_20260925,20260907,20270103,2026-10-03,saturday,49,away_from_ubc,departure,12362,60163,UBC Exchange @ Bay 5,2026-10-03T08:08:00-07:00,2026-10-03T08:08:00-07:00,2026-10-03T15:08:00Z,2026-10-03T15:08:00Z,15459429,49 49TH Avenue/To Metrotown Station,0,0,https://gtfs-static.translink.ca/gtfs/google_transit.zip
26SEP_20260925,20260907,20270103,2026-10-03,saturday,49,away_from_ubc,departure,12362,60163,UBC Exchange @ Bay 5,2026-10-03T08:22:00-07:00,2026-10-03T08:22:00-07:00,2026-10-03T15:22:00Z,2026-10-03T15:22:00Z,15459430,49 49TH Avenue/To Metrotown Station,0,0,https://gtfs-static.translink.ca/gtfs/google_transit.zip
26SEP_20260925,20260907,20270103,2026-10-03,saturday,49,away_from_ubc,departure,12362,60163,UBC Exchange @ Bay 5,2026-10-03T08:34:00-07:00,2026-10-03T08:34:00-07:00,2026-10-03T15:34:00Z,2026-10-03T15:34:00Z,15459431,49 49TH Avenue/To Metrotown Station,0,0,https://gtfs-static.translink.ca/gtfs/google_transit.zip
26SEP_20260925,20260907,20270103,2026-10-03,saturday,49,away_from_ubc,departure,12362,60163,UBC Exchange @ Bay 5,2026-10-03T08:49:00-07:00,2026-10-03T08:49:00-07:00,2026-10-03T15:49:00Z,2026-10-03T15:49:00Z,15459432,49 49TH Avenue/To Metrotown Station,0,0,https://gtfs-static.translink.ca/gtfs/google_transit.zip
26SEP_20260925,20260907,20270103,2026-10-03,saturday,49,away_from_ubc,departure,12362,60163,UBC Exchange @ Bay 5,2026-10-03T09:01:00-07:00,2026-10-03T09:01:00-07:00,2026-10-03T16:01:00Z,2026-10-03T16:01:00Z,15459433,49 49TH Avenue/To Metrotown Station,0,0,https://gtfs-static.translink.ca/gtfs/google_transit.zip
26SEP_20260925,20260907,20270103,2026-10-03,saturday,49,away_from_ubc,departure,12362,60163,UBC Exchange @ Bay 5,2026-10-03T09:13:00-07:00,2026-10-03T09:13:00-07:00,2026-10-03T16:13:00Z,2026-10-03T16:13:00Z,15459434,49 49TH Avenue/To Metrotown Station,0,0,https://gtfs-static.translink.ca/gtfs/google_transit.zip
26SEP_20260925,20260907,20270103,2026-10-03,saturday,49,away_from_ubc,departure,12362,60163,UBC Exchange @ Bay 5,2026-10-03T09:25:00-07:00,2026-10-03T09:25:00-07:00,2026-10-03T16:25:00Z,2026-10-03T16:25:00Z,15459435,49 49TH Avenue/To Metrotown Station,0,0,https://gtfs-static.translink.ca/gtfs/google_transit.zip
26SEP_20260925,20260907,20270103,2026-10-03,saturday,49,away_from_ubc,departure,12362,60163,UBC Exchange @ Bay 5,2026-10-03T09:37:00-07:00,2026-10-03T09:37:00-07:00,2026-10-03T16:37:00Z,2026-10-03T16:37:00Z,15459493,49 49TH Avenue/To Metrotown Station,0,0,https://gtfs-static.translink.ca/gtfs/google_transit.zip
26SEP_20260925,20260907,20270103,2026-10-03,saturday,49,away_from_ubc,departure,12362,60163,UBC Exchange @ Bay 5,2026-10-03T09:48:00-07:00,2026-10-03T09:48:00-07:00,2026-10-03T16:48:00Z,2026-10-03T16:48:00Z,15459436,49 49TH Avenue/To Metrotown Station,0,0,https://gtfs-static.translink.ca/gtfs/google_transit.zip
26SEP_20260925,20260907,20270103,2026-10-03,saturday,49,away_from_ubc,departure,12362,60163,UBC Exchange @ Bay 5,2026-10-03T10:00:00-07:00,2026-10-03T10:00:00-07:00,2026-10-03T17:00:00Z,2026-10-03T17:00:00Z,15459437,49 49TH Avenue/To Metrotown Station,0,0,https://gtfs-static.translink.ca/gtfs/google_transit.zip
26SEP_20260925,20260907,20270103,2026-10-03,saturday,49,away_from_ubc,departure,12362,60163,UBC Exchange @ Bay 5,2026-10-03T10:12:00-07:00,2026-10-03T10:12:00-07:00,2026-10-03T17:12:00Z,2026-10-03T17:12:00Z,15459438,49 49TH Avenue/To Metrotown Station,0,0,https://gtfs-static.translink.ca/gtfs/google_transit.zip
26SEP_20260925,20260907,20270103,2026-10-03,saturday,49,away_from_ubc,departure,12362,60163,UBC Exchange @ Bay 5,2026-10-03T10:24:00-07:00,2026-10-03T10:24:00-07:00,2026-10-03T17:24:00Z,2026-10-03T17:24:00Z,15459439,49 49TH Avenue/To Metrotown Station,0,0,https://gtfs-static.translink.ca/gtfs/google_transit.zip
26SEP_20260925,20260907,20270103,2026-10-03,saturday,49,away_from_ubc,departure,12362,60163,UBC Exchange @ Bay 5,2026-10-03T10:36:00-07:00,2026-10-03T10:36:00-07:00,2026-10-03T17:36:00Z,2026-10-03T17:36:00Z,15459440,49 49TH Avenue/To Metrotown Station,0,0,https://gtfs-static.translink.ca/gtfs/google_transit.zip
26SEP_20260925,20260907,20270103,2026-10-03,saturday,49,away_from_ubc,departure,12362,60163,UBC Exchange @ Bay 5,2026-10-03T10:48:00-07:00,2026-10-03T10:48:00-07:00,2026-10-03T17:48:00Z,2026-10-03T17:48:00Z,15459494,49 49TH Avenue/To Metrotown Station,0,0,https://gtfs-static.translink.ca/gtfs/google_transit.zip
26SEP_20260925,20260907,20270103,2026-10-03,saturday,49,away_from_ubc,departure,12362,60163,UBC Exchange @ Bay 5,2026-10-03T11:00:00-07:00,2026-10-03T11:00:00-07:00,2026-10-03T18:00:00Z,2026-10-03T18:00:00Z,15459441,49 49TH Avenue/To Metrotown Station,0,0,https://gtfs-static.translink.ca/gtfs/google_transit.zip
26SEP_20260925,20260907,20270103,2026-10-03,saturday,49,away_from_ubc,departure,12362,60163,UBC Exchange @ Bay 5,2026-10-03T11:12:00-07:00,2026-10-03T11:12:00-07:00,2026-10-03T18:12:00Z,2026-10-03T18:12:00Z,15459442,49 49TH Avenue/To Metrotown Station,0,0,https://gtfs-static.translink.ca/gtfs/google_transit.zip
26SEP_20260925,20260907,20270103,2026-10-03,saturday,49,away_from_ubc,departure,12362,60163,UBC Exchange @ Bay 5,2026-10-03T11:24:00-07:00,2026-10-03T11:24:00-07:00,2026-10-03T18:24:00Z,2026-10-03T18:24:00Z,15459443,49 49TH Avenue/To Metrotown Station,0,0,https://gtfs-static.translink.ca/gtfs/google_transit.zip
26SEP_20260925,20260907,20270103,2026-10-03,saturday,49,away_from_ubc,departure,12362,60163,UBC Exchange @ Bay 5,2026-10-03T11:36:00-07:00,2026-10-03T11:36:00-07:00,2026-10-03T18:36:00Z,2026-10-03T18:36:00Z,15459495,49 49TH Avenue/To Metrotown Station,0,0,https://gtfs-static.translink.ca/gtfs/google_transit.zip
26SEP_20260925,20260907,20270103,2026-10-03,saturday,49,away_from_ubc,departure,12362,60163,UBC Exchange @ Bay 5,2026-10-03T11:48:00-07:00,2026-10-03T11:48:00-07:00,2026-10-03T18:48:00Z,2026-10-03T18:48:00Z,15459444,49 49TH Avenue/To Metrotown Station,0,0,https://gtfs-static.translink.ca/gtfs/google_transit.zip
26SEP_20260925,20260907,20270103,2026-10-03,saturday,49,away_from_ubc,departure,12362,60163,UBC Exchange @ Bay 5,2026-10-03T12:00:00-07:00,2026-10-03T12:00:00-07:00,2026-10-03T19:00:00Z,2026-10-03T19:00:00Z,15459445,49 49TH Avenue/To Metrotown Station,0,0,https://gtfs-static.translink.ca/gtfs/google_transit.zip
26SEP_20260925,20260907,20270103,2026-10-03,saturday,49,away_from_ubc,departure,12362,60163,UBC Exchange @ Bay 5,2026-10-03T12:12:00-07:00,2026-10-03T12:12:00-07:00,2026-10-03T19:12:00Z,2026-10-03T19:12:00Z,15459446,49 49TH Avenue/To Metrotown Station,0,0,https://gtfs-static.translink.ca/gtfs/google_transit.zip
26SEP_20260925,20260907,20270103,2026-10-03,saturday,49,away_from_ubc,departure,12362,60163,UBC Exchange @ Bay 5,2026-10-03T12:24:00-07:00,2026-10-03T12:24:00-07:00,2026-10-03T19:24:00Z,2026-10-03T19:24:00Z,15459447,49 49TH Avenue/To Metrotown Station,0,0,https://gtfs-static.translink.ca/gtfs/google_transit.zip
26SEP_20260925,20260907,20270103,2026-10-03,saturday,49,away_from_ubc,departure,12362,60163,UBC Exchange @ Bay 5,2026-10-03T12:36:00-07:00,2026-10-03T12:36:00-07:00,2026-10-03T19:36:00Z,2026-10-03T19:36:00Z,15459448,49 49TH Avenue/To Metrotown Station,0,0,https://gtfs-static.translink.ca/gtfs/google_transit.zip
26SEP_20260925,20260907,20270103,2026-10-03,saturday,49,away_from_ubc,departure,12362,60163,UBC Exchange @ Bay 5,2026-10-03T12:48:00-07:00,2026-10-03T12:48:00-07:00,2026-10-03T19:48:00Z,2026-10-03T19:48:00Z,15459449,49 49TH Avenue/To Metrotown Station,0,0,https://gtfs-static.translink.ca/gtfs/google_transit.zip
26SEP_20260925,20260907,20270103,2026-10-03,saturday,49,away_from_ubc,departure,12362,60163,UBC Exchange @ Bay 5,2026-10-03T13:00:00-07:00,2026-10-03T13:00:00-07:00,2026-10-03T20:00:00Z,2026-10-03T20:00:00Z,15459450,49 49TH Avenue/To Metrotown Station,0,0,https://gtfs-static.translink.ca/gtfs/google_transit.zip
26SEP_20260925,20260907,20270103,2026-10-03,saturday,49,away_from_ubc,departure,12362,60163,UBC Exchange @ Bay 5,2026-10-03T13:10:00-07:00,2026-10-03T13:10:00-07:00,2026-10-03T20:10:00Z,2026-10-03T20:10:00Z,15459451,49 49TH Avenue/To Metrotown Station,0,0,https://gtfs-static.translink.ca/gtfs/google_transit.zip
26SEP_20260925,20260907,20270103,2026-10-03,saturday,49,away_from_ubc,departure,12362,60163,UBC Exchange @ Bay 5,2026-10-03T13:20:00-07:00,2026-10-03T13:20:00-07:00,2026-10-03T20:20:00Z,2026-10-03T20:20:00Z,15459452,49 49TH Avenue/To Metrotown Station,0,0,https://gtfs-static.translink.ca/gtfs/google_transit.zip
26SEP_20260925,20260907,20270103,2026-10-03,saturday,49,away_from_ubc,departure,12362,60163,UBC Exchange @ Bay 5,2026-10-03T13:30:00-07:00,2026-10-03T13:30:00-07:00,2026-10-03T20:30:00Z,2026-10-03T20:30:00Z,15459496,49 49TH Avenue/To Metrotown Station,0,0,https://gtfs-static.translink.ca/gtfs/google_transit.zip
26SEP_20260925,20260907,20270103,2026-10-03,saturday,49,away_from_ubc,departure,12362,60163,UBC Exchange @ Bay 5,2026-10-03T13:40:00-07:00,2026-10-03T13:40:00-07:00,2026-10-03T20:40:00Z,2026-10-03T20:40:00Z,15459453,49 49TH Avenue/To Metrotown Station,0,0,https://gtfs-static.translink.ca/gtfs/google_transit.zip
26SEP_20260925,20260907,20270103,2026-10-03,saturday,49,away_from_ubc,departure,12362,60163,UBC Exchange @ Bay 5,2026-10-03T13:50:00-07:00,2026-10-03T13:50:00-07:00,2026-10-03T20:50:00Z,2026-10-03T20:50:00Z,15459454,49 49TH Avenue/To Metrotown Station,0,0,https://gtfs-static.translink.ca/gtfs/google_transit.zip
26SEP_20260925,20260907,20270103,2026-10-03,saturday,49,away_from_ubc,departure,12362,60163,UBC Exchange @ Bay 5,2026-10-03T14:00:00-07:00,2026-10-03T14:00:00-07:00,2026-10-03T21:00:00Z,2026-10-03T21:00:00Z,15459455,49 49TH Avenue/To Metrotown Station,0,0,https://gtfs-static.translink.ca/gtfs/google_transit.zip
26SEP_20260925,20260907,20270103,2026-10-03,saturday,49,away_from_ubc,departure,12362,60163,UBC Exchange @ Bay 5,2026-10-03T14:10:00-07:00,2026-10-03T14:10:00-07:00,2026-10-03T21:10:00Z,2026-10-03T21:10:00Z,15459456,49 49TH Avenue/To Metrotown Station,0,0,https://gtfs-static.translink.ca/gtfs/google_transit.zip
26SEP_20260925,20260907,20270103,2026-10-03,saturday,49,away_from_ubc,departure,12362,60163,UBC Exchange @ Bay 5,2026-10-03T14:20:00-07:00,2026-10-03T14:20:00-07:00,2026-10-03T21:20:00Z,2026-10-03T21:20:00Z,15459457,49 49TH Avenue/To Metrotown Station,0,0,https://gtfs-static.translink.ca/gtfs/google_transit.zip
26SEP_20260925,20260907,20270103,2026-10-03,saturday,49,away_from_ubc,departure,12362,60163,UBC Exchange @ Bay 5,2026-10-03T14:30:00-07:00,2026-10-03T14:30:00-07:00,2026-10-03T21:30:00Z,2026-10-03T21:30:00Z,15459487,49 49TH Avenue/To Metrotown Station,0,0,https://gtfs-static.translink.ca/gtfs/google_transit.zip
26SEP_20260925,20260907,20270103,2026-10-03,saturday,49,away_from_ubc,departure,12362,60163,UBC Exchange @ Bay 5,2026-10-03T14:40:00-07:00,2026-10-03T14:40:00-07:00,2026-10-03T21:40:00Z,2026-10-03T21:40:00Z,15459458,49 49TH Avenue/To Metrotown Station,0,0,https://gtfs-static.translink.ca/gtfs/google_transit.zip
26SEP_20260925,20260907,20270103,2026-10-03,saturday,49,away_from_ubc,departure,12362,60163,UBC Exchange @ Bay 5,2026-10-03T14:50:00-07:00,2026-10-03T14:50:00-07:00,2026-10-03T21:50:00Z,2026-10-03T21:50:00Z,15459459,49 49TH Avenue/To Metrotown Station,0,0,https://gtfs-static.translink.ca/gtfs/google_transit.zip
26SEP_20260925,20260907,20270103,2026-10-03,saturday,49,away_from_ubc,departure,12362,60163,UBC Exchange @ Bay 5,2026-10-03T15:00:00-07:00,2026-10-03T15:00:00-07:00,2026-10-03T22:00:00Z,2026-10-03T22:00:00Z,15459460,49 49TH Avenue/To Metrotown Station,0,0,https://gtfs-static.translink.ca/gtfs/google_transit.zip
26SEP_20260925,20260907,20270103,2026-10-03,saturday,49,away_from_ubc,departure,12362,60163,UBC Exchange @ Bay 5,2026-10-03T15:10:00-07:00,2026-10-03T15:10:00-07:00,2026-10-03T22:10:00Z,2026-10-03T22:10:00Z,15459461,49 49TH Avenue/To Metrotown Station,0,0,https://gtfs-static.translink.ca/gtfs/google_transit.zip
26SEP_20260925,20260907,20270103,2026-10-03,saturday,49,away_from_ubc,departure,12362,60163,UBC Exchange @ Bay 5,2026-10-03T15:20:00-07:00,2026-10-03T15:20:00-07:00,2026-10-03T22:20:00Z,2026-10-03T22:20:00Z,15459462,49 49TH Avenue/To Metrotown Station,0,0,https://gtfs-static.translink.ca/gtfs/google_transit.zip
26SEP_20260925,20260907,20270103,2026-10-03,saturday,49,away_from_ubc,departure,12362,60163,UBC Exchange @ Bay 5,2026-10-03T15:30:00-07:00,2026-10-03T15:30:00-07:00,2026-10-03T22:30:00Z,2026-10-03T22:30:00Z,15459463,49 49TH Avenue/To Metrotown Station,0,0,https://gtfs-static.translink.ca/gtfs/google_transit.zip
26SEP_20260925,20260907,20270103,2026-10-03,saturday,49,away_from_ubc,departure,12362,60163,UBC Exchange @ Bay 5,2026-10-03T15:40:00-07:00,2026-10-03T15:40:00-07:00,2026-10-03T22:40:00Z,2026-10-03T22:40:00Z,15459488,49 49TH Avenue/To Metrotown Station,0,0,https://gtfs-static.translink.ca/gtfs/google_transit.zip
26SEP_20260925,20260907,20270103,2026-10-03,saturday,49,away_from_ubc,departure,12362,60163,UBC Exchange @ Bay 5,2026-10-03T15:50:00-07:00,2026-10-03T15:50:00-07:00,2026-10-03T22:50:00Z,2026-10-03T22:50:00Z,15459464,49 49TH Avenue/To Metrotown Station,0,0,https://gtfs-static.translink.ca/gtfs/google_transit.zip
26SEP_20260925,20260907,20270103,2026-10-03,saturday,49,away_from_ubc,departure,12362,60163,UBC Exchange @ Bay 5,2026-10-03T16:00:00-07:00,2026-10-03T16:00:00-07:00,2026-10-03T23:00:00Z,2026-10-03T23:00:00Z,15459465,49 49TH Avenue/To Metrotown Station,0,0,https://gtfs-static.translink.ca/gtfs/google_transit.zip
26SEP_20260925,20260907,20270103,2026-10-03,saturday,49,away_from_ubc,departure,12362,60163,UBC Exchange @ Bay 5,2026-10-03T16:10:00-07:00,2026-10-03T16:10:00-07:00,2026-10-03T23:10:00Z,2026-10-03T23:10:00Z,15459466,49 49TH Avenue/To Metrotown Station,0,0,https://gtfs-static.translink.ca/gtfs/google_transit.zip
26SEP_20260925,20260907,20270103,2026-10-03,saturday,49,away_from_ubc,departure,12362,60163,UBC Exchange @ Bay 5,2026-10-03T16:20:00-07:00,2026-10-03T16:20:00-07:00,2026-10-03T23:20:00Z,2026-10-03T23:20:00Z,15459467,49 49TH Avenue/To Metrotown Station,0,0,https://gtfs-static.translink.ca/gtfs/google_transit.zip
26SEP_20260925,20260907,20270103,2026-10-03,saturday,49,away_from_ubc,departure,12362,60163,UBC Exchange @ Bay 5,2026-10-03T16:30:00-07:00,2026-10-03T16:30:00-07:00,2026-10-03T23:30:00Z,2026-10-03T23:30:00Z,15459468,49 49TH Avenue/To Metrotown Station,0,0,https://gtfs-static.translink.ca/gtfs/google_transit.zip
26SEP_20260925,20260907,20270103,2026-10-03,saturday,49,away_from_ubc,departure,12362,60163,UBC Exchange @ Bay 5,2026-10-03T16:40:00-07:00,2026-10-03T16:40:00-07:00,2026-10-03T23:40:00Z,2026-10-03T23:40:00Z,15459469,49 49TH Avenue/To Metrotown Station,0,0,https://gtfs-static.translink.ca/gtfs/google_transit.zip
26SEP_20260925,20260907,20270103,2026-10-03,saturday,49,away_from_ubc,departure,12362,60163,UBC Exchange @ Bay 5,2026-10-03T16:50:00-07:00,2026-10-03T16:50:00-07:00,2026-10-03T23:50:00Z,2026-10-03T23:50:00Z,15459489,49 49TH Avenue/To Metrotown Station,0,0,https://gtfs-static.translink.ca/gtfs/google_transit.zip
26SEP_20260925,20260907,20270103,2026-10-03,saturday,49,away_from_ubc,departure,12362,60163,UBC Exchange @ Bay 5,2026-10-03T17:00:00-07:00,2026-10-03T17:00:00-07:00,2026-10-04T00:00:00Z,2026-10-04T00:00:00Z,15459470,49 49TH Avenue/To Metrotown Station,0,0,https://gtfs-static.translink.ca/gtfs/google_transit.zip
26SEP_20260925,20260907,20270103,2026-10-03,saturday,49,away_from_ubc,departure,12362,60163,UBC Exchange @ Bay 5,2026-10-03T17:10:00-07:00,2026-10-03T17:10:00-07:00,2026-10-04T00:10:00Z,2026-10-04T00:10:00Z,15459471,49 49TH Avenue/To Metrotown Station,0,0,https://gtfs-static.translink.ca/gtfs/google_transit.zip
26SEP_20260925,20260907,20270103,2026-10-03,saturday,49,away_from_ubc,departure,12362,60163,UBC Exchange @ Bay 5,2026-10-03T17:20:00-07:00,2026-10-03T17:20:00-07:00,2026-10-04T00:20:00Z,2026-10-04T00:20:00Z,15459472,49 49TH Avenue/To Metrotown Station,0,0,https://gtfs-static.translink.ca/gtfs/google_transit.zip
26SEP_20260925,20260907,20270103,2026-10-03,saturday,49,away_from_ubc,departure,12362,60163,UBC Exchange @ Bay 5,2026-10-03T17:30:00-07:00,2026-10-03T17:30:00-07:00,2026-10-04T00:30:00Z,2026-10-04T00:30:00Z,15459473,49 49TH Avenue/To Metrotown Station,0,0,https://gtfs-static.translink.ca/gtfs/google_transit.zip
26SEP_20260925,20260907,20270103,2026-10-03,saturday,49,away_from_ubc,departure,12362,60163,UBC Exchange @ Bay 5,2026-10-03T17:41:00-07:00,2026-10-03T17:41:00-07:00,2026-10-04T00:41:00Z,2026-10-04T00:41:00Z,15459474,49 49TH Avenue/To Metrotown Station,0,0,https://gtfs-static.translink.ca/gtfs/google_transit.zip
26SEP_20260925,20260907,20270103,2026-10-03,saturday,49,away_from_ubc,departure,12362,60163,UBC Exchange @ Bay 5,2026-10-03T17:51:00-07:00,2026-10-03T17:51:00-07:00,2026-10-04T00:51:00Z,2026-10-04T00:51:00Z,15459475,49 49TH Avenue/To Metrotown Station,0,0,https://gtfs-static.translink.ca/gtfs/google_transit.zip
26SEP_20260925,20260907,20270103,2026-10-03,saturday,49,away_from_ubc,departure,12362,60163,UBC Exchange @ Bay 5,2026-10-03T18:01:00-07:00,2026-10-03T18:01:00-07:00,2026-10-04T01:01:00Z,2026-10-04T01:01:00Z,15459490,49 49TH Avenue/To Metrotown Station,0,0,https://gtfs-static.translink.ca/gtfs/google_transit.zip
26SEP_20260925,20260907,20270103,2026-10-03,saturday,49,away_from_ubc,departure,12362,60163,UBC Exchange @ Bay 5,2026-10-03T18:11:00-07:00,2026-10-03T18:11:00-07:00,2026-10-04T01:11:00Z,2026-10-04T01:11:00Z,15459476,49 49TH Avenue/To Metrotown Station,0,0,https://gtfs-static.translink.ca/gtfs/google_transit.zip
26SEP_20260925,20260907,20270103,2026-10-03,saturday,49,away_from_ubc,departure,12362,60163,UBC Exchange @ Bay 5,2026-10-03T18:21:00-07:00,2026-10-03T18:21:00-07:00,2026-10-04T01:21:00Z,2026-10-04T01:21:00Z,15459491,49 49TH Avenue/To Metrotown Station,0,0,https://gtfs-static.translink.ca/gtfs/google_transit.zip
26SEP_20260925,20260907,20270103,2026-10-03,saturday,49,away_from_ubc,departure,12362,60163,UBC Exchange @ Bay 5,2026-10-03T18:31:00-07:00,2026-10-03T18:31:00-07:00,2026-10-04T01:31:00Z,2026-10-04T01:31:00Z,15459477,49 49TH Avenue/To Metrotown Station,0,0,https://gtfs-static.translink.ca/gtfs/google_transit.zip
26SEP_20260925,20260907,20270103,2026-10-03,saturday,49,away_from_ubc,departure,12362,60163,UBC Exchange @ Bay 5,2026-10-03T18:43:00-07:00,2026-10-03T18:43:00-07:00,2026-10-04T01:43:00Z,2026-10-04T01:43:00Z,15459478,49 49TH Avenue/To Metrotown Station,0,0,https://gtfs-static.translink.ca/gtfs/google_transit.zip
26SEP_20260925,20260907,20270103,2026-10-03,saturday,49,away_from_ubc,departure,12362,60163,UBC Exchange @ Bay 5,2026-10-03T18:55:00-07:00,2026-10-03T18:55:00-07:00,2026-10-04T01:55:00Z,2026-10-04T01:55:00Z,15459479,49 49TH Avenue/To Metrotown Station,0,0,https://gtfs-static.translink.ca/gtfs/google_transit.zip
26SEP_20260925,20260907,20270103,2026-10-03,saturday,49,away_from_ubc,departure,12362,60163,UBC Exchange @ Bay 5,2026-10-03T19:07:00-07:00,2026-10-03T19:07:00-07:00,2026-10-04T02:07:00Z,2026-10-04T02:07:00Z,15459480,49 49TH Avenue/To Metrotown Station,0,0,https://gtfs-static.translink.ca/gtfs/google_transit.zip
26SEP_20260925,20260907,20270103,2026-10-03,saturday,49,away_from_ubc,departure,12362,60163,UBC Exchange @ Bay 5,2026-10-03T19:19:00-07:00,2026-10-03T19:19:00-07:00,2026-10-04T02:19:00Z,2026-10-04T02:19:00Z,15459481,49 49TH Avenue/To Metrotown Station,0,0,https://gtfs-static.translink.ca/gtfs/google_transit.zip
26SEP_20260925,20260907,20270103,2026-10-03,saturday,49,away_from_ubc,departure,12362,60163,UBC Exchange @ Bay 5,2026-10-03T19:31:00-07:00,2026-10-03T19:31:00-07:00,2026-10-04T02:31:00Z,2026-10-04T02:31:00Z,15459492,49 49TH Avenue/To Metrotown Station,0,0,https://gtfs-static.translink.ca/gtfs/google_transit.zip
26SEP_20260925,20260907,20270103,2026-10-03,saturday,49,away_from_ubc,departure,12362,60163,UBC Exchange @ Bay 5,2026-10-03T19:43:00-07:00,2026-10-03T19:43:00-07:00,2026-10-04T02:43:00Z,2026-10-04T02:43:00Z,15459482,49 49TH Avenue/To Metrotown Station,0,0,https://gtfs-static.translink.ca/gtfs/google_transit.zip
26SEP_20260925,20260907,20270103,2026-10-03,saturday,49,away_from_ubc,departure,12362,60163,UBC Exchange @ Bay 5,2026-10-03T19:56:00-07:00,2026-10-03T19:56:00-07:00,2026-10-04T02:56:00Z,2026-10-04T02:56:00Z,15459483,49 49TH Avenue/To Metrotown Station,0,0,https://gtfs-static.translink.ca/gtfs/google_transit.zip
26SEP_20260925,20260907,20270103,2026-10-03,saturday,49,away_from_ubc,departure,12362,60163,UBC Exchange @ Bay 5,2026-10-03T20:10:00-07:00,2026-10-03T20:10:00-07:00,2026-10-04T03:10:00Z,2026-10-04T03:10:00Z,15459484,49 49TH Avenue/To Metrotown Station,0,0,https://gtfs-static.translink.ca/gtfs/google_transit.zip
26SEP_20260925,20260907,20270103,2026-10-03,saturday,49,away_from_ubc,departure,12362,60163,UBC Exchange @ Bay 5,2026-10-03T20:24:00-07:00,2026-10-03T20:24:00-07:00,2026-10-04T03:24:00Z,2026-10-04T03:24:00Z,15459485,49 49TH Avenue/To Metrotown Station,0,0,https://gtfs-static.translink.ca/gtfs/google_transit.zip
26SEP_20260925,20260907,20270103,2026-10-03,saturday,49,away_from_ubc,departure,12362,60163,UBC Exchange @ Bay 5,2026-10-03T20:39:00-07:00,2026-10-03T20:39:00-07:00,2026-10-04T03:39:00Z,2026-10-04T03:39:00Z,15459417,49 49TH Avenue/To Metrotown Station,0,0,https://gtfs-static.translink.ca/gtfs/google_transit.zip
26SEP_20260925,20260907,20270103,2026-10-03,saturday,49,away_from_ubc,departure,12362,60163,UBC Exchange @ Bay 5,2026-10-03T20:54:00-07:00,2026-10-03T20:54:00-07:00,2026-10-04T03:54:00Z,2026-10-04T03:54:00Z,15459411,49 49TH Avenue/To Metrotown Station,0,0,https://gtfs-static.translink.ca/gtfs/google_transit.zip
26SEP_20260925,20260907,20270103,2026-10-03,saturday,49,away_from_ubc,departure,12362,60163,UBC Exchange @ Bay 5,2026-10-03T21:09:00-07:00,2026-10-03T21:09:00-07:00,2026-10-04T04:09:00Z,2026-10-04T04:09:00Z,15459416,49 49TH Avenue/To Metrotown Station,0,0,https://gtfs-static.translink.ca/gtfs/google_transit.zip
26SEP_20260925,20260907,20270103,2026-10-03,saturday,49,away_from_ubc,departure,12362,60163,UBC Exchange @ Bay 5,2026-10-03T21:24:00-07:00,2026-10-03T21:24:00-07:00,2026-10-04T04:24:00Z,2026-10-04T04:24:00Z,15459407,49 49TH Avenue/To Metrotown Station,0,0,https://gtfs-static.translink.ca/gtfs/google_transit.zip
26SEP_20260925,20260907,20270103,2026-10-03,saturday,49,away_from_ubc,departure,12362,60163,UBC Exchange @ Bay 5,2026-10-03T21:39:00-07:00,2026-10-03T21:39:00-07:00,2026-10-04T04:39:00Z,2026-10-04T04:39:00Z,15459486,49 49TH Avenue/To Metrotown Station,0,0,https://gtfs-static.translink.ca/gtfs/google_transit.zip
26SEP_20260925,20260907,20270103,2026-10-03,saturday,49,away_from_ubc,departure,12362,60163,UBC Exchange @ Bay 5,2026-10-03T21:54:00-07:00,2026-10-03T21:54:00-07:00,2026-10-04T04:54:00Z,2026-10-04T04:54:00Z,15459412,49 49TH Avenue/To Metrotown Station,0,0,https://gtfs-static.translink.ca/gtfs/google_transit.zip
26SEP_20260925,20260907,20270103,2026-10-03,saturday,49,away_from_ubc,departure,12362,60163,UBC Exchange @ Bay 5,2026-10-03T22:13:00-07:00,2026-10-03T22:13:00-07:00,2026-10-04T05:13:00Z,2026-10-04T05:13:00Z,15459418,49 49TH Avenue/To Metrotown Station,0,0,https://gtfs-static.translink.ca/gtfs/google_transit.zip
26SEP_20260925,20260907,20270103,2026-10-03,saturday,49,away_from_ubc,departure,12362,60163,UBC Exchange @ Bay 5,2026-10-03T22:33:00-07:00,2026-10-03T22:33:00-07:00,2026-10-04T05:33:00Z,2026-10-04T05:33:00Z,15459408,49 49TH Avenue/To Metrotown Station,0,0,https://gtfs-static.translink.ca/gtfs/google_transit.zip
26SEP_20260925,20260907,20270103,2026-10-03,saturday,49,away_from_ubc,departure,12362,60163,UBC Exchange @ Bay 5,2026-10-03T22:53:00-07:00,2026-10-03T22:53:00-07:00,2026-10-04T05:53:00Z,2026-10-04T05:53:00Z,15459413,49 49TH Avenue/To Metrotown Station,0,0,https://gtfs-static.translink.ca/gtfs/google_transit.zip
26SEP_20260925,20260907,20270103,2026-10-03,saturday,49,away_from_ubc,departure,12362,60163,UBC Exchange @ Bay 5,2026-10-03T23:13:00-07:00,2026-10-03T23:13:00-07:00,2026-10-04T06:13:00Z,2026-10-04T06:13:00Z,15459419,49 49TH Avenue/To Metrotown Station,0,0,https://gtfs-static.translink.ca/gtfs/google_transit.zip
26SEP_20260925,20260907,20270103,2026-10-03,saturday,49,away_from_ubc,departure,12362,60163,UBC Exchange @ Bay 5,2026-10-03T23:33:00-07:00,2026-10-03T23:33:00-07:00,2026-10-04T06:33:00Z,2026-10-04T06:33:00Z,15459409,49 49TH Avenue/To Metrotown Station,0,0,https://gtfs-static.translink.ca/gtfs/google_transit.zip
26SEP_20260925,20260907,20270103,2026-10-03,saturday,49,away_from_ubc,departure,12362,60163,UBC Exchange @ Bay 5,2026-10-04T00:00:00-07:00,2026-10-04T00:00:00-07:00,2026-10-04T07:00:00Z,2026-10-04T07:00:00Z,15459422,49 49TH Avenue/To Metrotown Station,0,0,https://gtfs-static.translink.ca/gtfs/google_transit.zip
26SEP_20260925,20260907,20270103,2026-10-03,saturday,49,away_from_ubc,departure,12362,60163,UBC Exchange @ Bay 5,2026-10-04T00:14:00-07:00,2026-10-04T00:14:00-07:00,2026-10-04T07:14:00Z,2026-10-04T07:14:00Z,15459423,49 49TH Avenue/To Metrotown Station,0,0,https://gtfs-static.translink.ca/gtfs/google_transit.zip
26SEP_20260925,20260907,20270103,2026-10-03,saturday,49,toward_ubc,arrival,12600,60358,UBC Exchange @ Unloading Only,2026-10-03T07:07:00-07:00,2026-10-03T07:07:00-07:00,2026-10-03T14:07:00Z,2026-10-03T14:07:00Z,15459507,49 49TH Avenue/To UBC Exchange,1,0,https://gtfs-static.translink.ca/gtfs/google_transit.zip
26SEP_20260925,20260907,20270103,2026-10-03,saturday,49,toward_ubc,arrival,12600,60358,UBC Exchange @ Unloading Only,2026-10-03T07:27:00-07:00,2026-10-03T07:27:00-07:00,2026-10-03T14:27:00Z,2026-10-03T14:27:00Z,15459498,49 49TH Avenue/To UBC Exchange,1,0,https://gtfs-static.translink.ca/gtfs/google_transit.zip
26SEP_20260925,20260907,20270103,2026-10-03,saturday,49,toward_ubc,arrival,12600,60358,UBC Exchange @ Unloading Only,2026-10-03T07:42:00-07:00,2026-10-03T07:42:00-07:00,2026-10-03T14:42:00Z,2026-10-03T14:42:00Z,15459510,49 49TH Avenue/To UBC Exchange,1,0,https://gtfs-static.translink.ca/gtfs/google_transit.zip
26SEP_20260925,20260907,20270103,2026-10-03,saturday,49,toward_ubc,arrival,12600,60358,UBC Exchange @ Unloading Only,2026-10-03T07:58:00-07:00,2026-10-03T07:58:00-07:00,2026-10-03T14:58:00Z,2026-10-03T14:58:00Z,15459511,49 49TH Avenue/To UBC Exchange,1,0,https://gtfs-static.translink.ca/gtfs/google_transit.zip
26SEP_20260925,20260907,20270103,2026-10-03,saturday,49,toward_ubc,arrival,12600,60358,UBC Exchange @ Unloading Only,2026-10-03T08:13:00-07:00,2026-10-03T08:13:00-07:00,2026-10-03T15:13:00Z,2026-10-03T15:13:00Z,15459512,49 49TH Avenue/To UBC Exchange,1,0,https://gtfs-static.translink.ca/gtfs/google_transit.zip
26SEP_20260925,20260907,20270103,2026-10-03,saturday,49,toward_ubc,arrival,12600,60358,UBC Exchange @ Unloading Only,2026-10-03T08:28:00-07:00,2026-10-03T08:28:00-07:00,2026-10-03T15:28:00Z,2026-10-03T15:28:00Z,15459513,49 49TH Avenue/To UBC Exchange,1,0,https://gtfs-static.translink.ca/gtfs/google_transit.zip
26SEP_20260925,20260907,20270103,2026-10-03,saturday,49,toward_ubc,arrival,12600,60358,UBC Exchange @ Unloading Only,2026-10-03T08:41:00-07:00,2026-10-03T08:41:00-07:00,2026-10-03T15:41:00Z,2026-10-03T15:41:00Z,15459514,49 49TH Avenue/To UBC Exchange,1,0,https://gtfs-static.translink.ca/gtfs/google_transit.zip
26SEP_20260925,20260907,20270103,2026-10-03,saturday,49,toward_ubc,arrival,12600,60358,UBC Exchange @ Unloading Only,2026-10-03T08:54:00-07:00,2026-10-03T08:54:00-07:00,2026-10-03T15:54:00Z,2026-10-03T15:54:00Z,15459515,49 49TH Avenue/To UBC Exchange,1,0,https://gtfs-static.translink.ca/gtfs/google_transit.zip
26SEP_20260925,20260907,20270103,2026-10-03,saturday,49,toward_ubc,arrival,12600,60358,UBC Exchange @ Unloading Only,2026-10-03T09:06:00-07:00,2026-10-03T09:06:00-07:00,2026-10-03T16:06:00Z,2026-10-03T16:06:00Z,15459516,49 49TH Avenue/To UBC Exchange,1,0,https://gtfs-static.translink.ca/gtfs/google_transit.zip
26SEP_20260925,20260907,20270103,2026-10-03,saturday,49,toward_ubc,arrival,12600,60358,UBC Exchange @ Unloading Only,2026-10-03T09:20:00-07:00,2026-10-03T09:20:00-07:00,2026-10-03T16:20:00Z,2026-10-03T16:20:00Z,15459517,49 49TH Avenue/To UBC Exchange,1,0,https://gtfs-static.translink.ca/gtfs/google_transit.zip
26SEP_20260925,20260907,20270103,2026-10-03,saturday,49,toward_ubc,arrival,12600,60358,UBC Exchange @ Unloading Only,2026-10-03T09:34:00-07:00,2026-10-03T09:34:00-07:00,2026-10-03T16:34:00Z,2026-10-03T16:34:00Z,15459518,49 49TH Avenue/To UBC Exchange,1,0,https://gtfs-static.translink.ca/gtfs/google_transit.zip
26SEP_20260925,20260907,20270103,2026-10-03,saturday,49,toward_ubc,arrival,12600,60358,UBC Exchange @ Unloading Only,2026-10-03T09:47:00-07:00,2026-10-03T09:47:00-07:00,2026-10-03T16:47:00Z,2026-10-03T16:47:00Z,15459519,49 49TH Avenue/To UBC Exchange,1,0,https://gtfs-static.translink.ca/gtfs/google_transit.zip
26SEP_20260925,20260907,20270103,2026-10-03,saturday,49,toward_ubc,arrival,12600,60358,UBC Exchange @ Unloading Only,2026-10-03T09:58:00-07:00,2026-10-03T09:58:00-07:00,2026-10-03T16:58:00Z,2026-10-03T16:58:00Z,15459580,49 49TH Avenue/To UBC Exchange,1,0,https://gtfs-static.translink.ca/gtfs/google_transit.zip
26SEP_20260925,20260907,20270103,2026-10-03,saturday,49,toward_ubc,arrival,12600,60358,UBC Exchange @ Unloading Only,2026-10-03T10:10:00-07:00,2026-10-03T10:10:00-07:00,2026-10-03T17:10:00Z,2026-10-03T17:10:00Z,15459520,49 49TH Avenue/To UBC Exchange,1,0,https://gtfs-static.translink.ca/gtfs/google_transit.zip
26SEP_20260925,20260907,20270103,2026-10-03,saturday,49,toward_ubc,arrival,12600,60358,UBC Exchange @ Unloading Only,2026-10-03T10:22:00-07:00,2026-10-03T10:22:00-07:00,2026-10-03T17:22:00Z,2026-10-03T17:22:00Z,15459521,49 49TH Avenue/To UBC Exchange,1,0,https://gtfs-static.translink.ca/gtfs/google_transit.zip
26SEP_20260925,20260907,20270103,2026-10-03,saturday,49,toward_ubc,arrival,12600,60358,UBC Exchange @ Unloading Only,2026-10-03T10:35:00-07:00,2026-10-03T10:35:00-07:00,2026-10-03T17:35:00Z,2026-10-03T17:35:00Z,15459522,49 49TH Avenue/To UBC Exchange,1,0,https://gtfs-static.translink.ca/gtfs/google_transit.zip
26SEP_20260925,20260907,20270103,2026-10-03,saturday,49,toward_ubc,arrival,12600,60358,UBC Exchange @ Unloading Only,2026-10-03T10:47:00-07:00,2026-10-03T10:47:00-07:00,2026-10-03T17:47:00Z,2026-10-03T17:47:00Z,15459523,49 49TH Avenue/To UBC Exchange,1,0,https://gtfs-static.translink.ca/gtfs/google_transit.zip
26SEP_20260925,20260907,20270103,2026-10-03,saturday,49,toward_ubc,arrival,12600,60358,UBC Exchange @ Unloading Only,2026-10-03T10:58:00-07:00,2026-10-03T10:58:00-07:00,2026-10-03T17:58:00Z,2026-10-03T17:58:00Z,15459524,49 49TH Avenue/To UBC Exchange,1,0,https://gtfs-static.translink.ca/gtfs/google_transit.zip
26SEP_20260925,20260907,20270103,2026-10-03,saturday,49,toward_ubc,arrival,12600,60358,UBC Exchange @ Unloading Only,2026-10-03T11:10:00-07:00,2026-10-03T11:10:00-07:00,2026-10-03T18:10:00Z,2026-10-03T18:10:00Z,15459581,49 49TH Avenue/To UBC Exchange,1,0,https://gtfs-static.translink.ca/gtfs/google_transit.zip
26SEP_20260925,20260907,20270103,2026-10-03,saturday,49,toward_ubc,arrival,12600,60358,UBC Exchange @ Unloading Only,2026-10-03T11:22:00-07:00,2026-10-03T11:22:00-07:00,2026-10-03T18:22:00Z,2026-10-03T18:22:00Z,15459525,49 49TH Avenue/To UBC Exchange,1,0,https://gtfs-static.translink.ca/gtfs/google_transit.zip
26SEP_20260925,20260907,20270103,2026-10-03,saturday,49,toward_ubc,arrival,12600,60358,UBC Exchange @ Unloading Only,2026-10-03T11:35:00-07:00,2026-10-03T11:35:00-07:00,2026-10-03T18:35:00Z,2026-10-03T18:35:00Z,15459526,49 49TH Avenue/To UBC Exchange,1,0,https://gtfs-static.translink.ca/gtfs/google_transit.zip
26SEP_20260925,20260907,20270103,2026-10-03,saturday,49,toward_ubc,arrival,12600,60358,UBC Exchange @ Unloading Only,2026-10-03T11:47:00-07:00,2026-10-03T11:47:00-07:00,2026-10-03T18:47:00Z,2026-10-03T18:47:00Z,15459582,49 49TH Avenue/To UBC Exchange,1,0,https://gtfs-static.translink.ca/gtfs/google_transit.zip
26SEP_20260925,20260907,20270103,2026-10-03,saturday,49,toward_ubc,arrival,12600,60358,UBC Exchange @ Unloading Only,2026-10-03T11:59:00-07:00,2026-10-03T11:59:00-07:00,2026-10-03T18:59:00Z,2026-10-03T18:59:00Z,15459527,49 49TH Avenue/To UBC Exchange,1,0,https://gtfs-static.translink.ca/gtfs/google_transit.zip
26SEP_20260925,20260907,20270103,2026-10-03,saturday,49,toward_ubc,arrival,12600,60358,UBC Exchange @ Unloading Only,2026-10-03T12:12:00-07:00,2026-10-03T12:12:00-07:00,2026-10-03T19:12:00Z,2026-10-03T19:12:00Z,15459528,49 49TH Avenue/To UBC Exchange,1,0,https://gtfs-static.translink.ca/gtfs/google_transit.zip
26SEP_20260925,20260907,20270103,2026-10-03,saturday,49,toward_ubc,arrival,12600,60358,UBC Exchange @ Unloading Only,2026-10-03T12:24:00-07:00,2026-10-03T12:24:00-07:00,2026-10-03T19:24:00Z,2026-10-03T19:24:00Z,15459529,49 49TH Avenue/To UBC Exchange,1,0,https://gtfs-static.translink.ca/gtfs/google_transit.zip
26SEP_20260925,20260907,20270103,2026-10-03,saturday,49,toward_ubc,arrival,12600,60358,UBC Exchange @ Unloading Only,2026-10-03T12:37:00-07:00,2026-10-03T12:37:00-07:00,2026-10-03T19:37:00Z,2026-10-03T19:37:00Z,15459530,49 49TH Avenue/To UBC Exchange,1,0,https://gtfs-static.translink.ca/gtfs/google_transit.zip
26SEP_20260925,20260907,20270103,2026-10-03,saturday,49,toward_ubc,arrival,12600,60358,UBC Exchange @ Unloading Only,2026-10-03T12:49:00-07:00,2026-10-03T12:49:00-07:00,2026-10-03T19:49:00Z,2026-10-03T19:49:00Z,15459531,49 49TH Avenue/To UBC Exchange,1,0,https://gtfs-static.translink.ca/gtfs/google_transit.zip
26SEP_20260925,20260907,20270103,2026-10-03,saturday,49,toward_ubc,arrival,12600,60358,UBC Exchange @ Unloading Only,2026-10-03T13:01:00-07:00,2026-10-03T13:01:00-07:00,2026-10-03T20:01:00Z,2026-10-03T20:01:00Z,15459532,49 49TH Avenue/To UBC Exchange,1,0,https://gtfs-static.translink.ca/gtfs/google_transit.zip
26SEP_20260925,20260907,20270103,2026-10-03,saturday,49,toward_ubc,arrival,12600,60358,UBC Exchange @ Unloading Only,2026-10-03T13:12:00-07:00,2026-10-03T13:12:00-07:00,2026-10-03T20:12:00Z,2026-10-03T20:12:00Z,15459533,49 49TH Avenue/To UBC Exchange,1,0,https://gtfs-static.translink.ca/gtfs/google_transit.zip
26SEP_20260925,20260907,20270103,2026-10-03,saturday,49,toward_ubc,arrival,12600,60358,UBC Exchange @ Unloading Only,2026-10-03T13:22:00-07:00,2026-10-03T13:22:00-07:00,2026-10-03T20:22:00Z,2026-10-03T20:22:00Z,15459583,49 49TH Avenue/To UBC Exchange,1,0,https://gtfs-static.translink.ca/gtfs/google_transit.zip
26SEP_20260925,20260907,20270103,2026-10-03,saturday,49,toward_ubc,arrival,12600,60358,UBC Exchange @ Unloading Only,2026-10-03T13:32:00-07:00,2026-10-03T13:32:00-07:00,2026-10-03T20:32:00Z,2026-10-03T20:32:00Z,15459534,49 49TH Avenue/To UBC Exchange,1,0,https://gtfs-static.translink.ca/gtfs/google_transit.zip
26SEP_20260925,20260907,20270103,2026-10-03,saturday,49,toward_ubc,arrival,12600,60358,UBC Exchange @ Unloading Only,2026-10-03T13:41:00-07:00,2026-10-03T13:41:00-07:00,2026-10-03T20:41:00Z,2026-10-03T20:41:00Z,15459535,49 49TH Avenue/To UBC Exchange,1,0,https://gtfs-static.translink.ca/gtfs/google_transit.zip
26SEP_20260925,20260907,20270103,2026-10-03,saturday,49,toward_ubc,arrival,12600,60358,UBC Exchange @ Unloading Only,2026-10-03T13:51:00-07:00,2026-10-03T13:51:00-07:00,2026-10-03T20:51:00Z,2026-10-03T20:51:00Z,15459536,49 49TH Avenue/To UBC Exchange,1,0,https://gtfs-static.translink.ca/gtfs/google_transit.zip
26SEP_20260925,20260907,20270103,2026-10-03,saturday,49,toward_ubc,arrival,12600,60358,UBC Exchange @ Unloading Only,2026-10-03T14:03:00-07:00,2026-10-03T14:03:00-07:00,2026-10-03T21:03:00Z,2026-10-03T21:03:00Z,15459537,49 49TH Avenue/To UBC Exchange,1,0,https://gtfs-static.translink.ca/gtfs/google_transit.zip
26SEP_20260925,20260907,20270103,2026-10-03,saturday,49,toward_ubc,arrival,12600,60358,UBC Exchange @ Unloading Only,2026-10-03T14:13:00-07:00,2026-10-03T14:13:00-07:00,2026-10-03T21:13:00Z,2026-10-03T21:13:00Z,15459573,49 49TH Avenue/To UBC Exchange,1,0,https://gtfs-static.translink.ca/gtfs/google_transit.zip
26SEP_20260925,20260907,20270103,2026-10-03,saturday,49,toward_ubc,arrival,12600,60358,UBC Exchange @ Unloading Only,2026-10-03T14:23:00-07:00,2026-10-03T14:23:00-07:00,2026-10-03T21:23:00Z,2026-10-03T21:23:00Z,15459538,49 49TH Avenue/To UBC Exchange,1,0,https://gtfs-static.translink.ca/gtfs/google_transit.zip
26SEP_20260925,20260907,20270103,2026-10-03,saturday,49,toward_ubc,arrival,12600,60358,UBC Exchange @ Unloading Only,2026-10-03T14:34:00-07:00,2026-10-03T14:34:00-07:00,2026-10-03T21:34:00Z,2026-10-03T21:34:00Z,15459539,49 49TH Avenue/To UBC Exchange,1,0,https://gtfs-static.translink.ca/gtfs/google_transit.zip
26SEP_20260925,20260907,20270103,2026-10-03,saturday,49,toward_ubc,arrival,12600,60358,UBC Exchange @ Unloading Only,2026-10-03T14:44:00-07:00,2026-10-03T14:44:00-07:00,2026-10-03T21:44:00Z,2026-10-03T21:44:00Z,15459540,49 49TH Avenue/To UBC Exchange,1,0,https://gtfs-static.translink.ca/gtfs/google_transit.zip
26SEP_20260925,20260907,20270103,2026-10-03,saturday,49,toward_ubc,arrival,12600,60358,UBC Exchange @ Unloading Only,2026-10-03T14:54:00-07:00,2026-10-03T14:54:00-07:00,2026-10-03T21:54:00Z,2026-10-03T21:54:00Z,15459541,49 49TH Avenue/To UBC Exchange,1,0,https://gtfs-static.translink.ca/gtfs/google_transit.zip
26SEP_20260925,20260907,20270103,2026-10-03,saturday,49,toward_ubc,arrival,12600,60358,UBC Exchange @ Unloading Only,2026-10-03T15:04:00-07:00,2026-10-03T15:04:00-07:00,2026-10-03T22:04:00Z,2026-10-03T22:04:00Z,15459542,49 49TH Avenue/To UBC Exchange,1,0,https://gtfs-static.translink.ca/gtfs/google_transit.zip
26SEP_20260925,20260907,20270103,2026-10-03,saturday,49,toward_ubc,arrival,12600,60358,UBC Exchange @ Unloading Only,2026-10-03T15:14:00-07:00,2026-10-03T15:14:00-07:00,2026-10-03T22:14:00Z,2026-10-03T22:14:00Z,15459543,49 49TH Avenue/To UBC Exchange,1,0,https://gtfs-static.translink.ca/gtfs/google_transit.zip
26SEP_20260925,20260907,20270103,2026-10-03,saturday,49,toward_ubc,arrival,12600,60358,UBC Exchange @ Unloading Only,2026-10-03T15:24:00-07:00,2026-10-03T15:24:00-07:00,2026-10-03T22:24:00Z,2026-10-03T22:24:00Z,15459574,49 49TH Avenue/To UBC Exchange,1,0,https://gtfs-static.translink.ca/gtfs/google_transit.zip
26SEP_20260925,20260907,20270103,2026-10-03,saturday,49,toward_ubc,arrival,12600,60358,UBC Exchange @ Unloading Only,2026-10-03T15:33:00-07:00,2026-10-03T15:33:00-07:00,2026-10-03T22:33:00Z,2026-10-03T22:33:00Z,15459544,49 49TH Avenue/To UBC Exchange,1,0,https://gtfs-static.translink.ca/gtfs/google_transit.zip
26SEP_20260925,20260907,20270103,2026-10-03,saturday,49,toward_ubc,arrival,12600,60358,UBC Exchange @ Unloading Only,2026-10-03T15:43:00-07:00,2026-10-03T15:43:00-07:00,2026-10-03T22:43:00Z,2026-10-03T22:43:00Z,15459545,49 49TH Avenue/To UBC Exchange,1,0,https://gtfs-static.translink.ca/gtfs/google_transit.zip
26SEP_20260925,20260907,20270103,2026-10-03,saturday,49,toward_ubc,arrival,12600,60358,UBC Exchange @ Unloading Only,2026-10-03T15:53:00-07:00,2026-10-03T15:53:00-07:00,2026-10-03T22:53:00Z,2026-10-03T22:53:00Z,15459546,49 49TH Avenue/To UBC Exchange,1,0,https://gtfs-static.translink.ca/gtfs/google_transit.zip
26SEP_20260925,20260907,20270103,2026-10-03,saturday,49,toward_ubc,arrival,12600,60358,UBC Exchange @ Unloading Only,2026-10-03T16:03:00-07:00,2026-10-03T16:03:00-07:00,2026-10-03T23:03:00Z,2026-10-03T23:03:00Z,15459547,49 49TH Avenue/To UBC Exchange,1,0,https://gtfs-static.translink.ca/gtfs/google_transit.zip
26SEP_20260925,20260907,20270103,2026-10-03,saturday,49,toward_ubc,arrival,12600,60358,UBC Exchange @ Unloading Only,2026-10-03T16:13:00-07:00,2026-10-03T16:13:00-07:00,2026-10-03T23:13:00Z,2026-10-03T23:13:00Z,15459548,49 49TH Avenue/To UBC Exchange,1,0,https://gtfs-static.translink.ca/gtfs/google_transit.zip
26SEP_20260925,20260907,20270103,2026-10-03,saturday,49,toward_ubc,arrival,12600,60358,UBC Exchange @ Unloading Only,2026-10-03T16:23:00-07:00,2026-10-03T16:23:00-07:00,2026-10-03T23:23:00Z,2026-10-03T23:23:00Z,15459549,49 49TH Avenue/To UBC Exchange,1,0,https://gtfs-static.translink.ca/gtfs/google_transit.zip
26SEP_20260925,20260907,20270103,2026-10-03,saturday,49,toward_ubc,arrival,12600,60358,UBC Exchange @ Unloading Only,2026-10-03T16:33:00-07:00,2026-10-03T16:33:00-07:00,2026-10-03T23:33:00Z,2026-10-03T23:33:00Z,15459575,49 49TH Avenue/To UBC Exchange,1,0,https://gtfs-static.translink.ca/gtfs/google_transit.zip
26SEP_20260925,20260907,20270103,2026-10-03,saturday,49,toward_ubc,arrival,12600,60358,UBC Exchange @ Unloading Only,2026-10-03T16:43:00-07:00,2026-10-03T16:43:00-07:00,2026-10-03T23:43:00Z,2026-10-03T23:43:00Z,15459550,49 49TH Avenue/To UBC Exchange,1,0,https://gtfs-static.translink.ca/gtfs/google_transit.zip
26SEP_20260925,20260907,20270103,2026-10-03,saturday,49,toward_ubc,arrival,12600,60358,UBC Exchange @ Unloading Only,2026-10-03T16:53:00-07:00,2026-10-03T16:53:00-07:00,2026-10-03T23:53:00Z,2026-10-03T23:53:00Z,15459551,49 49TH Avenue/To UBC Exchange,1,0,https://gtfs-static.translink.ca/gtfs/google_transit.zip
26SEP_20260925,20260907,20270103,2026-10-03,saturday,49,toward_ubc,arrival,12600,60358,UBC Exchange @ Unloading Only,2026-10-03T17:05:00-07:00,2026-10-03T17:05:00-07:00,2026-10-04T00:05:00Z,2026-10-04T00:05:00Z,15459552,49 49TH Avenue/To UBC Exchange,1,0,https://gtfs-static.translink.ca/gtfs/google_transit.zip
26SEP_20260925,20260907,20270103,2026-10-03,saturday,49,toward_ubc,arrival,12600,60358,UBC Exchange @ Unloading Only,2026-10-03T17:15:00-07:00,2026-10-03T17:15:00-07:00,2026-10-04T00:15:00Z,2026-10-04T00:15:00Z,15459553,49 49TH Avenue/To UBC Exchange,1,0,https://gtfs-static.translink.ca/gtfs/google_transit.zip
26SEP_20260925,20260907,20270103,2026-10-03,saturday,49,toward_ubc,arrival,12600,60358,UBC Exchange @ Unloading Only,2026-10-03T17:25:00-07:00,2026-10-03T17:25:00-07:00,2026-10-04T00:25:00Z,2026-10-04T00:25:00Z,15459554,49 49TH Avenue/To UBC Exchange,1,0,https://gtfs-static.translink.ca/gtfs/google_transit.zip
26SEP_20260925,20260907,20270103,2026-10-03,saturday,49,toward_ubc,arrival,12600,60358,UBC Exchange @ Unloading Only,2026-10-03T17:35:00-07:00,2026-10-03T17:35:00-07:00,2026-10-04T00:35:00Z,2026-10-04T00:35:00Z,15459555,49 49TH Avenue/To UBC Exchange,1,0,https://gtfs-static.translink.ca/gtfs/google_transit.zip
26SEP_20260925,20260907,20270103,2026-10-03,saturday,49,toward_ubc,arrival,12600,60358,UBC Exchange @ Unloading Only,2026-10-03T17:45:00-07:00,2026-10-03T17:45:00-07:00,2026-10-04T00:45:00Z,2026-10-04T00:45:00Z,15459576,49 49TH Avenue/To UBC Exchange,1,0,https://gtfs-static.translink.ca/gtfs/google_transit.zip
26SEP_20260925,20260907,20270103,2026-10-03,saturday,49,toward_ubc,arrival,12600,60358,UBC Exchange @ Unloading Only,2026-10-03T17:56:00-07:00,2026-10-03T17:56:00-07:00,2026-10-04T00:56:00Z,2026-10-04T00:56:00Z,15459556,49 49TH Avenue/To UBC Exchange,1,0,https://gtfs-static.translink.ca/gtfs/google_transit.zip
26SEP_20260925,20260907,20270103,2026-10-03,saturday,49,toward_ubc,arrival,12600,60358,UBC Exchange @ Unloading Only,2026-10-03T18:06:00-07:00,2026-10-03T18:06:00-07:00,2026-10-04T01:06:00Z,2026-10-04T01:06:00Z,15459557,49 49TH Avenue/To UBC Exchange,1,0,https://gtfs-static.translink.ca/gtfs/google_transit.zip
26SEP_20260925,20260907,20270103,2026-10-03,saturday,49,toward_ubc,arrival,12600,60358,UBC Exchange @ Unloading Only,2026-10-03T18:16:00-07:00,2026-10-03T18:16:00-07:00,2026-10-04T01:16:00Z,2026-10-04T01:16:00Z,15459558,49 49TH Avenue/To UBC Exchange,1,0,https://gtfs-static.translink.ca/gtfs/google_transit.zip
26SEP_20260925,20260907,20270103,2026-10-03,saturday,49,toward_ubc,arrival,12600,60358,UBC Exchange @ Unloading Only,2026-10-03T18:23:00-07:00,2026-10-03T18:23:00-07:00,2026-10-04T01:23:00Z,2026-10-04T01:23:00Z,15459559,49 49TH Avenue/To UBC Exchange,1,0,https://gtfs-static.translink.ca/gtfs/google_transit.zip
26SEP_20260925,20260907,20270103,2026-10-03,saturday,49,toward_ubc,arrival,12600,60358,UBC Exchange @ Unloading Only,2026-10-03T18:33:00-07:00,2026-10-03T18:33:00-07:00,2026-10-04T01:33:00Z,2026-10-04T01:33:00Z,15459560,49 49TH Avenue/To UBC Exchange,1,0,https://gtfs-static.translink.ca/gtfs/google_transit.zip
26SEP_20260925,20260907,20270103,2026-10-03,saturday,49,toward_ubc,arrival,12600,60358,UBC Exchange @ Unloading Only,2026-10-03T18:43:00-07:00,2026-10-03T18:43:00-07:00,2026-10-04T01:43:00Z,2026-10-04T01:43:00Z,15459561,49 49TH Avenue/To UBC Exchange,1,0,https://gtfs-static.translink.ca/gtfs/google_transit.zip
26SEP_20260925,20260907,20270103,2026-10-03,saturday,49,toward_ubc,arrival,12600,60358,UBC Exchange @ Unloading Only,2026-10-03T18:54:00-07:00,2026-10-03T18:54:00-07:00,2026-10-04T01:54:00Z,2026-10-04T01:54:00Z,15459577,49 49TH Avenue/To UBC Exchange,1,0,https://gtfs-static.translink.ca/gtfs/google_transit.zip
26SEP_20260925,20260907,20270103,2026-10-03,saturday,49,toward_ubc,arrival,12600,60358,UBC Exchange @ Unloading Only,2026-10-03T19:06:00-07:00,2026-10-03T19:06:00-07:00,2026-10-04T02:06:00Z,2026-10-04T02:06:00Z,15459562,49 49TH Avenue/To UBC Exchange,1,0,https://gtfs-static.translink.ca/gtfs/google_transit.zip
26SEP_20260925,20260907,20270103,2026-10-03,saturday,49,toward_ubc,arrival,12600,60358,UBC Exchange @ Unloading Only,2026-10-03T19:18:00-07:00,2026-10-03T19:18:00-07:00,2026-10-04T02:18:00Z,2026-10-04T02:18:00Z,15459563,49 49TH Avenue/To UBC Exchange,1,0,https://gtfs-static.translink.ca/gtfs/google_transit.zip
26SEP_20260925,20260907,20270103,2026-10-03,saturday,49,toward_ubc,arrival,12600,60358,UBC Exchange @ Unloading Only,2026-10-03T19:30:00-07:00,2026-10-03T19:30:00-07:00,2026-10-04T02:30:00Z,2026-10-04T02:30:00Z,15459564,49 49TH Avenue/To UBC Exchange,1,0,https://gtfs-static.translink.ca/gtfs/google_transit.zip
26SEP_20260925,20260907,20270103,2026-10-03,saturday,49,toward_ubc,arrival,12600,60358,UBC Exchange @ Unloading Only,2026-10-03T19:42:00-07:00,2026-10-03T19:42:00-07:00,2026-10-04T02:42:00Z,2026-10-04T02:42:00Z,15459565,49 49TH Avenue/To UBC Exchange,1,0,https://gtfs-static.translink.ca/gtfs/google_transit.zip
26SEP_20260925,20260907,20270103,2026-10-03,saturday,49,toward_ubc,arrival,12600,60358,UBC Exchange @ Unloading Only,2026-10-03T19:54:00-07:00,2026-10-03T19:54:00-07:00,2026-10-04T02:54:00Z,2026-10-04T02:54:00Z,15459566,49 49TH Avenue/To UBC Exchange,1,0,https://gtfs-static.translink.ca/gtfs/google_transit.zip
26SEP_20260925,20260907,20270103,2026-10-03,saturday,49,toward_ubc,arrival,12600,60358,UBC Exchange @ Unloading Only,2026-10-03T20:05:00-07:00,2026-10-03T20:05:00-07:00,2026-10-04T03:05:00Z,2026-10-04T03:05:00Z,15459578,49 49TH Avenue/To UBC Exchange,1,0,https://gtfs-static.translink.ca/gtfs/google_transit.zip
26SEP_20260925,20260907,20270103,2026-10-03,saturday,49,toward_ubc,arrival,12600,60358,UBC Exchange @ Unloading Only,2026-10-03T20:17:00-07:00,2026-10-03T20:17:00-07:00,2026-10-04T03:17:00Z,2026-10-04T03:17:00Z,15459567,49 49TH Avenue/To UBC Exchange,1,0,https://gtfs-static.translink.ca/gtfs/google_transit.zip
26SEP_20260925,20260907,20270103,2026-10-03,saturday,49,toward_ubc,arrival,12600,60358,UBC Exchange @ Unloading Only,2026-10-03T20:29:00-07:00,2026-10-03T20:29:00-07:00,2026-10-04T03:29:00Z,2026-10-04T03:29:00Z,15459568,49 49TH Avenue/To UBC Exchange,1,0,https://gtfs-static.translink.ca/gtfs/google_transit.zip
26SEP_20260925,20260907,20270103,2026-10-03,saturday,49,toward_ubc,arrival,12600,60358,UBC Exchange @ Unloading Only,2026-10-03T20:38:00-07:00,2026-10-03T20:38:00-07:00,2026-10-04T03:38:00Z,2026-10-04T03:38:00Z,15459569,49 49TH Avenue/To UBC Exchange,1,0,https://gtfs-static.translink.ca/gtfs/google_transit.zip
26SEP_20260925,20260907,20270103,2026-10-03,saturday,49,toward_ubc,arrival,12600,60358,UBC Exchange @ Unloading Only,2026-10-03T20:50:00-07:00,2026-10-03T20:50:00-07:00,2026-10-04T03:50:00Z,2026-10-04T03:50:00Z,15459579,49 49TH Avenue/To UBC Exchange,1,0,https://gtfs-static.translink.ca/gtfs/google_transit.zip
26SEP_20260925,20260907,20270103,2026-10-03,saturday,49,toward_ubc,arrival,12600,60358,UBC Exchange @ Unloading Only,2026-10-03T21:01:00-07:00,2026-10-03T21:01:00-07:00,2026-10-04T04:01:00Z,2026-10-04T04:01:00Z,15459570,49 49TH Avenue/To UBC Exchange,1,0,https://gtfs-static.translink.ca/gtfs/google_transit.zip
26SEP_20260925,20260907,20270103,2026-10-03,saturday,49,toward_ubc,arrival,12600,60358,UBC Exchange @ Unloading Only,2026-10-03T21:13:00-07:00,2026-10-03T21:13:00-07:00,2026-10-04T04:13:00Z,2026-10-04T04:13:00Z,15459571,49 49TH Avenue/To UBC Exchange,1,0,https://gtfs-static.translink.ca/gtfs/google_transit.zip
26SEP_20260925,20260907,20270103,2026-10-03,saturday,49,toward_ubc,arrival,12600,60358,UBC Exchange @ Unloading Only,2026-10-03T21:28:00-07:00,2026-10-03T21:28:00-07:00,2026-10-04T04:28:00Z,2026-10-04T04:28:00Z,15459572,49 49TH Avenue/To UBC Exchange,1,0,https://gtfs-static.translink.ca/gtfs/google_transit.zip
26SEP_20260925,20260907,20270103,2026-10-03,saturday,49,toward_ubc,arrival,12600,60358,UBC Exchange @ Unloading Only,2026-10-03T21:43:00-07:00,2026-10-03T21:43:00-07:00,2026-10-04T04:43:00Z,2026-10-04T04:43:00Z,15459508,49 49TH Avenue/To UBC Exchange,1,0,https://gtfs-static.translink.ca/gtfs/google_transit.zip
26SEP_20260925,20260907,20270103,2026-10-03,saturday,49,toward_ubc,arrival,12600,60358,UBC Exchange @ Unloading Only,2026-10-03T21:58:00-07:00,2026-10-03T21:58:00-07:00,2026-10-04T04:58:00Z,2026-10-04T04:58:00Z,15459504,49 49TH Avenue/To UBC Exchange,1,0,https://gtfs-static.translink.ca/gtfs/google_transit.zip
26SEP_20260925,20260907,20270103,2026-10-03,saturday,49,toward_ubc,arrival,12600,60358,UBC Exchange @ Unloading Only,2026-10-03T22:13:00-07:00,2026-10-03T22:13:00-07:00,2026-10-04T05:13:00Z,2026-10-04T05:13:00Z,15459499,49 49TH Avenue/To UBC Exchange,1,0,https://gtfs-static.translink.ca/gtfs/google_transit.zip
26SEP_20260925,20260907,20270103,2026-10-03,saturday,49,toward_ubc,arrival,12600,60358,UBC Exchange @ Unloading Only,2026-10-03T22:33:00-07:00,2026-10-03T22:33:00-07:00,2026-10-04T05:33:00Z,2026-10-04T05:33:00Z,15459497,49 49TH Avenue/To UBC Exchange,1,0,https://gtfs-static.translink.ca/gtfs/google_transit.zip
26SEP_20260925,20260907,20270103,2026-10-03,saturday,49,toward_ubc,arrival,12600,60358,UBC Exchange @ Unloading Only,2026-10-03T22:53:00-07:00,2026-10-03T22:53:00-07:00,2026-10-04T05:53:00Z,2026-10-04T05:53:00Z,15459501,49 49TH Avenue/To UBC Exchange,1,0,https://gtfs-static.translink.ca/gtfs/google_transit.zip
26SEP_20260925,20260907,20270103,2026-10-03,saturday,49,toward_ubc,arrival,12600,60358,UBC Exchange @ Unloading Only,2026-10-03T23:13:00-07:00,2026-10-03T23:13:00-07:00,2026-10-04T06:13:00Z,2026-10-04T06:13:00Z,15459500,49 49TH Avenue/To UBC Exchange,1,0,https://gtfs-static.translink.ca/gtfs/google_transit.zip
26SEP_20260925,20260907,20270103,2026-10-03,saturday,49,toward_ubc,arrival,12600,60358,UBC Exchange @ Unloading Only,2026-10-03T23:33:00-07:00,2026-10-03T23:33:00-07:00,2026-10-04T06:33:00Z,2026-10-04T06:33:00Z,15459505,49 49TH Avenue/To UBC Exchange,1,0,https://gtfs-static.translink.ca/gtfs/google_transit.zip
26SEP_20260925,20260907,20270103,2026-10-03,saturday,49,toward_ubc,arrival,12600,60358,UBC Exchange @ Unloading Only,2026-10-03T23:53:00-07:00,2026-10-03T23:53:00-07:00,2026-10-04T06:53:00Z,2026-10-04T06:53:00Z,15459502,49 49TH Avenue/To UBC Exchange,1,0,https://gtfs-static.translink.ca/gtfs/google_transit.zip
26SEP_20260925,20260907,20270103,2026-10-03,saturday,49,toward_ubc,arrival,12600,60358,UBC Exchange @ Unloading Only,2026-10-04T00:06:00-07:00,2026-10-04T00:06:00-07:00,2026-10-04T07:06:00Z,2026-10-04T07:06:00Z,15459506,49 49TH Avenue/To UBC Exchange,1,0,https://gtfs-static.translink.ca/gtfs/google_transit.zip
26SEP_20260925,20260907,20270103,2026-10-03,saturday,99,away_from_ubc,departure,12057,61935,UBC Exchange @ Bay 7,2026-10-03T06:12:00-07:00,2026-10-03T06:12:00-07:00,2026-10-03T13:12:00Z,2026-10-03T13:12:00Z,15461381,99 Broadway B-Line/To Commercial-Broadway Station,0,0,https://gtfs-static.translink.ca/gtfs/google_transit.zip
26SEP_20260925,20260907,20270103,2026-10-03,saturday,99,away_from_ubc,departure,12057,61935,UBC Exchange @ Bay 7,2026-10-03T06:29:00-07:00,2026-10-03T06:29:00-07:00,2026-10-03T13:29:00Z,2026-10-03T13:29:00Z,15461382,99 Broadway B-Line/To Commercial-Broadway Station,0,0,https://gtfs-static.translink.ca/gtfs/google_transit.zip
26SEP_20260925,20260907,20270103,2026-10-03,saturday,99,away_from_ubc,departure,12057,61935,UBC Exchange @ Bay 7,2026-10-03T06:45:00-07:00,2026-10-03T06:45:00-07:00,2026-10-03T13:45:00Z,2026-10-03T13:45:00Z,15461383,99 Broadway B-Line/To Commercial-Broadway Station,0,0,https://gtfs-static.translink.ca/gtfs/google_transit.zip
26SEP_20260925,20260907,20270103,2026-10-03,saturday,99,away_from_ubc,departure,12057,61935,UBC Exchange @ Bay 7,2026-10-03T07:01:00-07:00,2026-10-03T07:01:00-07:00,2026-10-03T14:01:00Z,2026-10-03T14:01:00Z,15461384,99 Broadway B-Line/To Commercial-Broadway Station,0,0,https://gtfs-static.translink.ca/gtfs/google_transit.zip
26SEP_20260925,20260907,20270103,2026-10-03,saturday,99,away_from_ubc,departure,12057,61935,UBC Exchange @ Bay 7,2026-10-03T07:14:00-07:00,2026-10-03T07:14:00-07:00,2026-10-03T14:14:00Z,2026-10-03T14:14:00Z,15461385,99 Broadway B-Line/To Commercial-Broadway Station,0,0,https://gtfs-static.translink.ca/gtfs/google_transit.zip
26SEP_20260925,20260907,20270103,2026-10-03,saturday,99,away_from_ubc,departure,12057,61935,UBC Exchange @ Bay 7,2026-10-03T07:24:00-07:00,2026-10-03T07:24:00-07:00,2026-10-03T14:24:00Z,2026-10-03T14:24:00Z,15461386,99 Broadway B-Line/To Commercial-Broadway Station,0,0,https://gtfs-static.translink.ca/gtfs/google_transit.zip
26SEP_20260925,20260907,20270103,2026-10-03,saturday,99,away_from_ubc,departure,12057,61935,UBC Exchange @ Bay 7,2026-10-03T07:34:00-07:00,2026-10-03T07:34:00-07:00,2026-10-03T14:34:00Z,2026-10-03T14:34:00Z,15461387,99 Broadway B-Line/To Commercial-Broadway Station,0,0,https://gtfs-static.translink.ca/gtfs/google_transit.zip
26SEP_20260925,20260907,20270103,2026-10-03,saturday,99,away_from_ubc,departure,12057,61935,UBC Exchange @ Bay 7,2026-10-03T07:44:00-07:00,2026-10-03T07:44:00-07:00,2026-10-03T14:44:00Z,2026-10-03T14:44:00Z,15461388,99 Broadway B-Line/To Commercial-Broadway Station,0,0,https://gtfs-static.translink.ca/gtfs/google_transit.zip
26SEP_20260925,20260907,20270103,2026-10-03,saturday,99,away_from_ubc,departure,12057,61935,UBC Exchange @ Bay 7,2026-10-03T07:54:00-07:00,2026-10-03T07:54:00-07:00,2026-10-03T14:54:00Z,2026-10-03T14:54:00Z,15461389,99 Broadway B-Line/To Commercial-Broadway Station,0,0,https://gtfs-static.translink.ca/gtfs/google_transit.zip
26SEP_20260925,20260907,20270103,2026-10-03,saturday,99,away_from_ubc,departure,12057,61935,UBC Exchange @ Bay 7,2026-10-03T08:05:00-07:00,2026-10-03T08:05:00-07:00,2026-10-03T15:05:00Z,2026-10-03T15:05:00Z,15461390,99 Broadway B-Line/To Commercial-Broadway Station,0,0,https://gtfs-static.translink.ca/gtfs/google_transit.zip
26SEP_20260925,20260907,20270103,2026-10-03,saturday,99,away_from_ubc,departure,12057,61935,UBC Exchange @ Bay 7,2026-10-03T08:16:00-07:00,2026-10-03T08:16:00-07:00,2026-10-03T15:16:00Z,2026-10-03T15:16:00Z,15461391,99 Broadway B-Line/To Commercial-Broadway Station,0,0,https://gtfs-static.translink.ca/gtfs/google_transit.zip
26SEP_20260925,20260907,20270103,2026-10-03,saturday,99,away_from_ubc,departure,12057,61935,UBC Exchange @ Bay 7,2026-10-03T08:26:00-07:00,2026-10-03T08:26:00-07:00,2026-10-03T15:26:00Z,2026-10-03T15:26:00Z,15461392,99 Broadway B-Line/To Commercial-Broadway Station,0,0,https://gtfs-static.translink.ca/gtfs/google_transit.zip
26SEP_20260925,20260907,20270103,2026-10-03,saturday,99,away_from_ubc,departure,12057,61935,UBC Exchange @ Bay 7,2026-10-03T08:36:00-07:00,2026-10-03T08:36:00-07:00,2026-10-03T15:36:00Z,2026-10-03T15:36:00Z,15461393,99 Broadway B-Line/To Commercial-Broadway Station,0,0,https://gtfs-static.translink.ca/gtfs/google_transit.zip
26SEP_20260925,20260907,20270103,2026-10-03,saturday,99,away_from_ubc,departure,12057,61935,UBC Exchange @ Bay 7,2026-10-03T08:47:00-07:00,2026-10-03T08:47:00-07:00,2026-10-03T15:47:00Z,2026-10-03T15:47:00Z,15461394,99 Broadway B-Line/To Commercial-Broadway Station,0,0,https://gtfs-static.translink.ca/gtfs/google_transit.zip
26SEP_20260925,20260907,20270103,2026-10-03,saturday,99,away_from_ubc,departure,12057,61935,UBC Exchange @ Bay 7,2026-10-03T08:57:00-07:00,2026-10-03T08:57:00-07:00,2026-10-03T15:57:00Z,2026-10-03T15:57:00Z,15461395,99 Broadway B-Line/To Commercial-Broadway Station,0,0,https://gtfs-static.translink.ca/gtfs/google_transit.zip
26SEP_20260925,20260907,20270103,2026-10-03,saturday,99,away_from_ubc,departure,12057,61935,UBC Exchange @ Bay 7,2026-10-03T09:07:00-07:00,2026-10-03T09:07:00-07:00,2026-10-03T16:07:00Z,2026-10-03T16:07:00Z,15461396,99 Broadway B-Line/To Commercial-Broadway Station,0,0,https://gtfs-static.translink.ca/gtfs/google_transit.zip
26SEP_20260925,20260907,20270103,2026-10-03,saturday,99,away_from_ubc,departure,12057,61935,UBC Exchange @ Bay 7,2026-10-03T09:15:00-07:00,2026-10-03T09:15:00-07:00,2026-10-03T16:15:00Z,2026-10-03T16:15:00Z,15461397,99 Broadway B-Line/To Commercial-Broadway Station,0,0,https://gtfs-static.translink.ca/gtfs/google_transit.zip
26SEP_20260925,20260907,20270103,2026-10-03,saturday,99,away_from_ubc,departure,12057,61935,UBC Exchange @ Bay 7,2026-10-03T09:21:00-07:00,2026-10-03T09:21:00-07:00,2026-10-03T16:21:00Z,2026-10-03T16:21:00Z,15461398,99 Broadway B-Line/To Commercial-Broadway Station,0,0,https://gtfs-static.translink.ca/gtfs/google_transit.zip
26SEP_20260925,20260907,20270103,2026-10-03,saturday,99,away_from_ubc,departure,12057,61935,UBC Exchange @ Bay 7,2026-10-03T09:30:00-07:00,2026-10-03T09:30:00-07:00,2026-10-03T16:30:00Z,2026-10-03T16:30:00Z,15461399,99 Broadway B-Line/To Commercial-Broadway Station,0,0,https://gtfs-static.translink.ca/gtfs/google_transit.zip
26SEP_20260925,20260907,20270103,2026-10-03,saturday,99,away_from_ubc,departure,12057,61935,UBC Exchange @ Bay 7,2026-10-03T09:38:00-07:00,2026-10-03T09:38:00-07:00,2026-10-03T16:38:00Z,2026-10-03T16:38:00Z,15461400,99 Broadway B-Line/To Commercial-Broadway Station,0,0,https://gtfs-static.translink.ca/gtfs/google_transit.zip
26SEP_20260925,20260907,20270103,2026-10-03,saturday,99,away_from_ubc,departure,12057,61935,UBC Exchange @ Bay 7,2026-10-03T09:44:00-07:00,2026-10-03T09:44:00-07:00,2026-10-03T16:44:00Z,2026-10-03T16:44:00Z,15461401,99 Broadway B-Line/To Commercial-Broadway Station,0,0,https://gtfs-static.translink.ca/gtfs/google_transit.zip
26SEP_20260925,20260907,20270103,2026-10-03,saturday,99,away_from_ubc,departure,12057,61935,UBC Exchange @ Bay 7,2026-10-03T09:50:00-07:00,2026-10-03T09:50:00-07:00,2026-10-03T16:50:00Z,2026-10-03T16:50:00Z,15461402,99 Broadway B-Line/To Commercial-Broadway Station,0,0,https://gtfs-static.translink.ca/gtfs/google_transit.zip
26SEP_20260925,20260907,20270103,2026-10-03,saturday,99,away_from_ubc,departure,12057,61935,UBC Exchange @ Bay 7,2026-10-03T09:56:00-07:00,2026-10-03T09:56:00-07:00,2026-10-03T16:56:00Z,2026-10-03T16:56:00Z,15461403,99 Broadway B-Line/To Commercial-Broadway Station,0,0,https://gtfs-static.translink.ca/gtfs/google_transit.zip
26SEP_20260925,20260907,20270103,2026-10-03,saturday,99,away_from_ubc,departure,12057,61935,UBC Exchange @ Bay 7,2026-10-03T10:03:00-07:00,2026-10-03T10:03:00-07:00,2026-10-03T17:03:00Z,2026-10-03T17:03:00Z,15461404,99 Broadway B-Line/To Commercial-Broadway Station,0,0,https://gtfs-static.translink.ca/gtfs/google_transit.zip
26SEP_20260925,20260907,20270103,2026-10-03,saturday,99,away_from_ubc,departure,12057,61935,UBC Exchange @ Bay 7,2026-10-03T10:10:00-07:00,2026-10-03T10:10:00-07:00,2026-10-03T17:10:00Z,2026-10-03T17:10:00Z,15461405,99 Broadway B-Line/To Commercial-Broadway Station,0,0,https://gtfs-static.translink.ca/gtfs/google_transit.zip
26SEP_20260925,20260907,20270103,2026-10-03,saturday,99,away_from_ubc,departure,12057,61935,UBC Exchange @ Bay 7,2026-10-03T10:18:00-07:00,2026-10-03T10:18:00-07:00,2026-10-03T17:18:00Z,2026-10-03T17:18:00Z,15461406,99 Broadway B-Line/To Commercial-Broadway Station,0,0,https://gtfs-static.translink.ca/gtfs/google_transit.zip
26SEP_20260925,20260907,20270103,2026-10-03,saturday,99,away_from_ubc,departure,12057,61935,UBC Exchange @ Bay 7,2026-10-03T10:25:00-07:00,2026-10-03T10:25:00-07:00,2026-10-03T17:25:00Z,2026-10-03T17:25:00Z,15461407,99 Broadway B-Line/To Commercial-Broadway Station,0,0,https://gtfs-static.translink.ca/gtfs/google_transit.zip
26SEP_20260925,20260907,20270103,2026-10-03,saturday,99,away_from_ubc,departure,12057,61935,UBC Exchange @ Bay 7,2026-10-03T10:33:00-07:00,2026-10-03T10:33:00-07:00,2026-10-03T17:33:00Z,2026-10-03T17:33:00Z,15461408,99 Broadway B-Line/To Commercial-Broadway Station,0,0,https://gtfs-static.translink.ca/gtfs/google_transit.zip
26SEP_20260925,20260907,20270103,2026-10-03,saturday,99,away_from_ubc,departure,12057,61935,UBC Exchange @ Bay 7,2026-10-03T10:40:00-07:00,2026-10-03T10:40:00-07:00,2026-10-03T17:40:00Z,2026-10-03T17:40:00Z,15461409,99 Broadway B-Line/To Commercial-Broadway Station,0,0,https://gtfs-static.translink.ca/gtfs/google_transit.zip
26SEP_20260925,20260907,20270103,2026-10-03,saturday,99,away_from_ubc,departure,12057,61935,UBC Exchange @ Bay 7,2026-10-03T10:49:00-07:00,2026-10-03T10:49:00-07:00,2026-10-03T17:49:00Z,2026-10-03T17:49:00Z,15461410,99 Broadway B-Line/To Commercial-Broadway Station,0,0,https://gtfs-static.translink.ca/gtfs/google_transit.zip
26SEP_20260925,20260907,20270103,2026-10-03,saturday,99,away_from_ubc,departure,12057,61935,UBC Exchange @ Bay 7,2026-10-03T10:57:00-07:00,2026-10-03T10:57:00-07:00,2026-10-03T17:57:00Z,2026-10-03T17:57:00Z,15461411,99 Broadway B-Line/To Commercial-Broadway Station,0,0,https://gtfs-static.translink.ca/gtfs/google_transit.zip
26SEP_20260925,20260907,20270103,2026-10-03,saturday,99,away_from_ubc,departure,12057,61935,UBC Exchange @ Bay 7,2026-10-03T11:05:00-07:00,2026-10-03T11:05:00-07:00,2026-10-03T18:05:00Z,2026-10-03T18:05:00Z,15461412,99 Broadway B-Line/To Commercial-Broadway Station,0,0,https://gtfs-static.translink.ca/gtfs/google_transit.zip
26SEP_20260925,20260907,20270103,2026-10-03,saturday,99,away_from_ubc,departure,12057,61935,UBC Exchange @ Bay 7,2026-10-03T11:13:00-07:00,2026-10-03T11:13:00-07:00,2026-10-03T18:13:00Z,2026-10-03T18:13:00Z,15461413,99 Broadway B-Line/To Commercial-Broadway Station,0,0,https://gtfs-static.translink.ca/gtfs/google_transit.zip
26SEP_20260925,20260907,20270103,2026-10-03,saturday,99,away_from_ubc,departure,12057,61935,UBC Exchange @ Bay 7,2026-10-03T11:22:00-07:00,2026-10-03T11:22:00-07:00,2026-10-03T18:22:00Z,2026-10-03T18:22:00Z,15461414,99 Broadway B-Line/To Commercial-Broadway Station,0,0,https://gtfs-static.translink.ca/gtfs/google_transit.zip
26SEP_20260925,20260907,20270103,2026-10-03,saturday,99,away_from_ubc,departure,12057,61935,UBC Exchange @ Bay 7,2026-10-03T11:28:00-07:00,2026-10-03T11:28:00-07:00,2026-10-03T18:28:00Z,2026-10-03T18:28:00Z,15461415,99 Broadway B-Line/To Commercial-Broadway Station,0,0,https://gtfs-static.translink.ca/gtfs/google_transit.zip
26SEP_20260925,20260907,20270103,2026-10-03,saturday,99,away_from_ubc,departure,12057,61935,UBC Exchange @ Bay 7,2026-10-03T11:36:00-07:00,2026-10-03T11:36:00-07:00,2026-10-03T18:36:00Z,2026-10-03T18:36:00Z,15461416,99 Broadway B-Line/To Commercial-Broadway Station,0,0,https://gtfs-static.translink.ca/gtfs/google_transit.zip
26SEP_20260925,20260907,20270103,2026-10-03,saturday,99,away_from_ubc,departure,12057,61935,UBC Exchange @ Bay 7,2026-10-03T11:44:00-07:00,2026-10-03T11:44:00-07:00,2026-10-03T18:44:00Z,2026-10-03T18:44:00Z,15461417,99 Broadway B-Line/To Commercial-Broadway Station,0,0,https://gtfs-static.translink.ca/gtfs/google_transit.zip
26SEP_20260925,20260907,20270103,2026-10-03,saturday,99,away_from_ubc,departure,12057,61935,UBC Exchange @ Bay 7,2026-10-03T11:52:00-07:00,2026-10-03T11:52:00-07:00,2026-10-03T18:52:00Z,2026-10-03T18:52:00Z,15461418,99 Broadway B-Line/To Commercial-Broadway Station,0,0,https://gtfs-static.translink.ca/gtfs/google_transit.zip
26SEP_20260925,20260907,20270103,2026-10-03,saturday,99,away_from_ubc,departure,12057,61935,UBC Exchange @ Bay 7,2026-10-03T11:59:00-07:00,2026-10-03T11:59:00-07:00,2026-10-03T18:59:00Z,2026-10-03T18:59:00Z,15461419,99 Broadway B-Line/To Commercial-Broadway Station,0,0,https://gtfs-static.translink.ca/gtfs/google_transit.zip
26SEP_20260925,20260907,20270103,2026-10-03,saturday,99,away_from_ubc,departure,12057,61935,UBC Exchange @ Bay 7,2026-10-03T12:06:00-07:00,2026-10-03T12:06:00-07:00,2026-10-03T19:06:00Z,2026-10-03T19:06:00Z,15461420,99 Broadway B-Line/To Commercial-Broadway Station,0,0,https://gtfs-static.translink.ca/gtfs/google_transit.zip
26SEP_20260925,20260907,20270103,2026-10-03,saturday,99,away_from_ubc,departure,12057,61935,UBC Exchange @ Bay 7,2026-10-03T12:13:00-07:00,2026-10-03T12:13:00-07:00,2026-10-03T19:13:00Z,2026-10-03T19:13:00Z,15461421,99 Broadway B-Line/To Commercial-Broadway Station,0,0,https://gtfs-static.translink.ca/gtfs/google_transit.zip
26SEP_20260925,20260907,20270103,2026-10-03,saturday,99,away_from_ubc,departure,12057,61935,UBC Exchange @ Bay 7,2026-10-03T12:20:00-07:00,2026-10-03T12:20:00-07:00,2026-10-03T19:20:00Z,2026-10-03T19:20:00Z,15461422,99 Broadway B-Line/To Commercial-Broadway Station,0,0,https://gtfs-static.translink.ca/gtfs/google_transit.zip
26SEP_20260925,20260907,20270103,2026-10-03,saturday,99,away_from_ubc,departure,12057,61935,UBC Exchange @ Bay 7,2026-10-03T12:27:00-07:00,2026-10-03T12:27:00-07:00,2026-10-03T19:27:00Z,2026-10-03T19:27:00Z,15461423,99 Broadway B-Line/To Commercial-Broadway Station,0,0,https://gtfs-static.translink.ca/gtfs/google_transit.zip
26SEP_20260925,20260907,20270103,2026-10-03,saturday,99,away_from_ubc,departure,12057,61935,UBC Exchange @ Bay 7,2026-10-03T12:35:00-07:00,2026-10-03T12:35:00-07:00,2026-10-03T19:35:00Z,2026-10-03T19:35:00Z,15461424,99 Broadway B-Line/To Commercial-Broadway Station,0,0,https://gtfs-static.translink.ca/gtfs/google_transit.zip
26SEP_20260925,20260907,20270103,2026-10-03,saturday,99,away_from_ubc,departure,12057,61935,UBC Exchange @ Bay 7,2026-10-03T12:42:00-07:00,2026-10-03T12:42:00-07:00,2026-10-03T19:42:00Z,2026-10-03T19:42:00Z,15461425,99 Broadway B-Line/To Commercial-Broadway Station,0,0,https://gtfs-static.translink.ca/gtfs/google_transit.zip
26SEP_20260925,20260907,20270103,2026-10-03,saturday,99,away_from_ubc,departure,12057,61935,UBC Exchange @ Bay 7,2026-10-03T12:49:00-07:00,2026-10-03T12:49:00-07:00,2026-10-03T19:49:00Z,2026-10-03T19:49:00Z,15461426,99 Broadway B-Line/To Commercial-Broadway Station,0,0,https://gtfs-static.translink.ca/gtfs/google_transit.zip
26SEP_20260925,20260907,20270103,2026-10-03,saturday,99,away_from_ubc,departure,12057,61935,UBC Exchange @ Bay 7,2026-10-03T12:55:00-07:00,2026-10-03T12:55:00-07:00,2026-10-03T19:55:00Z,2026-10-03T19:55:00Z,15461427,99 Broadway B-Line/To Commercial-Broadway Station,0,0,https://gtfs-static.translink.ca/gtfs/google_transit.zip
26SEP_20260925,20260907,20270103,2026-10-03,saturday,99,away_from_ubc,departure,12057,61935,UBC Exchange @ Bay 7,2026-10-03T13:02:00-07:00,2026-10-03T13:02:00-07:00,2026-10-03T20:02:00Z,2026-10-03T20:02:00Z,15461428,99 Broadway B-Line/To Commercial-Broadway Station,0,0,https://gtfs-static.translink.ca/gtfs/google_transit.zip
26SEP_20260925,20260907,20270103,2026-10-03,saturday,99,away_from_ubc,departure,12057,61935,UBC Exchange @ Bay 7,2026-10-03T13:08:00-07:00,2026-10-03T13:08:00-07:00,2026-10-03T20:08:00Z,2026-10-03T20:08:00Z,15461429,99 Broadway B-Line/To Commercial-Broadway Station,0,0,https://gtfs-static.translink.ca/gtfs/google_transit.zip
26SEP_20260925,20260907,20270103,2026-10-03,saturday,99,away_from_ubc,departure,12057,61935,UBC Exchange @ Bay 7,2026-10-03T13:14:00-07:00,2026-10-03T13:14:00-07:00,2026-10-03T20:14:00Z,2026-10-03T20:14:00Z,15461430,99 Broadway B-Line/To Commercial-Broadway Station,0,0,https://gtfs-static.translink.ca/gtfs/google_transit.zip
26SEP_20260925,20260907,20270103,2026-10-03,saturday,99,away_from_ubc,departure,12057,61935,UBC Exchange @ Bay 7,2026-10-03T13:21:00-07:00,2026-10-03T13:21:00-07:00,2026-10-03T20:21:00Z,2026-10-03T20:21:00Z,15461431,99 Broadway B-Line/To Commercial-Broadway Station,0,0,https://gtfs-static.translink.ca/gtfs/google_transit.zip
26SEP_20260925,20260907,20270103,2026-10-03,saturday,99,away_from_ubc,departure,12057,61935,UBC Exchange @ Bay 7,2026-10-03T13:28:00-07:00,2026-10-03T13:28:00-07:00,2026-10-03T20:28:00Z,2026-10-03T20:28:00Z,15461432,99 Broadway B-Line/To Commercial-Broadway Station,0,0,https://gtfs-static.translink.ca/gtfs/google_transit.zip
26SEP_20260925,20260907,20270103,2026-10-03,saturday,99,away_from_ubc,departure,12057,61935,UBC Exchange @ Bay 7,2026-10-03T13:34:00-07:00,2026-10-03T13:34:00-07:00,2026-10-03T20:34:00Z,2026-10-03T20:34:00Z,15461433,99 Broadway B-Line/To Commercial-Broadway Station,0,0,https://gtfs-static.translink.ca/gtfs/google_transit.zip
26SEP_20260925,20260907,20270103,2026-10-03,saturday,99,away_from_ubc,departure,12057,61935,UBC Exchange @ Bay 7,2026-10-03T13:40:00-07:00,2026-10-03T13:40:00-07:00,2026-10-03T20:40:00Z,2026-10-03T20:40:00Z,15461434,99 Broadway B-Line/To Commercial-Broadway Station,0,0,https://gtfs-static.translink.ca/gtfs/google_transit.zip
26SEP_20260925,20260907,20270103,2026-10-03,saturday,99,away_from_ubc,departure,12057,61935,UBC Exchange @ Bay 7,2026-10-03T13:46:00-07:00,2026-10-03T13:46:00-07:00,2026-10-03T20:46:00Z,2026-10-03T20:46:00Z,15461435,99 Broadway B-Line/To Commercial-Broadway Station,0,0,https://gtfs-static.translink.ca/gtfs/google_transit.zip
26SEP_20260925,20260907,20270103,2026-10-03,saturday,99,away_from_ubc,departure,12057,61935,UBC Exchange @ Bay 7,2026-10-03T13:52:00-07:00,2026-10-03T13:52:00-07:00,2026-10-03T20:52:00Z,2026-10-03T20:52:00Z,15461436,99 Broadway B-Line/To Commercial-Broadway Station,0,0,https://gtfs-static.translink.ca/gtfs/google_transit.zip
26SEP_20260925,20260907,20270103,2026-10-03,saturday,99,away_from_ubc,departure,12057,61935,UBC Exchange @ Bay 7,2026-10-03T13:58:00-07:00,2026-10-03T13:58:00-07:00,2026-10-03T20:58:00Z,2026-10-03T20:58:00Z,15461437,99 Broadway B-Line/To Commercial-Broadway Station,0,0,https://gtfs-static.translink.ca/gtfs/google_transit.zip
26SEP_20260925,20260907,20270103,2026-10-03,saturday,99,away_from_ubc,departure,12057,61935,UBC Exchange @ Bay 7,2026-10-03T14:06:00-07:00,2026-10-03T14:06:00-07:00,2026-10-03T21:06:00Z,2026-10-03T21:06:00Z,15461438,99 Broadway B-Line/To Commercial-Broadway Station,0,0,https://gtfs-static.translink.ca/gtfs/google_transit.zip
26SEP_20260925,20260907,20270103,2026-10-03,saturday,99,away_from_ubc,departure,12057,61935,UBC Exchange @ Bay 7,2026-10-03T14:11:00-07:00,2026-10-03T14:11:00-07:00,2026-10-03T21:11:00Z,2026-10-03T21:11:00Z,15461439,99 Broadway B-Line/To Commercial-Broadway Station,0,0,https://gtfs-static.translink.ca/gtfs/google_transit.zip
26SEP_20260925,20260907,20270103,2026-10-03,saturday,99,away_from_ubc,departure,12057,61935,UBC Exchange @ Bay 7,2026-10-03T14:17:00-07:00,2026-10-03T14:17:00-07:00,2026-10-03T21:17:00Z,2026-10-03T21:17:00Z,15461440,99 Broadway B-Line/To Commercial-Broadway Station,0,0,https://gtfs-static.translink.ca/gtfs/google_transit.zip
26SEP_20260925,20260907,20270103,2026-10-03,saturday,99,away_from_ubc,departure,12057,61935,UBC Exchange @ Bay 7,2026-10-03T14:24:00-07:00,2026-10-03T14:24:00-07:00,2026-10-03T21:24:00Z,2026-10-03T21:24:00Z,15461441,99 Broadway B-Line/To Commercial-Broadway Station,0,0,https://gtfs-static.translink.ca/gtfs/google_transit.zip
26SEP_20260925,20260907,20270103,2026-10-03,saturday,99,away_from_ubc,departure,12057,61935,UBC Exchange @ Bay 7,2026-10-03T14:30:00-07:00,2026-10-03T14:30:00-07:00,2026-10-03T21:30:00Z,2026-10-03T21:30:00Z,15461442,99 Broadway B-Line/To Commercial-Broadway Station,0,0,https://gtfs-static.translink.ca/gtfs/google_transit.zip
26SEP_20260925,20260907,20270103,2026-10-03,saturday,99,away_from_ubc,departure,12057,61935,UBC Exchange @ Bay 7,2026-10-03T14:36:00-07:00,2026-10-03T14:36:00-07:00,2026-10-03T21:36:00Z,2026-10-03T21:36:00Z,15461443,99 Broadway B-Line/To Commercial-Broadway Station,0,0,https://gtfs-static.translink.ca/gtfs/google_transit.zip
26SEP_20260925,20260907,20270103,2026-10-03,saturday,99,away_from_ubc,departure,12057,61935,UBC Exchange @ Bay 7,2026-10-03T14:42:00-07:00,2026-10-03T14:42:00-07:00,2026-10-03T21:42:00Z,2026-10-03T21:42:00Z,15461444,99 Broadway B-Line/To Commercial-Broadway Station,0,0,https://gtfs-static.translink.ca/gtfs/google_transit.zip
26SEP_20260925,20260907,20270103,2026-10-03,saturday,99,away_from_ubc,departure,12057,61935,UBC Exchange @ Bay 7,2026-10-03T14:48:00-07:00,2026-10-03T14:48:00-07:00,2026-10-03T21:48:00Z,2026-10-03T21:48:00Z,15461445,99 Broadway B-Line/To Commercial-Broadway Station,0,0,https://gtfs-static.translink.ca/gtfs/google_transit.zip
26SEP_20260925,20260907,20270103,2026-10-03,saturday,99,away_from_ubc,departure,12057,61935,UBC Exchange @ Bay 7,2026-10-03T14:54:00-07:00,2026-10-03T14:54:00-07:00,2026-10-03T21:54:00Z,2026-10-03T21:54:00Z,15461446,99 Broadway B-Line/To Commercial-Broadway Station,0,0,https://gtfs-static.translink.ca/gtfs/google_transit.zip
26SEP_20260925,20260907,20270103,2026-10-03,saturday,99,away_from_ubc,departure,12057,61935,UBC Exchange @ Bay 7,2026-10-03T15:00:00-07:00,2026-10-03T15:00:00-07:00,2026-10-03T22:00:00Z,2026-10-03T22:00:00Z,15461447,99 Broadway B-Line/To Commercial-Broadway Station,0,0,https://gtfs-static.translink.ca/gtfs/google_transit.zip
26SEP_20260925,20260907,20270103,2026-10-03,saturday,99,away_from_ubc,departure,12057,61935,UBC Exchange @ Bay 7,2026-10-03T15:06:00-07:00,2026-10-03T15:06:00-07:00,2026-10-03T22:06:00Z,2026-10-03T22:06:00Z,15461448,99 Broadway B-Line/To Commercial-Broadway Station,0,0,https://gtfs-static.translink.ca/gtfs/google_transit.zip
26SEP_20260925,20260907,20270103,2026-10-03,saturday,99,away_from_ubc,departure,12057,61935,UBC Exchange @ Bay 7,2026-10-03T15:12:00-07:00,2026-10-03T15:12:00-07:00,2026-10-03T22:12:00Z,2026-10-03T22:12:00Z,15461449,99 Broadway B-Line/To Commercial-Broadway Station,0,0,https://gtfs-static.translink.ca/gtfs/google_transit.zip
26SEP_20260925,20260907,20270103,2026-10-03,saturday,99,away_from_ubc,departure,12057,61935,UBC Exchange @ Bay 7,2026-10-03T15:18:00-07:00,2026-10-03T15:18:00-07:00,2026-10-03T22:18:00Z,2026-10-03T22:18:00Z,15461450,99 Broadway B-Line/To Commercial-Broadway Station,0,0,https://gtfs-static.translink.ca/gtfs/google_transit.zip
26SEP_20260925,20260907,20270103,2026-10-03,saturday,99,away_from_ubc,departure,12057,61935,UBC Exchange @ Bay 7,2026-10-03T15:24:00-07:00,2026-10-03T15:24:00-07:00,2026-10-03T22:24:00Z,2026-10-03T22:24:00Z,15461451,99 Broadway B-Line/To Commercial-Broadway Station,0,0,https://gtfs-static.translink.ca/gtfs/google_transit.zip
26SEP_20260925,20260907,20270103,2026-10-03,saturday,99,away_from_ubc,departure,12057,61935,UBC Exchange @ Bay 7,2026-10-03T15:30:00-07:00,2026-10-03T15:30:00-07:00,2026-10-03T22:30:00Z,2026-10-03T22:30:00Z,15461452,99 Broadway B-Line/To Commercial-Broadway Station,0,0,https://gtfs-static.translink.ca/gtfs/google_transit.zip
26SEP_20260925,20260907,20270103,2026-10-03,saturday,99,away_from_ubc,departure,12057,61935,UBC Exchange @ Bay 7,2026-10-03T15:36:00-07:00,2026-10-03T15:36:00-07:00,2026-10-03T22:36:00Z,2026-10-03T22:36:00Z,15461453,99 Broadway B-Line/To Commercial-Broadway Station,0,0,https://gtfs-static.translink.ca/gtfs/google_transit.zip
26SEP_20260925,20260907,20270103,2026-10-03,saturday,99,away_from_ubc,departure,12057,61935,UBC Exchange @ Bay 7,2026-10-03T15:42:00-07:00,2026-10-03T15:42:00-07:00,2026-10-03T22:42:00Z,2026-10-03T22:42:00Z,15461454,99 Broadway B-Line/To Commercial-Broadway Station,0,0,https://gtfs-static.translink.ca/gtfs/google_transit.zip
26SEP_20260925,20260907,20270103,2026-10-03,saturday,99,away_from_ubc,departure,12057,61935,UBC Exchange @ Bay 7,2026-10-03T15:48:00-07:00,2026-10-03T15:48:00-07:00,2026-10-03T22:48:00Z,2026-10-03T22:48:00Z,15461455,99 Broadway B-Line/To Commercial-Broadway Station,0,0,https://gtfs-static.translink.ca/gtfs/google_transit.zip
26SEP_20260925,20260907,20270103,2026-10-03,saturday,99,away_from_ubc,departure,12057,61935,UBC Exchange @ Bay 7,2026-10-03T15:54:00-07:00,2026-10-03T15:54:00-07:00,2026-10-03T22:54:00Z,2026-10-03T22:54:00Z,15461456,99 Broadway B-Line/To Commercial-Broadway Station,0,0,https://gtfs-static.translink.ca/gtfs/google_transit.zip
26SEP_20260925,20260907,20270103,2026-10-03,saturday,99,away_from_ubc,departure,12057,61935,UBC Exchange @ Bay 7,2026-10-03T16:00:00-07:00,2026-10-03T16:00:00-07:00,2026-10-03T23:00:00Z,2026-10-03T23:00:00Z,15461457,99 Broadway B-Line/To Commercial-Broadway Station,0,0,https://gtfs-static.translink.ca/gtfs/google_transit.zip
26SEP_20260925,20260907,20270103,2026-10-03,saturday,99,away_from_ubc,departure,12057,61935,UBC Exchange @ Bay 7,2026-10-03T16:06:00-07:00,2026-10-03T16:06:00-07:00,2026-10-03T23:06:00Z,2026-10-03T23:06:00Z,15461458,99 Broadway B-Line/To Commercial-Broadway Station,0,0,https://gtfs-static.translink.ca/gtfs/google_transit.zip
26SEP_20260925,20260907,20270103,2026-10-03,saturday,99,away_from_ubc,departure,12057,61935,UBC Exchange @ Bay 7,2026-10-03T16:12:00-07:00,2026-10-03T16:12:00-07:00,2026-10-03T23:12:00Z,2026-10-03T23:12:00Z,15461459,99 Broadway B-Line/To Commercial-Broadway Station,0,0,https://gtfs-static.translink.ca/gtfs/google_transit.zip
26SEP_20260925,20260907,20270103,2026-10-03,saturday,99,away_from_ubc,departure,12057,61935,UBC Exchange @ Bay 7,2026-10-03T16:19:00-07:00,2026-10-03T16:19:00-07:00,2026-10-03T23:19:00Z,2026-10-03T23:19:00Z,15461460,99 Broadway B-Line/To Commercial-Broadway Station,0,0,https://gtfs-static.translink.ca/gtfs/google_transit.zip
26SEP_20260925,20260907,20270103,2026-10-03,saturday,99,away_from_ubc,departure,12057,61935,UBC Exchange @ Bay 7,2026-10-03T16:25:00-07:00,2026-10-03T16:25:00-07:00,2026-10-03T23:25:00Z,2026-10-03T23:25:00Z,15461461,99 Broadway B-Line/To Boundary Loop,0,0,https://gtfs-static.translink.ca/gtfs/google_transit.zip
26SEP_20260925,20260907,20270103,2026-10-03,saturday,99,away_from_ubc,departure,12057,61935,UBC Exchange @ Bay 7,2026-10-03T16:31:00-07:00,2026-10-03T16:31:00-07:00,2026-10-03T23:31:00Z,2026-10-03T23:31:00Z,15461462,99 Broadway B-Line/To Commercial-Broadway Station,0,0,https://gtfs-static.translink.ca/gtfs/google_transit.zip
26SEP_20260925,20260907,20270103,2026-10-03,saturday,99,away_from_ubc,departure,12057,61935,UBC Exchange @ Bay 7,2026-10-03T16:37:00-07:00,2026-10-03T16:37:00-07:00,2026-10-03T23:37:00Z,2026-10-03T23:37:00Z,15461463,99 Broadway B-Line/To Commercial-Broadway Station,0,0,https://gtfs-static.translink.ca/gtfs/google_transit.zip
26SEP_20260925,20260907,20270103,2026-10-03,saturday,99,away_from_ubc,departure,12057,61935,UBC Exchange @ Bay 7,2026-10-03T16:43:00-07:00,2026-10-03T16:43:00-07:00,2026-10-03T23:43:00Z,2026-10-03T23:43:00Z,15461464,99 Broadway B-Line/To Boundary Loop,0,0,https://gtfs-static.translink.ca/gtfs/google_transit.zip
26SEP_20260925,20260907,20270103,2026-10-03,saturday,99,away_from_ubc,departure,12057,61935,UBC Exchange @ Bay 7,2026-10-03T16:49:00-07:00,2026-10-03T16:49:00-07:00,2026-10-03T23:49:00Z,2026-10-03T23:49:00Z,15461465,99 Broadway B-Line/To Commercial-Broadway Station,0,0,https://gtfs-static.translink.ca/gtfs/google_transit.zip
26SEP_20260925,20260907,20270103,2026-10-03,saturday,99,away_from_ubc,departure,12057,61935,UBC Exchange @ Bay 7,2026-10-03T16:55:00-07:00,2026-10-03T16:55:00-07:00,2026-10-03T23:55:00Z,2026-10-03T23:55:00Z,15461466,99 Broadway B-Line/To Commercial-Broadway Station,0,0,https://gtfs-static.translink.ca/gtfs/google_transit.zip
26SEP_20260925,20260907,20270103,2026-10-03,saturday,99,away_from_ubc,departure,12057,61935,UBC Exchange @ Bay 7,2026-10-03T17:01:00-07:00,2026-10-03T17:01:00-07:00,2026-10-04T00:01:00Z,2026-10-04T00:01:00Z,15461467,99 Broadway B-Line/To Boundary Loop,0,0,https://gtfs-static.translink.ca/gtfs/google_transit.zip
26SEP_20260925,20260907,20270103,2026-10-03,saturday,99,away_from_ubc,departure,12057,61935,UBC Exchange @ Bay 7,2026-10-03T17:07:00-07:00,2026-10-03T17:07:00-07:00,2026-10-04T00:07:00Z,2026-10-04T00:07:00Z,15461468,99 Broadway B-Line/To Commercial-Broadway Station,0,0,https://gtfs-static.translink.ca/gtfs/google_transit.zip
26SEP_20260925,20260907,20270103,2026-10-03,saturday,99,away_from_ubc,departure,12057,61935,UBC Exchange @ Bay 7,2026-10-03T17:13:00-07:00,2026-10-03T17:13:00-07:00,2026-10-04T00:13:00Z,2026-10-04T00:13:00Z,15461469,99 Broadway B-Line/To Boundary Loop,0,0,https://gtfs-static.translink.ca/gtfs/google_transit.zip
26SEP_20260925,20260907,20270103,2026-10-03,saturday,99,away_from_ubc,departure,12057,61935,UBC Exchange @ Bay 7,2026-10-03T17:19:00-07:00,2026-10-03T17:19:00-07:00,2026-10-04T00:19:00Z,2026-10-04T00:19:00Z,15461470,99 Broadway B-Line/To Commercial-Broadway Station,0,0,https://gtfs-static.translink.ca/gtfs/google_transit.zip
26SEP_20260925,20260907,20270103,2026-10-03,saturday,99,away_from_ubc,departure,12057,61935,UBC Exchange @ Bay 7,2026-10-03T17:25:00-07:00,2026-10-03T17:25:00-07:00,2026-10-04T00:25:00Z,2026-10-04T00:25:00Z,15461471,99 Broadway B-Line/To Commercial-Broadway Station,0,0,https://gtfs-static.translink.ca/gtfs/google_transit.zip
26SEP_20260925,20260907,20270103,2026-10-03,saturday,99,away_from_ubc,departure,12057,61935,UBC Exchange @ Bay 7,2026-10-03T17:31:00-07:00,2026-10-03T17:31:00-07:00,2026-10-04T00:31:00Z,2026-10-04T00:31:00Z,15461472,99 Broadway B-Line/To Commercial-Broadway Station,0,0,https://gtfs-static.translink.ca/gtfs/google_transit.zip
26SEP_20260925,20260907,20270103,2026-10-03,saturday,99,away_from_ubc,departure,12057,61935,UBC Exchange @ Bay 7,2026-10-03T17:37:00-07:00,2026-10-03T17:37:00-07:00,2026-10-04T00:37:00Z,2026-10-04T00:37:00Z,15461473,99 Broadway B-Line/To Boundary Loop,0,0,https://gtfs-static.translink.ca/gtfs/google_transit.zip
26SEP_20260925,20260907,20270103,2026-10-03,saturday,99,away_from_ubc,departure,12057,61935,UBC Exchange @ Bay 7,2026-10-03T17:43:00-07:00,2026-10-03T17:43:00-07:00,2026-10-04T00:43:00Z,2026-10-04T00:43:00Z,15461474,99 Broadway B-Line/To Commercial-Broadway Station,0,0,https://gtfs-static.translink.ca/gtfs/google_transit.zip
26SEP_20260925,20260907,20270103,2026-10-03,saturday,99,away_from_ubc,departure,12057,61935,UBC Exchange @ Bay 7,2026-10-03T17:49:00-07:00,2026-10-03T17:49:00-07:00,2026-10-04T00:49:00Z,2026-10-04T00:49:00Z,15461475,99 Broadway B-Line/To Boundary Loop,0,0,https://gtfs-static.translink.ca/gtfs/google_transit.zip
26SEP_20260925,20260907,20270103,2026-10-03,saturday,99,away_from_ubc,departure,12057,61935,UBC Exchange @ Bay 7,2026-10-03T17:55:00-07:00,2026-10-03T17:55:00-07:00,2026-10-04T00:55:00Z,2026-10-04T00:55:00Z,15461476,99 Broadway B-Line/To Commercial-Broadway Station,0,0,https://gtfs-static.translink.ca/gtfs/google_transit.zip
26SEP_20260925,20260907,20270103,2026-10-03,saturday,99,away_from_ubc,departure,12057,61935,UBC Exchange @ Bay 7,2026-10-03T18:02:00-07:00,2026-10-03T18:02:00-07:00,2026-10-04T01:02:00Z,2026-10-04T01:02:00Z,15461477,99 Broadway B-Line/To Commercial-Broadway Station,0,0,https://gtfs-static.translink.ca/gtfs/google_transit.zip
26SEP_20260925,20260907,20270103,2026-10-03,saturday,99,away_from_ubc,departure,12057,61935,UBC Exchange @ Bay 7,2026-10-03T18:11:00-07:00,2026-10-03T18:11:00-07:00,2026-10-04T01:11:00Z,2026-10-04T01:11:00Z,15461478,99 Broadway B-Line/To Commercial-Broadway Station,0,0,https://gtfs-static.translink.ca/gtfs/google_transit.zip
26SEP_20260925,20260907,20270103,2026-10-03,saturday,99,away_from_ubc,departure,12057,61935,UBC Exchange @ Bay 7,2026-10-03T18:18:00-07:00,2026-10-03T18:18:00-07:00,2026-10-04T01:18:00Z,2026-10-04T01:18:00Z,15461479,99 Broadway B-Line/To Commercial-Broadway Station,0,0,https://gtfs-static.translink.ca/gtfs/google_transit.zip
26SEP_20260925,20260907,20270103,2026-10-03,saturday,99,away_from_ubc,departure,12057,61935,UBC Exchange @ Bay 7,2026-10-03T18:27:00-07:00,2026-10-03T18:27:00-07:00,2026-10-04T01:27:00Z,2026-10-04T01:27:00Z,15461480,99 Broadway B-Line/To Commercial-Broadway Station,0,0,https://gtfs-static.translink.ca/gtfs/google_transit.zip
26SEP_20260925,20260907,20270103,2026-10-03,saturday,99,away_from_ubc,departure,12057,61935,UBC Exchange @ Bay 7,2026-10-03T18:36:00-07:00,2026-10-03T18:36:00-07:00,2026-10-04T01:36:00Z,2026-10-04T01:36:00Z,15461481,99 Broadway B-Line/To Commercial-Broadway Station,0,0,https://gtfs-static.translink.ca/gtfs/google_transit.zip
26SEP_20260925,20260907,20270103,2026-10-03,saturday,99,away_from_ubc,departure,12057,61935,UBC Exchange @ Bay 7,2026-10-03T18:44:00-07:00,2026-10-03T18:44:00-07:00,2026-10-04T01:44:00Z,2026-10-04T01:44:00Z,15461482,99 Broadway B-Line/To Boundary Loop,0,0,https://gtfs-static.translink.ca/gtfs/google_transit.zip
26SEP_20260925,20260907,20270103,2026-10-03,saturday,99,away_from_ubc,departure,12057,61935,UBC Exchange @ Bay 7,2026-10-03T18:51:00-07:00,2026-10-03T18:51:00-07:00,2026-10-04T01:51:00Z,2026-10-04T01:51:00Z,15461483,99 Broadway B-Line/To Commercial-Broadway Station,0,0,https://gtfs-static.translink.ca/gtfs/google_transit.zip
26SEP_20260925,20260907,20270103,2026-10-03,saturday,99,away_from_ubc,departure,12057,61935,UBC Exchange @ Bay 7,2026-10-03T18:59:00-07:00,2026-10-03T18:59:00-07:00,2026-10-04T01:59:00Z,2026-10-04T01:59:00Z,15461484,99 Broadway B-Line/To Commercial-Broadway Station,0,0,https://gtfs-static.translink.ca/gtfs/google_transit.zip
26SEP_20260925,20260907,20270103,2026-10-03,saturday,99,away_from_ubc,departure,12057,61935,UBC Exchange @ Bay 7,2026-10-03T19:06:00-07:00,2026-10-03T19:06:00-07:00,2026-10-04T02:06:00Z,2026-10-04T02:06:00Z,15461485,99 Broadway B-Line/To Boundary Loop,0,0,https://gtfs-static.translink.ca/gtfs/google_transit.zip
26SEP_20260925,20260907,20270103,2026-10-03,saturday,99,away_from_ubc,departure,12057,61935,UBC Exchange @ Bay 7,2026-10-03T19:14:00-07:00,2026-10-03T19:14:00-07:00,2026-10-04T02:14:00Z,2026-10-04T02:14:00Z,15461486,99 Broadway B-Line/To Commercial-Broadway Station,0,0,https://gtfs-static.translink.ca/gtfs/google_transit.zip
26SEP_20260925,20260907,20270103,2026-10-03,saturday,99,away_from_ubc,departure,12057,61935,UBC Exchange @ Bay 7,2026-10-03T19:21:00-07:00,2026-10-03T19:21:00-07:00,2026-10-04T02:21:00Z,2026-10-04T02:21:00Z,15461487,99 Broadway B-Line/To Commercial-Broadway Station,0,0,https://gtfs-static.translink.ca/gtfs/google_transit.zip
26SEP_20260925,20260907,20270103,2026-10-03,saturday,99,away_from_ubc,departure,12057,61935,UBC Exchange @ Bay 7,2026-10-03T19:29:00-07:00,2026-10-03T19:29:00-07:00,2026-10-04T02:29:00Z,2026-10-04T02:29:00Z,15461488,99 Broadway B-Line/To Boundary Loop,0,0,https://gtfs-static.translink.ca/gtfs/google_transit.zip
26SEP_20260925,20260907,20270103,2026-10-03,saturday,99,away_from_ubc,departure,12057,61935,UBC Exchange @ Bay 7,2026-10-03T19:38:00-07:00,2026-10-03T19:38:00-07:00,2026-10-04T02:38:00Z,2026-10-04T02:38:00Z,15461489,99 Broadway B-Line/To Commercial-Broadway Station,0,0,https://gtfs-static.translink.ca/gtfs/google_transit.zip
26SEP_20260925,20260907,20270103,2026-10-03,saturday,99,away_from_ubc,departure,12057,61935,UBC Exchange @ Bay 7,2026-10-03T19:45:00-07:00,2026-10-03T19:45:00-07:00,2026-10-04T02:45:00Z,2026-10-04T02:45:00Z,15461490,99 Broadway B-Line/To Commercial-Broadway Station,0,0,https://gtfs-static.translink.ca/gtfs/google_transit.zip
26SEP_20260925,20260907,20270103,2026-10-03,saturday,99,away_from_ubc,departure,12057,61935,UBC Exchange @ Bay 7,2026-10-03T19:53:00-07:00,2026-10-03T19:53:00-07:00,2026-10-04T02:53:00Z,2026-10-04T02:53:00Z,15461491,99 Broadway B-Line/To Commercial-Broadway Station,0,0,https://gtfs-static.translink.ca/gtfs/google_transit.zip
26SEP_20260925,20260907,20270103,2026-10-03,saturday,99,away_from_ubc,departure,12057,61935,UBC Exchange @ Bay 7,2026-10-03T20:03:00-07:00,2026-10-03T20:03:00-07:00,2026-10-04T03:03:00Z,2026-10-04T03:03:00Z,15461492,99 Broadway B-Line/To Commercial-Broadway Station,0,0,https://gtfs-static.translink.ca/gtfs/google_transit.zip
26SEP_20260925,20260907,20270103,2026-10-03,saturday,99,away_from_ubc,departure,12057,61935,UBC Exchange @ Bay 7,2026-10-03T20:13:00-07:00,2026-10-03T20:13:00-07:00,2026-10-04T03:13:00Z,2026-10-04T03:13:00Z,15461493,99 Broadway B-Line/To Commercial-Broadway Station,0,0,https://gtfs-static.translink.ca/gtfs/google_transit.zip
26SEP_20260925,20260907,20270103,2026-10-03,saturday,99,away_from_ubc,departure,12057,61935,UBC Exchange @ Bay 7,2026-10-03T20:23:00-07:00,2026-10-03T20:23:00-07:00,2026-10-04T03:23:00Z,2026-10-04T03:23:00Z,15461494,99 Broadway B-Line/To Commercial-Broadway Station,0,0,https://gtfs-static.translink.ca/gtfs/google_transit.zip
26SEP_20260925,20260907,20270103,2026-10-03,saturday,99,away_from_ubc,departure,12057,61935,UBC Exchange @ Bay 7,2026-10-03T20:33:00-07:00,2026-10-03T20:33:00-07:00,2026-10-04T03:33:00Z,2026-10-04T03:33:00Z,15461495,99 Broadway B-Line/To Commercial-Broadway Station,0,0,https://gtfs-static.translink.ca/gtfs/google_transit.zip
26SEP_20260925,20260907,20270103,2026-10-03,saturday,99,away_from_ubc,departure,12057,61935,UBC Exchange @ Bay 7,2026-10-03T20:43:00-07:00,2026-10-03T20:43:00-07:00,2026-10-04T03:43:00Z,2026-10-04T03:43:00Z,15461496,99 Broadway B-Line/To Commercial-Broadway Station,0,0,https://gtfs-static.translink.ca/gtfs/google_transit.zip
26SEP_20260925,20260907,20270103,2026-10-03,saturday,99,away_from_ubc,departure,12057,61935,UBC Exchange @ Bay 7,2026-10-03T20:53:00-07:00,2026-10-03T20:53:00-07:00,2026-10-04T03:53:00Z,2026-10-04T03:53:00Z,15461497,99 Broadway B-Line/To Commercial-Broadway Station,0,0,https://gtfs-static.translink.ca/gtfs/google_transit.zip
26SEP_20260925,20260907,20270103,2026-10-03,saturday,99,away_from_ubc,departure,12057,61935,UBC Exchange @ Bay 7,2026-10-03T21:03:00-07:00,2026-10-03T21:03:00-07:00,2026-10-04T04:03:00Z,2026-10-04T04:03:00Z,15461498,99 Broadway B-Line/To Commercial-Broadway Station,0,0,https://gtfs-static.translink.ca/gtfs/google_transit.zip
26SEP_20260925,20260907,20270103,2026-10-03,saturday,99,away_from_ubc,departure,12057,61935,UBC Exchange @ Bay 7,2026-10-03T21:14:00-07:00,2026-10-03T21:14:00-07:00,2026-10-04T04:14:00Z,2026-10-04T04:14:00Z,15461499,99 Broadway B-Line/To Commercial-Broadway Station,0,0,https://gtfs-static.translink.ca/gtfs/google_transit.zip
26SEP_20260925,20260907,20270103,2026-10-03,saturday,99,away_from_ubc,departure,12057,61935,UBC Exchange @ Bay 7,2026-10-03T21:23:00-07:00,2026-10-03T21:23:00-07:00,2026-10-04T04:23:00Z,2026-10-04T04:23:00Z,15461500,99 Broadway B-Line/To Commercial-Broadway Station,0,0,https://gtfs-static.translink.ca/gtfs/google_transit.zip
26SEP_20260925,20260907,20270103,2026-10-03,saturday,99,away_from_ubc,departure,12057,61935,UBC Exchange @ Bay 7,2026-10-03T21:33:00-07:00,2026-10-03T21:33:00-07:00,2026-10-04T04:33:00Z,2026-10-04T04:33:00Z,15461501,99 Broadway B-Line/To Boundary Loop,0,0,https://gtfs-static.translink.ca/gtfs/google_transit.zip
26SEP_20260925,20260907,20270103,2026-10-03,saturday,99,away_from_ubc,departure,12057,61935,UBC Exchange @ Bay 7,2026-10-03T21:43:00-07:00,2026-10-03T21:43:00-07:00,2026-10-04T04:43:00Z,2026-10-04T04:43:00Z,15461502,99 Broadway B-Line/To Commercial-Broadway Station,0,0,https://gtfs-static.translink.ca/gtfs/google_transit.zip
26SEP_20260925,20260907,20270103,2026-10-03,saturday,99,away_from_ubc,departure,12057,61935,UBC Exchange @ Bay 7,2026-10-03T21:53:00-07:00,2026-10-03T21:53:00-07:00,2026-10-04T04:53:00Z,2026-10-04T04:53:00Z,15461503,99 Broadway B-Line/To Commercial-Broadway Station,0,0,https://gtfs-static.translink.ca/gtfs/google_transit.zip
26SEP_20260925,20260907,20270103,2026-10-03,saturday,99,away_from_ubc,departure,12057,61935,UBC Exchange @ Bay 7,2026-10-03T22:03:00-07:00,2026-10-03T22:03:00-07:00,2026-10-04T05:03:00Z,2026-10-04T05:03:00Z,15461504,99 Broadway B-Line/To Commercial-Broadway Station,0,0,https://gtfs-static.translink.ca/gtfs/google_transit.zip
26SEP_20260925,20260907,20270103,2026-10-03,saturday,99,away_from_ubc,departure,12057,61935,UBC Exchange @ Bay 7,2026-10-03T22:12:00-07:00,2026-10-03T22:12:00-07:00,2026-10-04T05:12:00Z,2026-10-04T05:12:00Z,15461505,99 Broadway B-Line/To Boundary Loop,0,0,https://gtfs-static.translink.ca/gtfs/google_transit.zip
26SEP_20260925,20260907,20270103,2026-10-03,saturday,99,away_from_ubc,departure,12057,61935,UBC Exchange @ Bay 7,2026-10-03T22:21:00-07:00,2026-10-03T22:21:00-07:00,2026-10-04T05:21:00Z,2026-10-04T05:21:00Z,15461506,99 Broadway B-Line/To Commercial-Broadway Station,0,0,https://gtfs-static.translink.ca/gtfs/google_transit.zip
26SEP_20260925,20260907,20270103,2026-10-03,saturday,99,away_from_ubc,departure,12057,61935,UBC Exchange @ Bay 7,2026-10-03T22:32:00-07:00,2026-10-03T22:32:00-07:00,2026-10-04T05:32:00Z,2026-10-04T05:32:00Z,15461507,99 Broadway B-Line/To Commercial-Broadway Station,0,0,https://gtfs-static.translink.ca/gtfs/google_transit.zip
26SEP_20260925,20260907,20270103,2026-10-03,saturday,99,away_from_ubc,departure,12057,61935,UBC Exchange @ Bay 7,2026-10-03T22:43:00-07:00,2026-10-03T22:43:00-07:00,2026-10-04T05:43:00Z,2026-10-04T05:43:00Z,15461508,99 Broadway B-Line/To Commercial-Broadway Station,0,0,https://gtfs-static.translink.ca/gtfs/google_transit.zip
26SEP_20260925,20260907,20270103,2026-10-03,saturday,99,away_from_ubc,departure,12057,61935,UBC Exchange @ Bay 7,2026-10-03T22:55:00-07:00,2026-10-03T22:55:00-07:00,2026-10-04T05:55:00Z,2026-10-04T05:55:00Z,15461509,99 Broadway B-Line/To Commercial-Broadway Station,0,0,https://gtfs-static.translink.ca/gtfs/google_transit.zip
26SEP_20260925,20260907,20270103,2026-10-03,saturday,99,away_from_ubc,departure,12057,61935,UBC Exchange @ Bay 7,2026-10-03T23:07:00-07:00,2026-10-03T23:07:00-07:00,2026-10-04T06:07:00Z,2026-10-04T06:07:00Z,15461510,99 Broadway B-Line/To Commercial-Broadway Station,0,0,https://gtfs-static.translink.ca/gtfs/google_transit.zip
26SEP_20260925,20260907,20270103,2026-10-03,saturday,99,away_from_ubc,departure,12057,61935,UBC Exchange @ Bay 7,2026-10-03T23:19:00-07:00,2026-10-03T23:19:00-07:00,2026-10-04T06:19:00Z,2026-10-04T06:19:00Z,15461511,99 Broadway B-Line/To Boundary Loop,0,0,https://gtfs-static.translink.ca/gtfs/google_transit.zip
26SEP_20260925,20260907,20270103,2026-10-03,saturday,99,away_from_ubc,departure,12057,61935,UBC Exchange @ Bay 7,2026-10-03T23:31:00-07:00,2026-10-03T23:31:00-07:00,2026-10-04T06:31:00Z,2026-10-04T06:31:00Z,15461512,99 Broadway B-Line/To Commercial-Broadway Station,0,0,https://gtfs-static.translink.ca/gtfs/google_transit.zip
26SEP_20260925,20260907,20270103,2026-10-03,saturday,99,away_from_ubc,departure,12057,61935,UBC Exchange @ Bay 7,2026-10-03T23:43:00-07:00,2026-10-03T23:43:00-07:00,2026-10-04T06:43:00Z,2026-10-04T06:43:00Z,15461513,99 Broadway B-Line/To Commercial-Broadway Station,0,0,https://gtfs-static.translink.ca/gtfs/google_transit.zip
26SEP_20260925,20260907,20270103,2026-10-03,saturday,99,away_from_ubc,departure,12057,61935,UBC Exchange @ Bay 7,2026-10-03T23:55:00-07:00,2026-10-03T23:55:00-07:00,2026-10-04T06:55:00Z,2026-10-04T06:55:00Z,15461514,99 Broadway B-Line/To Commercial-Broadway Station,0,0,https://gtfs-static.translink.ca/gtfs/google_transit.zip
26SEP_20260925,20260907,20270103,2026-10-03,saturday,99,away_from_ubc,departure,12057,61935,UBC Exchange @ Bay 7,2026-10-04T00:07:00-07:00,2026-10-04T00:07:00-07:00,2026-10-04T07:07:00Z,2026-10-04T07:07:00Z,15461515,99 Broadway B-Line/To Commercial-Broadway Station,0,0,https://gtfs-static.translink.ca/gtfs/google_transit.zip
26SEP_20260925,20260907,20270103,2026-10-03,saturday,99,away_from_ubc,departure,12057,61935,UBC Exchange @ Bay 7,2026-10-04T00:19:00-07:00,2026-10-04T00:19:00-07:00,2026-10-04T07:19:00Z,2026-10-04T07:19:00Z,15461516,99 Broadway B-Line/To Commercial-Broadway Station,0,0,https://gtfs-static.translink.ca/gtfs/google_transit.zip
26SEP_20260925,20260907,20270103,2026-10-03,saturday,99,away_from_ubc,departure,12057,61935,UBC Exchange @ Bay 7,2026-10-04T00:31:00-07:00,2026-10-04T00:31:00-07:00,2026-10-04T07:31:00Z,2026-10-04T07:31:00Z,15461517,99 Broadway B-Line/To Commercial-Broadway Station,0,0,https://gtfs-static.translink.ca/gtfs/google_transit.zip
26SEP_20260925,20260907,20270103,2026-10-03,saturday,99,away_from_ubc,departure,12057,61935,UBC Exchange @ Bay 7,2026-10-04T00:46:00-07:00,2026-10-04T00:46:00-07:00,2026-10-04T07:46:00Z,2026-10-04T07:46:00Z,15461518,99 Broadway B-Line/To Commercial-Broadway Station,0,0,https://gtfs-static.translink.ca/gtfs/google_transit.zip
26SEP_20260925,20260907,20270103,2026-10-03,saturday,99,away_from_ubc,departure,12057,61935,UBC Exchange @ Bay 7,2026-10-04T01:01:00-07:00,2026-10-04T01:01:00-07:00,2026-10-04T08:01:00Z,2026-10-04T08:01:00Z,15461519,99 Broadway B-Line/To Commercial-Broadway Station,0,0,https://gtfs-static.translink.ca/gtfs/google_transit.zip
26SEP_20260925,20260907,20270103,2026-10-03,saturday,99,away_from_ubc,departure,12057,61935,UBC Exchange @ Bay 7,2026-10-04T01:12:00-07:00,2026-10-04T01:12:00-07:00,2026-10-04T08:12:00Z,2026-10-04T08:12:00Z,15461520,99 Broadway B-Line/To Commercial-Broadway Station,0,0,https://gtfs-static.translink.ca/gtfs/google_transit.zip
26SEP_20260925,20260907,20270103,2026-10-03,saturday,99,away_from_ubc,departure,12057,61935,UBC Exchange @ Bay 7,2026-10-04T01:46:00-07:00,2026-10-04T01:46:00-07:00,2026-10-04T08:46:00Z,2026-10-04T08:46:00Z,15461521,99 Broadway B-Line/To Boundary Loop,0,0,https://gtfs-static.translink.ca/gtfs/google_transit.zip
26SEP_20260925,20260907,20270103,2026-10-03,saturday,99,away_from_ubc,departure,12057,61935,UBC Exchange @ Bay 7,2026-10-04T02:16:00-07:00,2026-10-04T02:16:00-07:00,2026-10-04T09:16:00Z,2026-10-04T09:16:00Z,15461522,99 Broadway B-Line/To Commercial-Broadway Station,0,0,https://gtfs-static.translink.ca/gtfs/google_transit.zip
26SEP_20260925,20260907,20270103,2026-10-03,saturday,99,away_from_ubc,departure,12057,61935,UBC Exchange @ Bay 7,2026-10-04T02:51:00-07:00,2026-10-04T02:51:00-07:00,2026-10-04T09:51:00Z,2026-10-04T09:51:00Z,15461523,99 Broadway B-Line/To Commercial-Broadway Station,0,0,https://gtfs-static.translink.ca/gtfs/google_transit.zip
26SEP_20260925,20260907,20270103,2026-10-03,saturday,99,away_from_ubc,departure,12057,61935,UBC Exchange @ Bay 7,2026-10-04T03:06:00-07:00,2026-10-04T03:06:00-07:00,2026-10-04T10:06:00Z,2026-10-04T10:06:00Z,15461525,99 Broadway B-Line/To Boundary Loop,0,0,https://gtfs-static.translink.ca/gtfs/google_transit.zip
26SEP_20260925,20260907,20270103,2026-10-03,saturday,99,away_from_ubc,departure,12057,61935,UBC Exchange @ Bay 7,2026-10-04T03:26:00-07:00,2026-10-04T03:26:00-07:00,2026-10-04T10:26:00Z,2026-10-04T10:26:00Z,15461524,99 Broadway B-Line/To Boundary Loop,0,0,https://gtfs-static.translink.ca/gtfs/google_transit.zip
26SEP_20260925,20260907,20270103,2026-10-03,saturday,99,toward_ubc,arrival,12600,60358,UBC Exchange @ Unloading Only,2026-10-03T06:06:00-07:00,2026-10-03T06:06:00-07:00,2026-10-03T13:06:00Z,2026-10-03T13:06:00Z,15461526,99 Broadway B-Line/To UBC Exchange,1,0,https://gtfs-static.translink.ca/gtfs/google_transit.zip
26SEP_20260925,20260907,20270103,2026-10-03,saturday,99,toward_ubc,arrival,12600,60358,UBC Exchange @ Unloading Only,2026-10-03T06:23:00-07:00,2026-10-03T06:23:00-07:00,2026-10-03T13:23:00Z,2026-10-03T13:23:00Z,15461527,99 Broadway B-Line/To UBC Exchange,1,0,https://gtfs-static.translink.ca/gtfs/google_transit.zip
26SEP_20260925,20260907,20270103,2026-10-03,saturday,99,toward_ubc,arrival,12600,60358,UBC Exchange @ Unloading Only,2026-10-03T06:39:00-07:00,2026-10-03T06:39:00-07:00,2026-10-03T13:39:00Z,2026-10-03T13:39:00Z,15461528,99 Broadway B-Line/To UBC Exchange,1,0,https://gtfs-static.translink.ca/gtfs/google_transit.zip
26SEP_20260925,20260907,20270103,2026-10-03,saturday,99,toward_ubc,arrival,12600,60358,UBC Exchange @ Unloading Only,2026-10-03T06:55:00-07:00,2026-10-03T06:55:00-07:00,2026-10-03T13:55:00Z,2026-10-03T13:55:00Z,15461529,99 Broadway B-Line/To UBC Exchange,1,0,https://gtfs-static.translink.ca/gtfs/google_transit.zip
26SEP_20260925,20260907,20270103,2026-10-03,saturday,99,toward_ubc,arrival,12600,60358,UBC Exchange @ Unloading Only,2026-10-03T07:08:00-07:00,2026-10-03T07:08:00-07:00,2026-10-03T14:08:00Z,2026-10-03T14:08:00Z,15461530,99 Broadway B-Line/To UBC Exchange,1,0,https://gtfs-static.translink.ca/gtfs/google_transit.zip
26SEP_20260925,20260907,20270103,2026-10-03,saturday,99,toward_ubc,arrival,12600,60358,UBC Exchange @ Unloading Only,2026-10-03T07:18:00-07:00,2026-10-03T07:18:00-07:00,2026-10-03T14:18:00Z,2026-10-03T14:18:00Z,15461531,99 Broadway B-Line/To UBC Exchange,1,0,https://gtfs-static.translink.ca/gtfs/google_transit.zip
26SEP_20260925,20260907,20270103,2026-10-03,saturday,99,toward_ubc,arrival,12600,60358,UBC Exchange @ Unloading Only,2026-10-03T07:29:00-07:00,2026-10-03T07:29:00-07:00,2026-10-03T14:29:00Z,2026-10-03T14:29:00Z,15461532,99 Broadway B-Line/To UBC Exchange,1,0,https://gtfs-static.translink.ca/gtfs/google_transit.zip
26SEP_20260925,20260907,20270103,2026-10-03,saturday,99,toward_ubc,arrival,12600,60358,UBC Exchange @ Unloading Only,2026-10-03T07:39:00-07:00,2026-10-03T07:39:00-07:00,2026-10-03T14:39:00Z,2026-10-03T14:39:00Z,15461533,99 Broadway B-Line/To UBC Exchange,1,0,https://gtfs-static.translink.ca/gtfs/google_transit.zip
26SEP_20260925,20260907,20270103,2026-10-03,saturday,99,toward_ubc,arrival,12600,60358,UBC Exchange @ Unloading Only,2026-10-03T07:49:00-07:00,2026-10-03T07:49:00-07:00,2026-10-03T14:49:00Z,2026-10-03T14:49:00Z,15461534,99 Broadway B-Line/To UBC Exchange,1,0,https://gtfs-static.translink.ca/gtfs/google_transit.zip
26SEP_20260925,20260907,20270103,2026-10-03,saturday,99,toward_ubc,arrival,12600,60358,UBC Exchange @ Unloading Only,2026-10-03T07:59:00-07:00,2026-10-03T07:59:00-07:00,2026-10-03T14:59:00Z,2026-10-03T14:59:00Z,15461535,99 Broadway B-Line/To UBC Exchange,1,0,https://gtfs-static.translink.ca/gtfs/google_transit.zip
26SEP_20260925,20260907,20270103,2026-10-03,saturday,99,toward_ubc,arrival,12600,60358,UBC Exchange @ Unloading Only,2026-10-03T08:11:00-07:00,2026-10-03T08:11:00-07:00,2026-10-03T15:11:00Z,2026-10-03T15:11:00Z,15461536,99 Broadway B-Line/To UBC Exchange,1,0,https://gtfs-static.translink.ca/gtfs/google_transit.zip
26SEP_20260925,20260907,20270103,2026-10-03,saturday,99,toward_ubc,arrival,12600,60358,UBC Exchange @ Unloading Only,2026-10-03T08:21:00-07:00,2026-10-03T08:21:00-07:00,2026-10-03T15:21:00Z,2026-10-03T15:21:00Z,15461537,99 Broadway B-Line/To UBC Exchange,1,0,https://gtfs-static.translink.ca/gtfs/google_transit.zip
26SEP_20260925,20260907,20270103,2026-10-03,saturday,99,toward_ubc,arrival,12600,60358,UBC Exchange @ Unloading Only,2026-10-03T08:31:00-07:00,2026-10-03T08:31:00-07:00,2026-10-03T15:31:00Z,2026-10-03T15:31:00Z,15461538,99 Broadway B-Line/To UBC Exchange,1,0,https://gtfs-static.translink.ca/gtfs/google_transit.zip
26SEP_20260925,20260907,20270103,2026-10-03,saturday,99,toward_ubc,arrival,12600,60358,UBC Exchange @ Unloading Only,2026-10-03T08:41:00-07:00,2026-10-03T08:41:00-07:00,2026-10-03T15:41:00Z,2026-10-03T15:41:00Z,15461539,99 Broadway B-Line/To UBC Exchange,1,0,https://gtfs-static.translink.ca/gtfs/google_transit.zip
26SEP_20260925,20260907,20270103,2026-10-03,saturday,99,toward_ubc,arrival,12600,60358,UBC Exchange @ Unloading Only,2026-10-03T08:51:00-07:00,2026-10-03T08:51:00-07:00,2026-10-03T15:51:00Z,2026-10-03T15:51:00Z,15461540,99 Broadway B-Line/To UBC Exchange,1,0,https://gtfs-static.translink.ca/gtfs/google_transit.zip
26SEP_20260925,20260907,20270103,2026-10-03,saturday,99,toward_ubc,arrival,12600,60358,UBC Exchange @ Unloading Only,2026-10-03T09:00:00-07:00,2026-10-03T09:00:00-07:00,2026-10-03T16:00:00Z,2026-10-03T16:00:00Z,15461541,99 Broadway B-Line/To UBC Exchange,1,0,https://gtfs-static.translink.ca/gtfs/google_transit.zip
26SEP_20260925,20260907,20270103,2026-10-03,saturday,99,toward_ubc,arrival,12600,60358,UBC Exchange @ Unloading Only,2026-10-03T09:10:00-07:00,2026-10-03T09:10:00-07:00,2026-10-03T16:10:00Z,2026-10-03T16:10:00Z,15461542,99 Broadway B-Line/To UBC Exchange,1,0,https://gtfs-static.translink.ca/gtfs/google_transit.zip
26SEP_20260925,20260907,20270103,2026-10-03,saturday,99,toward_ubc,arrival,12600,60358,UBC Exchange @ Unloading Only,2026-10-03T09:16:00-07:00,2026-10-03T09:16:00-07:00,2026-10-03T16:16:00Z,2026-10-03T16:16:00Z,15461543,99 Broadway B-Line/To UBC Exchange,1,0,https://gtfs-static.translink.ca/gtfs/google_transit.zip
26SEP_20260925,20260907,20270103,2026-10-03,saturday,99,toward_ubc,arrival,12600,60358,UBC Exchange @ Unloading Only,2026-10-03T09:25:00-07:00,2026-10-03T09:25:00-07:00,2026-10-03T16:25:00Z,2026-10-03T16:25:00Z,15461544,99 Broadway B-Line/To UBC Exchange,1,0,https://gtfs-static.translink.ca/gtfs/google_transit.zip
26SEP_20260925,20260907,20270103,2026-10-03,saturday,99,toward_ubc,arrival,12600,60358,UBC Exchange @ Unloading Only,2026-10-03T09:33:00-07:00,2026-10-03T09:33:00-07:00,2026-10-03T16:33:00Z,2026-10-03T16:33:00Z,15461545,99 Broadway B-Line/To UBC Exchange,1,0,https://gtfs-static.translink.ca/gtfs/google_transit.zip
26SEP_20260925,20260907,20270103,2026-10-03,saturday,99,toward_ubc,arrival,12600,60358,UBC Exchange @ Unloading Only,2026-10-03T09:39:00-07:00,2026-10-03T09:39:00-07:00,2026-10-03T16:39:00Z,2026-10-03T16:39:00Z,15461546,99 Broadway B-Line/To UBC Exchange,1,0,https://gtfs-static.translink.ca/gtfs/google_transit.zip
26SEP_20260925,20260907,20270103,2026-10-03,saturday,99,toward_ubc,arrival,12600,60358,UBC Exchange @ Unloading Only,2026-10-03T09:45:00-07:00,2026-10-03T09:45:00-07:00,2026-10-03T16:45:00Z,2026-10-03T16:45:00Z,15461547,99 Broadway B-Line/To UBC Exchange,1,0,https://gtfs-static.translink.ca/gtfs/google_transit.zip
26SEP_20260925,20260907,20270103,2026-10-03,saturday,99,toward_ubc,arrival,12600,60358,UBC Exchange @ Unloading Only,2026-10-03T09:51:00-07:00,2026-10-03T09:51:00-07:00,2026-10-03T16:51:00Z,2026-10-03T16:51:00Z,15461548,99 Broadway B-Line/To UBC Exchange,1,0,https://gtfs-static.translink.ca/gtfs/google_transit.zip
26SEP_20260925,20260907,20270103,2026-10-03,saturday,99,toward_ubc,arrival,12600,60358,UBC Exchange @ Unloading Only,2026-10-03T09:58:00-07:00,2026-10-03T09:58:00-07:00,2026-10-03T16:58:00Z,2026-10-03T16:58:00Z,15461549,99 Broadway B-Line/To UBC Exchange,1,0,https://gtfs-static.translink.ca/gtfs/google_transit.zip
26SEP_20260925,20260907,20270103,2026-10-03,saturday,99,toward_ubc,arrival,12600,60358,UBC Exchange @ Unloading Only,2026-10-03T10:05:00-07:00,2026-10-03T10:05:00-07:00,2026-10-03T17:05:00Z,2026-10-03T17:05:00Z,15461550,99 Broadway B-Line/To UBC Exchange,1,0,https://gtfs-static.translink.ca/gtfs/google_transit.zip
26SEP_20260925,20260907,20270103,2026-10-03,saturday,99,toward_ubc,arrival,12600,60358,UBC Exchange @ Unloading Only,2026-10-03T10:13:00-07:00,2026-10-03T10:13:00-07:00,2026-10-03T17:13:00Z,2026-10-03T17:13:00Z,15461551,99 Broadway B-Line/To UBC Exchange,1,0,https://gtfs-static.translink.ca/gtfs/google_transit.zip
26SEP_20260925,20260907,20270103,2026-10-03,saturday,99,toward_ubc,arrival,12600,60358,UBC Exchange @ Unloading Only,2026-10-03T10:19:00-07:00,2026-10-03T10:19:00-07:00,2026-10-03T17:19:00Z,2026-10-03T17:19:00Z,15461552,99 Broadway B-Line/To UBC Exchange,1,0,https://gtfs-static.translink.ca/gtfs/google_transit.zip
26SEP_20260925,20260907,20270103,2026-10-03,saturday,99,toward_ubc,arrival,12600,60358,UBC Exchange @ Unloading Only,2026-10-03T10:26:00-07:00,2026-10-03T10:26:00-07:00,2026-10-03T17:26:00Z,2026-10-03T17:26:00Z,15461553,99 Broadway B-Line/To UBC Exchange,1,0,https://gtfs-static.translink.ca/gtfs/google_transit.zip
26SEP_20260925,20260907,20270103,2026-10-03,saturday,99,toward_ubc,arrival,12600,60358,UBC Exchange @ Unloading Only,2026-10-03T10:35:00-07:00,2026-10-03T10:35:00-07:00,2026-10-03T17:35:00Z,2026-10-03T17:35:00Z,15461554,99 Broadway B-Line/To UBC Exchange,1,0,https://gtfs-static.translink.ca/gtfs/google_transit.zip
26SEP_20260925,20260907,20270103,2026-10-03,saturday,99,toward_ubc,arrival,12600,60358,UBC Exchange @ Unloading Only,2026-10-03T10:41:00-07:00,2026-10-03T10:41:00-07:00,2026-10-03T17:41:00Z,2026-10-03T17:41:00Z,15461555,99 Broadway B-Line/To UBC Exchange,1,0,https://gtfs-static.translink.ca/gtfs/google_transit.zip
26SEP_20260925,20260907,20270103,2026-10-03,saturday,99,toward_ubc,arrival,12600,60358,UBC Exchange @ Unloading Only,2026-10-03T10:52:00-07:00,2026-10-03T10:52:00-07:00,2026-10-03T17:52:00Z,2026-10-03T17:52:00Z,15461556,99 Broadway B-Line/To UBC Exchange,1,0,https://gtfs-static.translink.ca/gtfs/google_transit.zip
26SEP_20260925,20260907,20270103,2026-10-03,saturday,99,toward_ubc,arrival,12600,60358,UBC Exchange @ Unloading Only,2026-10-03T11:00:00-07:00,2026-10-03T11:00:00-07:00,2026-10-03T18:00:00Z,2026-10-03T18:00:00Z,15461557,99 Broadway B-Line/To UBC Exchange,1,0,https://gtfs-static.translink.ca/gtfs/google_transit.zip
26SEP_20260925,20260907,20270103,2026-10-03,saturday,99,toward_ubc,arrival,12600,60358,UBC Exchange @ Unloading Only,2026-10-03T11:08:00-07:00,2026-10-03T11:08:00-07:00,2026-10-03T18:08:00Z,2026-10-03T18:08:00Z,15461558,99 Broadway B-Line/To UBC Exchange,1,0,https://gtfs-static.translink.ca/gtfs/google_transit.zip
26SEP_20260925,20260907,20270103,2026-10-03,saturday,99,toward_ubc,arrival,12600,60358,UBC Exchange @ Unloading Only,2026-10-03T11:17:00-07:00,2026-10-03T11:17:00-07:00,2026-10-03T18:17:00Z,2026-10-03T18:17:00Z,15461559,99 Broadway B-Line/To UBC Exchange,1,0,https://gtfs-static.translink.ca/gtfs/google_transit.zip
26SEP_20260925,20260907,20270103,2026-10-03,saturday,99,toward_ubc,arrival,12600,60358,UBC Exchange @ Unloading Only,2026-10-03T11:23:00-07:00,2026-10-03T11:23:00-07:00,2026-10-03T18:23:00Z,2026-10-03T18:23:00Z,15461560,99 Broadway B-Line/To UBC Exchange,1,0,https://gtfs-static.translink.ca/gtfs/google_transit.zip
26SEP_20260925,20260907,20270103,2026-10-03,saturday,99,toward_ubc,arrival,12600,60358,UBC Exchange @ Unloading Only,2026-10-03T11:31:00-07:00,2026-10-03T11:31:00-07:00,2026-10-03T18:31:00Z,2026-10-03T18:31:00Z,15461561,99 Broadway B-Line/To UBC Exchange,1,0,https://gtfs-static.translink.ca/gtfs/google_transit.zip
26SEP_20260925,20260907,20270103,2026-10-03,saturday,99,toward_ubc,arrival,12600,60358,UBC Exchange @ Unloading Only,2026-10-03T11:39:00-07:00,2026-10-03T11:39:00-07:00,2026-10-03T18:39:00Z,2026-10-03T18:39:00Z,15461562,99 Broadway B-Line/To UBC Exchange,1,0,https://gtfs-static.translink.ca/gtfs/google_transit.zip
26SEP_20260925,20260907,20270103,2026-10-03,saturday,99,toward_ubc,arrival,12600,60358,UBC Exchange @ Unloading Only,2026-10-03T11:47:00-07:00,2026-10-03T11:47:00-07:00,2026-10-03T18:47:00Z,2026-10-03T18:47:00Z,15461563,99 Broadway B-Line/To UBC Exchange,1,0,https://gtfs-static.translink.ca/gtfs/google_transit.zip
26SEP_20260925,20260907,20270103,2026-10-03,saturday,99,toward_ubc,arrival,12600,60358,UBC Exchange @ Unloading Only,2026-10-03T11:54:00-07:00,2026-10-03T11:54:00-07:00,2026-10-03T18:54:00Z,2026-10-03T18:54:00Z,15461564,99 Broadway B-Line/To UBC Exchange,1,0,https://gtfs-static.translink.ca/gtfs/google_transit.zip
26SEP_20260925,20260907,20270103,2026-10-03,saturday,99,toward_ubc,arrival,12600,60358,UBC Exchange @ Unloading Only,2026-10-03T12:01:00-07:00,2026-10-03T12:01:00-07:00,2026-10-03T19:01:00Z,2026-10-03T19:01:00Z,15461565,99 Broadway B-Line/To UBC Exchange,1,0,https://gtfs-static.translink.ca/gtfs/google_transit.zip
26SEP_20260925,20260907,20270103,2026-10-03,saturday,99,toward_ubc,arrival,12600,60358,UBC Exchange @ Unloading Only,2026-10-03T12:08:00-07:00,2026-10-03T12:08:00-07:00,2026-10-03T19:08:00Z,2026-10-03T19:08:00Z,15461566,99 Broadway B-Line/To UBC Exchange,1,0,https://gtfs-static.translink.ca/gtfs/google_transit.zip
26SEP_20260925,20260907,20270103,2026-10-03,saturday,99,toward_ubc,arrival,12600,60358,UBC Exchange @ Unloading Only,2026-10-03T12:15:00-07:00,2026-10-03T12:15:00-07:00,2026-10-03T19:15:00Z,2026-10-03T19:15:00Z,15461567,99 Broadway B-Line/To UBC Exchange,1,0,https://gtfs-static.translink.ca/gtfs/google_transit.zip
26SEP_20260925,20260907,20270103,2026-10-03,saturday,99,toward_ubc,arrival,12600,60358,UBC Exchange @ Unloading Only,2026-10-03T12:22:00-07:00,2026-10-03T12:22:00-07:00,2026-10-03T19:22:00Z,2026-10-03T19:22:00Z,15461568,99 Broadway B-Line/To UBC Exchange,1,0,https://gtfs-static.translink.ca/gtfs/google_transit.zip
26SEP_20260925,20260907,20270103,2026-10-03,saturday,99,toward_ubc,arrival,12600,60358,UBC Exchange @ Unloading Only,2026-10-03T12:30:00-07:00,2026-10-03T12:30:00-07:00,2026-10-03T19:30:00Z,2026-10-03T19:30:00Z,15461569,99 Broadway B-Line/To UBC Exchange,1,0,https://gtfs-static.translink.ca/gtfs/google_transit.zip
26SEP_20260925,20260907,20270103,2026-10-03,saturday,99,toward_ubc,arrival,12600,60358,UBC Exchange @ Unloading Only,2026-10-03T12:37:00-07:00,2026-10-03T12:37:00-07:00,2026-10-03T19:37:00Z,2026-10-03T19:37:00Z,15461570,99 Broadway B-Line/To UBC Exchange,1,0,https://gtfs-static.translink.ca/gtfs/google_transit.zip
26SEP_20260925,20260907,20270103,2026-10-03,saturday,99,toward_ubc,arrival,12600,60358,UBC Exchange @ Unloading Only,2026-10-03T12:44:00-07:00,2026-10-03T12:44:00-07:00,2026-10-03T19:44:00Z,2026-10-03T19:44:00Z,15461571,99 Broadway B-Line/To UBC Exchange,1,0,https://gtfs-static.translink.ca/gtfs/google_transit.zip
26SEP_20260925,20260907,20270103,2026-10-03,saturday,99,toward_ubc,arrival,12600,60358,UBC Exchange @ Unloading Only,2026-10-03T12:50:00-07:00,2026-10-03T12:50:00-07:00,2026-10-03T19:50:00Z,2026-10-03T19:50:00Z,15461572,99 Broadway B-Line/To UBC Exchange,1,0,https://gtfs-static.translink.ca/gtfs/google_transit.zip
26SEP_20260925,20260907,20270103,2026-10-03,saturday,99,toward_ubc,arrival,12600,60358,UBC Exchange @ Unloading Only,2026-10-03T12:57:00-07:00,2026-10-03T12:57:00-07:00,2026-10-03T19:57:00Z,2026-10-03T19:57:00Z,15461573,99 Broadway B-Line/To UBC Exchange,1,0,https://gtfs-static.translink.ca/gtfs/google_transit.zip
26SEP_20260925,20260907,20270103,2026-10-03,saturday,99,toward_ubc,arrival,12600,60358,UBC Exchange @ Unloading Only,2026-10-03T13:03:00-07:00,2026-10-03T13:03:00-07:00,2026-10-03T20:03:00Z,2026-10-03T20:03:00Z,15461574,99 Broadway B-Line/To UBC Exchange,1,0,https://gtfs-static.translink.ca/gtfs/google_transit.zip
26SEP_20260925,20260907,20270103,2026-10-03,saturday,99,toward_ubc,arrival,12600,60358,UBC Exchange @ Unloading Only,2026-10-03T13:09:00-07:00,2026-10-03T13:09:00-07:00,2026-10-03T20:09:00Z,2026-10-03T20:09:00Z,15461575,99 Broadway B-Line/To UBC Exchange,1,0,https://gtfs-static.translink.ca/gtfs/google_transit.zip
26SEP_20260925,20260907,20270103,2026-10-03,saturday,99,toward_ubc,arrival,12600,60358,UBC Exchange @ Unloading Only,2026-10-03T13:15:00-07:00,2026-10-03T13:15:00-07:00,2026-10-03T20:15:00Z,2026-10-03T20:15:00Z,15461576,99 Broadway B-Line/To UBC Exchange,1,0,https://gtfs-static.translink.ca/gtfs/google_transit.zip
26SEP_20260925,20260907,20270103,2026-10-03,saturday,99,toward_ubc,arrival,12600,60358,UBC Exchange @ Unloading Only,2026-10-03T13:23:00-07:00,2026-10-03T13:23:00-07:00,2026-10-03T20:23:00Z,2026-10-03T20:23:00Z,15461577,99 Broadway B-Line/To UBC Exchange,1,0,https://gtfs-static.translink.ca/gtfs/google_transit.zip
26SEP_20260925,20260907,20270103,2026-10-03,saturday,99,toward_ubc,arrival,12600,60358,UBC Exchange @ Unloading Only,2026-10-03T13:29:00-07:00,2026-10-03T13:29:00-07:00,2026-10-03T20:29:00Z,2026-10-03T20:29:00Z,15461578,99 Broadway B-Line/To UBC Exchange,1,0,https://gtfs-static.translink.ca/gtfs/google_transit.zip
26SEP_20260925,20260907,20270103,2026-10-03,saturday,99,toward_ubc,arrival,12600,60358,UBC Exchange @ Unloading Only,2026-10-03T13:35:00-07:00,2026-10-03T13:35:00-07:00,2026-10-03T20:35:00Z,2026-10-03T20:35:00Z,15461579,99 Broadway B-Line/To UBC Exchange,1,0,https://gtfs-static.translink.ca/gtfs/google_transit.zip
26SEP_20260925,20260907,20270103,2026-10-03,saturday,99,toward_ubc,arrival,12600,60358,UBC Exchange @ Unloading Only,2026-10-03T13:41:00-07:00,2026-10-03T13:41:00-07:00,2026-10-03T20:41:00Z,2026-10-03T20:41:00Z,15461580,99 Broadway B-Line/To UBC Exchange,1,0,https://gtfs-static.translink.ca/gtfs/google_transit.zip
26SEP_20260925,20260907,20270103,2026-10-03,saturday,99,toward_ubc,arrival,12600,60358,UBC Exchange @ Unloading Only,2026-10-03T13:47:00-07:00,2026-10-03T13:47:00-07:00,2026-10-03T20:47:00Z,2026-10-03T20:47:00Z,15461581,99 Broadway B-Line/To UBC Exchange,1,0,https://gtfs-static.translink.ca/gtfs/google_transit.zip
26SEP_20260925,20260907,20270103,2026-10-03,saturday,99,toward_ubc,arrival,12600,60358,UBC Exchange @ Unloading Only,2026-10-03T13:53:00-07:00,2026-10-03T13:53:00-07:00,2026-10-03T20:53:00Z,2026-10-03T20:53:00Z,15461582,99 Broadway B-Line/To UBC Exchange,1,0,https://gtfs-static.translink.ca/gtfs/google_transit.zip
26SEP_20260925,20260907,20270103,2026-10-03,saturday,99,toward_ubc,arrival,12600,60358,UBC Exchange @ Unloading Only,2026-10-03T14:01:00-07:00,2026-10-03T14:01:00-07:00,2026-10-03T21:01:00Z,2026-10-03T21:01:00Z,15461583,99 Broadway B-Line/To UBC Exchange,1,0,https://gtfs-static.translink.ca/gtfs/google_transit.zip
26SEP_20260925,20260907,20270103,2026-10-03,saturday,99,toward_ubc,arrival,12600,60358,UBC Exchange @ Unloading Only,2026-10-03T14:06:00-07:00,2026-10-03T14:06:00-07:00,2026-10-03T21:06:00Z,2026-10-03T21:06:00Z,15461584,99 Broadway B-Line/To UBC Exchange,1,0,https://gtfs-static.translink.ca/gtfs/google_transit.zip
26SEP_20260925,20260907,20270103,2026-10-03,saturday,99,toward_ubc,arrival,12600,60358,UBC Exchange @ Unloading Only,2026-10-03T14:12:00-07:00,2026-10-03T14:12:00-07:00,2026-10-03T21:12:00Z,2026-10-03T21:12:00Z,15461585,99 Broadway B-Line/To UBC Exchange,1,0,https://gtfs-static.translink.ca/gtfs/google_transit.zip
26SEP_20260925,20260907,20270103,2026-10-03,saturday,99,toward_ubc,arrival,12600,60358,UBC Exchange @ Unloading Only,2026-10-03T14:19:00-07:00,2026-10-03T14:19:00-07:00,2026-10-03T21:19:00Z,2026-10-03T21:19:00Z,15461586,99 Broadway B-Line/To UBC Exchange,1,0,https://gtfs-static.translink.ca/gtfs/google_transit.zip
26SEP_20260925,20260907,20270103,2026-10-03,saturday,99,toward_ubc,arrival,12600,60358,UBC Exchange @ Unloading Only,2026-10-03T14:25:00-07:00,2026-10-03T14:25:00-07:00,2026-10-03T21:25:00Z,2026-10-03T21:25:00Z,15461587,99 Broadway B-Line/To UBC Exchange,1,0,https://gtfs-static.translink.ca/gtfs/google_transit.zip
26SEP_20260925,20260907,20270103,2026-10-03,saturday,99,toward_ubc,arrival,12600,60358,UBC Exchange @ Unloading Only,2026-10-03T14:31:00-07:00,2026-10-03T14:31:00-07:00,2026-10-03T21:31:00Z,2026-10-03T21:31:00Z,15461588,99 Broadway B-Line/To UBC Exchange,1,0,https://gtfs-static.translink.ca/gtfs/google_transit.zip
26SEP_20260925,20260907,20270103,2026-10-03,saturday,99,toward_ubc,arrival,12600,60358,UBC Exchange @ Unloading Only,2026-10-03T14:37:00-07:00,2026-10-03T14:37:00-07:00,2026-10-03T21:37:00Z,2026-10-03T21:37:00Z,15461589,99 Broadway B-Line/To UBC Exchange,1,0,https://gtfs-static.translink.ca/gtfs/google_transit.zip
26SEP_20260925,20260907,20270103,2026-10-03,saturday,99,toward_ubc,arrival,12600,60358,UBC Exchange @ Unloading Only,2026-10-03T14:43:00-07:00,2026-10-03T14:43:00-07:00,2026-10-03T21:43:00Z,2026-10-03T21:43:00Z,15461590,99 Broadway B-Line/To UBC Exchange,1,0,https://gtfs-static.translink.ca/gtfs/google_transit.zip
26SEP_20260925,20260907,20270103,2026-10-03,saturday,99,toward_ubc,arrival,12600,60358,UBC Exchange @ Unloading Only,2026-10-03T14:49:00-07:00,2026-10-03T14:49:00-07:00,2026-10-03T21:49:00Z,2026-10-03T21:49:00Z,15461591,99 Broadway B-Line/To UBC Exchange,1,0,https://gtfs-static.translink.ca/gtfs/google_transit.zip
26SEP_20260925,20260907,20270103,2026-10-03,saturday,99,toward_ubc,arrival,12600,60358,UBC Exchange @ Unloading Only,2026-10-03T14:55:00-07:00,2026-10-03T14:55:00-07:00,2026-10-03T21:55:00Z,2026-10-03T21:55:00Z,15461592,99 Broadway B-Line/To UBC Exchange,1,0,https://gtfs-static.translink.ca/gtfs/google_transit.zip
26SEP_20260925,20260907,20270103,2026-10-03,saturday,99,toward_ubc,arrival,12600,60358,UBC Exchange @ Unloading Only,2026-10-03T15:01:00-07:00,2026-10-03T15:01:00-07:00,2026-10-03T22:01:00Z,2026-10-03T22:01:00Z,15461593,99 Broadway B-Line/To UBC Exchange,1,0,https://gtfs-static.translink.ca/gtfs/google_transit.zip
26SEP_20260925,20260907,20270103,2026-10-03,saturday,99,toward_ubc,arrival,12600,60358,UBC Exchange @ Unloading Only,2026-10-03T15:07:00-07:00,2026-10-03T15:07:00-07:00,2026-10-03T22:07:00Z,2026-10-03T22:07:00Z,15461594,99 Broadway B-Line/To UBC Exchange,1,0,https://gtfs-static.translink.ca/gtfs/google_transit.zip
26SEP_20260925,20260907,20270103,2026-10-03,saturday,99,toward_ubc,arrival,12600,60358,UBC Exchange @ Unloading Only,2026-10-03T15:13:00-07:00,2026-10-03T15:13:00-07:00,2026-10-03T22:13:00Z,2026-10-03T22:13:00Z,15461595,99 Broadway B-Line/To UBC Exchange,1,0,https://gtfs-static.translink.ca/gtfs/google_transit.zip
26SEP_20260925,20260907,20270103,2026-10-03,saturday,99,toward_ubc,arrival,12600,60358,UBC Exchange @ Unloading Only,2026-10-03T15:19:00-07:00,2026-10-03T15:19:00-07:00,2026-10-03T22:19:00Z,2026-10-03T22:19:00Z,15461596,99 Broadway B-Line/To UBC Exchange,1,0,https://gtfs-static.translink.ca/gtfs/google_transit.zip
26SEP_20260925,20260907,20270103,2026-10-03,saturday,99,toward_ubc,arrival,12600,60358,UBC Exchange @ Unloading Only,2026-10-03T15:25:00-07:00,2026-10-03T15:25:00-07:00,2026-10-03T22:25:00Z,2026-10-03T22:25:00Z,15461597,99 Broadway B-Line/To UBC Exchange,1,0,https://gtfs-static.translink.ca/gtfs/google_transit.zip
26SEP_20260925,20260907,20270103,2026-10-03,saturday,99,toward_ubc,arrival,12600,60358,UBC Exchange @ Unloading Only,2026-10-03T15:31:00-07:00,2026-10-03T15:31:00-07:00,2026-10-03T22:31:00Z,2026-10-03T22:31:00Z,15461598,99 Broadway B-Line/To UBC Exchange,1,0,https://gtfs-static.translink.ca/gtfs/google_transit.zip
26SEP_20260925,20260907,20270103,2026-10-03,saturday,99,toward_ubc,arrival,12600,60358,UBC Exchange @ Unloading Only,2026-10-03T15:37:00-07:00,2026-10-03T15:37:00-07:00,2026-10-03T22:37:00Z,2026-10-03T22:37:00Z,15461599,99 Broadway B-Line/To UBC Exchange,1,0,https://gtfs-static.translink.ca/gtfs/google_transit.zip
26SEP_20260925,20260907,20270103,2026-10-03,saturday,99,toward_ubc,arrival,12600,60358,UBC Exchange @ Unloading Only,2026-10-03T15:43:00-07:00,2026-10-03T15:43:00-07:00,2026-10-03T22:43:00Z,2026-10-03T22:43:00Z,15461600,99 Broadway B-Line/To UBC Exchange,1,0,https://gtfs-static.translink.ca/gtfs/google_transit.zip
26SEP_20260925,20260907,20270103,2026-10-03,saturday,99,toward_ubc,arrival,12600,60358,UBC Exchange @ Unloading Only,2026-10-03T15:47:00-07:00,2026-10-03T15:47:00-07:00,2026-10-03T22:47:00Z,2026-10-03T22:47:00Z,15461601,99 Broadway B-Line/To UBC Exchange,1,0,https://gtfs-static.translink.ca/gtfs/google_transit.zip
26SEP_20260925,20260907,20270103,2026-10-03,saturday,99,toward_ubc,arrival,12600,60358,UBC Exchange @ Unloading Only,2026-10-03T15:54:00-07:00,2026-10-03T15:54:00-07:00,2026-10-03T22:54:00Z,2026-10-03T22:54:00Z,15461602,99 Broadway B-Line/To UBC Exchange,1,0,https://gtfs-static.translink.ca/gtfs/google_transit.zip
26SEP_20260925,20260907,20270103,2026-10-03,saturday,99,toward_ubc,arrival,12600,60358,UBC Exchange @ Unloading Only,2026-10-03T16:01:00-07:00,2026-10-03T16:01:00-07:00,2026-10-03T23:01:00Z,2026-10-03T23:01:00Z,15461603,99 Broadway B-Line/To UBC Exchange,1,0,https://gtfs-static.translink.ca/gtfs/google_transit.zip
26SEP_20260925,20260907,20270103,2026-10-03,saturday,99,toward_ubc,arrival,12600,60358,UBC Exchange @ Unloading Only,2026-10-03T16:07:00-07:00,2026-10-03T16:07:00-07:00,2026-10-03T23:07:00Z,2026-10-03T23:07:00Z,15461604,99 Broadway B-Line/To UBC Exchange,1,0,https://gtfs-static.translink.ca/gtfs/google_transit.zip
26SEP_20260925,20260907,20270103,2026-10-03,saturday,99,toward_ubc,arrival,12600,60358,UBC Exchange @ Unloading Only,2026-10-03T16:13:00-07:00,2026-10-03T16:13:00-07:00,2026-10-03T23:13:00Z,2026-10-03T23:13:00Z,15461605,99 Broadway B-Line/To UBC Exchange,1,0,https://gtfs-static.translink.ca/gtfs/google_transit.zip
26SEP_20260925,20260907,20270103,2026-10-03,saturday,99,toward_ubc,arrival,12600,60358,UBC Exchange @ Unloading Only,2026-10-03T16:20:00-07:00,2026-10-03T16:20:00-07:00,2026-10-03T23:20:00Z,2026-10-03T23:20:00Z,15461606,99 Broadway B-Line/To UBC Exchange,1,0,https://gtfs-static.translink.ca/gtfs/google_transit.zip
26SEP_20260925,20260907,20270103,2026-10-03,saturday,99,toward_ubc,arrival,12600,60358,UBC Exchange @ Unloading Only,2026-10-03T16:26:00-07:00,2026-10-03T16:26:00-07:00,2026-10-03T23:26:00Z,2026-10-03T23:26:00Z,15461607,99 Broadway B-Line/To UBC Exchange,1,0,https://gtfs-static.translink.ca/gtfs/google_transit.zip
26SEP_20260925,20260907,20270103,2026-10-03,saturday,99,toward_ubc,arrival,12600,60358,UBC Exchange @ Unloading Only,2026-10-03T16:32:00-07:00,2026-10-03T16:32:00-07:00,2026-10-03T23:32:00Z,2026-10-03T23:32:00Z,15461608,99 Broadway B-Line/To UBC Exchange,1,0,https://gtfs-static.translink.ca/gtfs/google_transit.zip
26SEP_20260925,20260907,20270103,2026-10-03,saturday,99,toward_ubc,arrival,12600,60358,UBC Exchange @ Unloading Only,2026-10-03T16:38:00-07:00,2026-10-03T16:38:00-07:00,2026-10-03T23:38:00Z,2026-10-03T23:38:00Z,15461609,99 Broadway B-Line/To UBC Exchange,1,0,https://gtfs-static.translink.ca/gtfs/google_transit.zip
26SEP_20260925,20260907,20270103,2026-10-03,saturday,99,toward_ubc,arrival,12600,60358,UBC Exchange @ Unloading Only,2026-10-03T16:44:00-07:00,2026-10-03T16:44:00-07:00,2026-10-03T23:44:00Z,2026-10-03T23:44:00Z,15461610,99 Broadway B-Line/To UBC Exchange,1,0,https://gtfs-static.translink.ca/gtfs/google_transit.zip
26SEP_20260925,20260907,20270103,2026-10-03,saturday,99,toward_ubc,arrival,12600,60358,UBC Exchange @ Unloading Only,2026-10-03T16:50:00-07:00,2026-10-03T16:50:00-07:00,2026-10-03T23:50:00Z,2026-10-03T23:50:00Z,15461611,99 Broadway B-Line/To UBC Exchange,1,0,https://gtfs-static.translink.ca/gtfs/google_transit.zip
26SEP_20260925,20260907,20270103,2026-10-03,saturday,99,toward_ubc,arrival,12600,60358,UBC Exchange @ Unloading Only,2026-10-03T16:56:00-07:00,2026-10-03T16:56:00-07:00,2026-10-03T23:56:00Z,2026-10-03T23:56:00Z,15461612,99 Broadway B-Line/To UBC Exchange,1,0,https://gtfs-static.translink.ca/gtfs/google_transit.zip
26SEP_20260925,20260907,20270103,2026-10-03,saturday,99,toward_ubc,arrival,12600,60358,UBC Exchange @ Unloading Only,2026-10-03T17:02:00-07:00,2026-10-03T17:02:00-07:00,2026-10-04T00:02:00Z,2026-10-04T00:02:00Z,15461613,99 Broadway B-Line/To UBC Exchange,1,0,https://gtfs-static.translink.ca/gtfs/google_transit.zip
26SEP_20260925,20260907,20270103,2026-10-03,saturday,99,toward_ubc,arrival,12600,60358,UBC Exchange @ Unloading Only,2026-10-03T17:08:00-07:00,2026-10-03T17:08:00-07:00,2026-10-04T00:08:00Z,2026-10-04T00:08:00Z,15461614,99 Broadway B-Line/To UBC Exchange,1,0,https://gtfs-static.translink.ca/gtfs/google_transit.zip
26SEP_20260925,20260907,20270103,2026-10-03,saturday,99,toward_ubc,arrival,12600,60358,UBC Exchange @ Unloading Only,2026-10-03T17:14:00-07:00,2026-10-03T17:14:00-07:00,2026-10-04T00:14:00Z,2026-10-04T00:14:00Z,15461615,99 Broadway B-Line/To UBC Exchange,1,0,https://gtfs-static.translink.ca/gtfs/google_transit.zip
26SEP_20260925,20260907,20270103,2026-10-03,saturday,99,toward_ubc,arrival,12600,60358,UBC Exchange @ Unloading Only,2026-10-03T17:20:00-07:00,2026-10-03T17:20:00-07:00,2026-10-04T00:20:00Z,2026-10-04T00:20:00Z,15461616,99 Broadway B-Line/To UBC Exchange,1,0,https://gtfs-static.translink.ca/gtfs/google_transit.zip
26SEP_20260925,20260907,20270103,2026-10-03,saturday,99,toward_ubc,arrival,12600,60358,UBC Exchange @ Unloading Only,2026-10-03T17:26:00-07:00,2026-10-03T17:26:00-07:00,2026-10-04T00:26:00Z,2026-10-04T00:26:00Z,15461617,99 Broadway B-Line/To UBC Exchange,1,0,https://gtfs-static.translink.ca/gtfs/google_transit.zip
26SEP_20260925,20260907,20270103,2026-10-03,saturday,99,toward_ubc,arrival,12600,60358,UBC Exchange @ Unloading Only,2026-10-03T17:32:00-07:00,2026-10-03T17:32:00-07:00,2026-10-04T00:32:00Z,2026-10-04T00:32:00Z,15461618,99 Broadway B-Line/To UBC Exchange,1,0,https://gtfs-static.translink.ca/gtfs/google_transit.zip
26SEP_20260925,20260907,20270103,2026-10-03,saturday,99,toward_ubc,arrival,12600,60358,UBC Exchange @ Unloading Only,2026-10-03T17:37:00-07:00,2026-10-03T17:37:00-07:00,2026-10-04T00:37:00Z,2026-10-04T00:37:00Z,15461619,99 Broadway B-Line/To UBC Exchange,1,0,https://gtfs-static.translink.ca/gtfs/google_transit.zip
26SEP_20260925,20260907,20270103,2026-10-03,saturday,99,toward_ubc,arrival,12600,60358,UBC Exchange @ Unloading Only,2026-10-03T17:43:00-07:00,2026-10-03T17:43:00-07:00,2026-10-04T00:43:00Z,2026-10-04T00:43:00Z,15461620,99 Broadway B-Line/To UBC Exchange,1,0,https://gtfs-static.translink.ca/gtfs/google_transit.zip
26SEP_20260925,20260907,20270103,2026-10-03,saturday,99,toward_ubc,arrival,12600,60358,UBC Exchange @ Unloading Only,2026-10-03T17:49:00-07:00,2026-10-03T17:49:00-07:00,2026-10-04T00:49:00Z,2026-10-04T00:49:00Z,15461621,99 Broadway B-Line/To UBC Exchange,1,0,https://gtfs-static.translink.ca/gtfs/google_transit.zip
26SEP_20260925,20260907,20270103,2026-10-03,saturday,99,toward_ubc,arrival,12600,60358,UBC Exchange @ Unloading Only,2026-10-03T17:57:00-07:00,2026-10-03T17:57:00-07:00,2026-10-04T00:57:00Z,2026-10-04T00:57:00Z,15461622,99 Broadway B-Line/To UBC Exchange,1,0,https://gtfs-static.translink.ca/gtfs/google_transit.zip
26SEP_20260925,20260907,20270103,2026-10-03,saturday,99,toward_ubc,arrival,12600,60358,UBC Exchange @ Unloading Only,2026-10-03T18:05:00-07:00,2026-10-03T18:05:00-07:00,2026-10-04T01:05:00Z,2026-10-04T01:05:00Z,15461623,99 Broadway B-Line/To UBC Exchange,1,0,https://gtfs-static.translink.ca/gtfs/google_transit.zip
26SEP_20260925,20260907,20270103,2026-10-03,saturday,99,toward_ubc,arrival,12600,60358,UBC Exchange @ Unloading Only,2026-10-03T18:13:00-07:00,2026-10-03T18:13:00-07:00,2026-10-04T01:13:00Z,2026-10-04T01:13:00Z,15461624,99 Broadway B-Line/To UBC Exchange,1,0,https://gtfs-static.translink.ca/gtfs/google_transit.zip
26SEP_20260925,20260907,20270103,2026-10-03,saturday,99,toward_ubc,arrival,12600,60358,UBC Exchange @ Unloading Only,2026-10-03T18:21:00-07:00,2026-10-03T18:21:00-07:00,2026-10-04T01:21:00Z,2026-10-04T01:21:00Z,15461625,99 Broadway B-Line/To UBC Exchange,1,0,https://gtfs-static.translink.ca/gtfs/google_transit.zip
26SEP_20260925,20260907,20270103,2026-10-03,saturday,99,toward_ubc,arrival,12600,60358,UBC Exchange @ Unloading Only,2026-10-03T18:29:00-07:00,2026-10-03T18:29:00-07:00,2026-10-04T01:29:00Z,2026-10-04T01:29:00Z,15461626,99 Broadway B-Line/To UBC Exchange,1,0,https://gtfs-static.translink.ca/gtfs/google_transit.zip
26SEP_20260925,20260907,20270103,2026-10-03,saturday,99,toward_ubc,arrival,12600,60358,UBC Exchange @ Unloading Only,2026-10-03T18:36:00-07:00,2026-10-03T18:36:00-07:00,2026-10-04T01:36:00Z,2026-10-04T01:36:00Z,15461627,99 Broadway B-Line/To UBC Exchange,1,0,https://gtfs-static.translink.ca/gtfs/google_transit.zip
26SEP_20260925,20260907,20270103,2026-10-03,saturday,99,toward_ubc,arrival,12600,60358,UBC Exchange @ Unloading Only,2026-10-03T18:44:00-07:00,2026-10-03T18:44:00-07:00,2026-10-04T01:44:00Z,2026-10-04T01:44:00Z,15461628,99 Broadway B-Line/To UBC Exchange,1,0,https://gtfs-static.translink.ca/gtfs/google_transit.zip
26SEP_20260925,20260907,20270103,2026-10-03,saturday,99,toward_ubc,arrival,12600,60358,UBC Exchange @ Unloading Only,2026-10-03T18:53:00-07:00,2026-10-03T18:53:00-07:00,2026-10-04T01:53:00Z,2026-10-04T01:53:00Z,15461629,99 Broadway B-Line/To UBC Exchange,1,0,https://gtfs-static.translink.ca/gtfs/google_transit.zip
26SEP_20260925,20260907,20270103,2026-10-03,saturday,99,toward_ubc,arrival,12600,60358,UBC Exchange @ Unloading Only,2026-10-03T19:01:00-07:00,2026-10-03T19:01:00-07:00,2026-10-04T02:01:00Z,2026-10-04T02:01:00Z,15461630,99 Broadway B-Line/To UBC Exchange,1,0,https://gtfs-static.translink.ca/gtfs/google_transit.zip
26SEP_20260925,20260907,20270103,2026-10-03,saturday,99,toward_ubc,arrival,12600,60358,UBC Exchange @ Unloading Only,2026-10-03T19:09:00-07:00,2026-10-03T19:09:00-07:00,2026-10-04T02:09:00Z,2026-10-04T02:09:00Z,15461631,99 Broadway B-Line/To UBC Exchange,1,0,https://gtfs-static.translink.ca/gtfs/google_transit.zip
26SEP_20260925,20260907,20270103,2026-10-03,saturday,99,toward_ubc,arrival,12600,60358,UBC Exchange @ Unloading Only,2026-10-03T19:16:00-07:00,2026-10-03T19:16:00-07:00,2026-10-04T02:16:00Z,2026-10-04T02:16:00Z,15461632,99 Broadway B-Line/To UBC Exchange,1,0,https://gtfs-static.translink.ca/gtfs/google_transit.zip
26SEP_20260925,20260907,20270103,2026-10-03,saturday,99,toward_ubc,arrival,12600,60358,UBC Exchange @ Unloading Only,2026-10-03T19:24:00-07:00,2026-10-03T19:24:00-07:00,2026-10-04T02:24:00Z,2026-10-04T02:24:00Z,15461633,99 Broadway B-Line/To UBC Exchange,1,0,https://gtfs-static.translink.ca/gtfs/google_transit.zip
26SEP_20260925,20260907,20270103,2026-10-03,saturday,99,toward_ubc,arrival,12600,60358,UBC Exchange @ Unloading Only,2026-10-03T19:33:00-07:00,2026-10-03T19:33:00-07:00,2026-10-04T02:33:00Z,2026-10-04T02:33:00Z,15461634,99 Broadway B-Line/To UBC Exchange,1,0,https://gtfs-static.translink.ca/gtfs/google_transit.zip
26SEP_20260925,20260907,20270103,2026-10-03,saturday,99,toward_ubc,arrival,12600,60358,UBC Exchange @ Unloading Only,2026-10-03T19:40:00-07:00,2026-10-03T19:40:00-07:00,2026-10-04T02:40:00Z,2026-10-04T02:40:00Z,15461635,99 Broadway B-Line/To UBC Exchange,1,0,https://gtfs-static.translink.ca/gtfs/google_transit.zip
26SEP_20260925,20260907,20270103,2026-10-03,saturday,99,toward_ubc,arrival,12600,60358,UBC Exchange @ Unloading Only,2026-10-03T19:48:00-07:00,2026-10-03T19:48:00-07:00,2026-10-04T02:48:00Z,2026-10-04T02:48:00Z,15461636,99 Broadway B-Line/To UBC Exchange,1,0,https://gtfs-static.translink.ca/gtfs/google_transit.zip
26SEP_20260925,20260907,20270103,2026-10-03,saturday,99,toward_ubc,arrival,12600,60358,UBC Exchange @ Unloading Only,2026-10-03T19:58:00-07:00,2026-10-03T19:58:00-07:00,2026-10-04T02:58:00Z,2026-10-04T02:58:00Z,15461637,99 Broadway B-Line/To UBC Exchange,1,0,https://gtfs-static.translink.ca/gtfs/google_transit.zip
26SEP_20260925,20260907,20270103,2026-10-03,saturday,99,toward_ubc,arrival,12600,60358,UBC Exchange @ Unloading Only,2026-10-03T20:08:00-07:00,2026-10-03T20:08:00-07:00,2026-10-04T03:08:00Z,2026-10-04T03:08:00Z,15461638,99 Broadway B-Line/To UBC Exchange,1,0,https://gtfs-static.translink.ca/gtfs/google_transit.zip
26SEP_20260925,20260907,20270103,2026-10-03,saturday,99,toward_ubc,arrival,12600,60358,UBC Exchange @ Unloading Only,2026-10-03T20:17:00-07:00,2026-10-03T20:17:00-07:00,2026-10-04T03:17:00Z,2026-10-04T03:17:00Z,15461639,99 Broadway B-Line/To UBC Exchange,1,0,https://gtfs-static.translink.ca/gtfs/google_transit.zip
26SEP_20260925,20260907,20270103,2026-10-03,saturday,99,toward_ubc,arrival,12600,60358,UBC Exchange @ Unloading Only,2026-10-03T20:28:00-07:00,2026-10-03T20:28:00-07:00,2026-10-04T03:28:00Z,2026-10-04T03:28:00Z,15461640,99 Broadway B-Line/To UBC Exchange,1,0,https://gtfs-static.translink.ca/gtfs/google_transit.zip
26SEP_20260925,20260907,20270103,2026-10-03,saturday,99,toward_ubc,arrival,12600,60358,UBC Exchange @ Unloading Only,2026-10-03T20:38:00-07:00,2026-10-03T20:38:00-07:00,2026-10-04T03:38:00Z,2026-10-04T03:38:00Z,15461641,99 Broadway B-Line/To UBC Exchange,1,0,https://gtfs-static.translink.ca/gtfs/google_transit.zip
26SEP_20260925,20260907,20270103,2026-10-03,saturday,99,toward_ubc,arrival,12600,60358,UBC Exchange @ Unloading Only,2026-10-03T20:48:00-07:00,2026-10-03T20:48:00-07:00,2026-10-04T03:48:00Z,2026-10-04T03:48:00Z,15461642,99 Broadway B-Line/To UBC Exchange,1,0,https://gtfs-static.translink.ca/gtfs/google_transit.zip
26SEP_20260925,20260907,20270103,2026-10-03,saturday,99,toward_ubc,arrival,12600,60358,UBC Exchange @ Unloading Only,2026-10-03T20:58:00-07:00,2026-10-03T20:58:00-07:00,2026-10-04T03:58:00Z,2026-10-04T03:58:00Z,15461643,99 Broadway B-Line/To UBC Exchange,1,0,https://gtfs-static.translink.ca/gtfs/google_transit.zip
26SEP_20260925,20260907,20270103,2026-10-03,saturday,99,toward_ubc,arrival,12600,60358,UBC Exchange @ Unloading Only,2026-10-03T21:09:00-07:00,2026-10-03T21:09:00-07:00,2026-10-04T04:09:00Z,2026-10-04T04:09:00Z,15461644,99 Broadway B-Line/To UBC Exchange,1,0,https://gtfs-static.translink.ca/gtfs/google_transit.zip
26SEP_20260925,20260907,20270103,2026-10-03,saturday,99,toward_ubc,arrival,12600,60358,UBC Exchange @ Unloading Only,2026-10-03T21:17:00-07:00,2026-10-03T21:17:00-07:00,2026-10-04T04:17:00Z,2026-10-04T04:17:00Z,15461645,99 Broadway B-Line/To UBC Exchange,1,0,https://gtfs-static.translink.ca/gtfs/google_transit.zip
26SEP_20260925,20260907,20270103,2026-10-03,saturday,99,toward_ubc,arrival,12600,60358,UBC Exchange @ Unloading Only,2026-10-03T21:27:00-07:00,2026-10-03T21:27:00-07:00,2026-10-04T04:27:00Z,2026-10-04T04:27:00Z,15461646,99 Broadway B-Line/To UBC Exchange,1,0,https://gtfs-static.translink.ca/gtfs/google_transit.zip
26SEP_20260925,20260907,20270103,2026-10-03,saturday,99,toward_ubc,arrival,12600,60358,UBC Exchange @ Unloading Only,2026-10-03T21:37:00-07:00,2026-10-03T21:37:00-07:00,2026-10-04T04:37:00Z,2026-10-04T04:37:00Z,15461647,99 Broadway B-Line/To UBC Exchange,1,0,https://gtfs-static.translink.ca/gtfs/google_transit.zip
26SEP_20260925,20260907,20270103,2026-10-03,saturday,99,toward_ubc,arrival,12600,60358,UBC Exchange @ Unloading Only,2026-10-03T21:47:00-07:00,2026-10-03T21:47:00-07:00,2026-10-04T04:47:00Z,2026-10-04T04:47:00Z,15461648,99 Broadway B-Line/To UBC Exchange,1,0,https://gtfs-static.translink.ca/gtfs/google_transit.zip
26SEP_20260925,20260907,20270103,2026-10-03,saturday,99,toward_ubc,arrival,12600,60358,UBC Exchange @ Unloading Only,2026-10-03T21:57:00-07:00,2026-10-03T21:57:00-07:00,2026-10-04T04:57:00Z,2026-10-04T04:57:00Z,15461649,99 Broadway B-Line/To UBC Exchange,1,0,https://gtfs-static.translink.ca/gtfs/google_transit.zip
26SEP_20260925,20260907,20270103,2026-10-03,saturday,99,toward_ubc,arrival,12600,60358,UBC Exchange @ Unloading Only,2026-10-03T22:07:00-07:00,2026-10-03T22:07:00-07:00,2026-10-04T05:07:00Z,2026-10-04T05:07:00Z,15461650,99 Broadway B-Line/To UBC Exchange,1,0,https://gtfs-static.translink.ca/gtfs/google_transit.zip
26SEP_20260925,20260907,20270103,2026-10-03,saturday,99,toward_ubc,arrival,12600,60358,UBC Exchange @ Unloading Only,2026-10-03T22:16:00-07:00,2026-10-03T22:16:00-07:00,2026-10-04T05:16:00Z,2026-10-04T05:16:00Z,15461651,99 Broadway B-Line/To UBC Exchange,1,0,https://gtfs-static.translink.ca/gtfs/google_transit.zip
26SEP_20260925,20260907,20270103,2026-10-03,saturday,99,toward_ubc,arrival,12600,60358,UBC Exchange @ Unloading Only,2026-10-03T22:27:00-07:00,2026-10-03T22:27:00-07:00,2026-10-04T05:27:00Z,2026-10-04T05:27:00Z,15461652,99 Broadway B-Line/To UBC Exchange,1,0,https://gtfs-static.translink.ca/gtfs/google_transit.zip
26SEP_20260925,20260907,20270103,2026-10-03,saturday,99,toward_ubc,arrival,12600,60358,UBC Exchange @ Unloading Only,2026-10-03T22:38:00-07:00,2026-10-03T22:38:00-07:00,2026-10-04T05:38:00Z,2026-10-04T05:38:00Z,15461653,99 Broadway B-Line/To UBC Exchange,1,0,https://gtfs-static.translink.ca/gtfs/google_transit.zip
26SEP_20260925,20260907,20270103,2026-10-03,saturday,99,toward_ubc,arrival,12600,60358,UBC Exchange @ Unloading Only,2026-10-03T22:49:00-07:00,2026-10-03T22:49:00-07:00,2026-10-04T05:49:00Z,2026-10-04T05:49:00Z,15461654,99 Broadway B-Line/To UBC Exchange,1,0,https://gtfs-static.translink.ca/gtfs/google_transit.zip
26SEP_20260925,20260907,20270103,2026-10-03,saturday,99,toward_ubc,arrival,12600,60358,UBC Exchange @ Unloading Only,2026-10-03T23:00:00-07:00,2026-10-03T23:00:00-07:00,2026-10-04T06:00:00Z,2026-10-04T06:00:00Z,15461655,99 Broadway B-Line/To UBC Exchange,1,0,https://gtfs-static.translink.ca/gtfs/google_transit.zip
26SEP_20260925,20260907,20270103,2026-10-03,saturday,99,toward_ubc,arrival,12600,60358,UBC Exchange @ Unloading Only,2026-10-03T23:12:00-07:00,2026-10-03T23:12:00-07:00,2026-10-04T06:12:00Z,2026-10-04T06:12:00Z,15461656,99 Broadway B-Line/To UBC Exchange,1,0,https://gtfs-static.translink.ca/gtfs/google_transit.zip
26SEP_20260925,20260907,20270103,2026-10-03,saturday,99,toward_ubc,arrival,12600,60358,UBC Exchange @ Unloading Only,2026-10-03T23:24:00-07:00,2026-10-03T23:24:00-07:00,2026-10-04T06:24:00Z,2026-10-04T06:24:00Z,15461657,99 Broadway B-Line/To UBC Exchange,1,0,https://gtfs-static.translink.ca/gtfs/google_transit.zip
26SEP_20260925,20260907,20270103,2026-10-03,saturday,99,toward_ubc,arrival,12600,60358,UBC Exchange @ Unloading Only,2026-10-03T23:36:00-07:00,2026-10-03T23:36:00-07:00,2026-10-04T06:36:00Z,2026-10-04T06:36:00Z,15461658,99 Broadway B-Line/To UBC Exchange,1,0,https://gtfs-static.translink.ca/gtfs/google_transit.zip
26SEP_20260925,20260907,20270103,2026-10-03,saturday,99,toward_ubc,arrival,12600,60358,UBC Exchange @ Unloading Only,2026-10-03T23:46:00-07:00,2026-10-03T23:46:00-07:00,2026-10-04T06:46:00Z,2026-10-04T06:46:00Z,15461659,99 Broadway B-Line/To UBC Exchange,1,0,https://gtfs-static.translink.ca/gtfs/google_transit.zip
26SEP_20260925,20260907,20270103,2026-10-03,saturday,99,toward_ubc,arrival,12600,60358,UBC Exchange @ Unloading Only,2026-10-03T23:58:00-07:00,2026-10-03T23:58:00-07:00,2026-10-04T06:58:00Z,2026-10-04T06:58:00Z,15461660,99 Broadway B-Line/To UBC Exchange,1,0,https://gtfs-static.translink.ca/gtfs/google_transit.zip
26SEP_20260925,20260907,20270103,2026-10-03,saturday,99,toward_ubc,arrival,12600,60358,UBC Exchange @ Unloading Only,2026-10-04T00:10:00-07:00,2026-10-04T00:10:00-07:00,2026-10-04T07:10:00Z,2026-10-04T07:10:00Z,15461661,99 Broadway B-Line/To UBC Exchange,1,0,https://gtfs-static.translink.ca/gtfs/google_transit.zip
26SEP_20260925,20260907,20270103,2026-10-03,saturday,99,toward_ubc,arrival,12600,60358,UBC Exchange @ Unloading Only,2026-10-04T00:23:00-07:00,2026-10-04T00:23:00-07:00,2026-10-04T07:23:00Z,2026-10-04T07:23:00Z,15461662,99 Broadway B-Line/To UBC Exchange,1,0,https://gtfs-static.translink.ca/gtfs/google_transit.zip
26SEP_20260925,20260907,20270103,2026-10-03,saturday,99,toward_ubc,arrival,12600,60358,UBC Exchange @ Unloading Only,2026-10-04T00:37:00-07:00,2026-10-04T00:37:00-07:00,2026-10-04T07:37:00Z,2026-10-04T07:37:00Z,15461663,99 Broadway B-Line/To UBC Exchange,1,0,https://gtfs-static.translink.ca/gtfs/google_transit.zip
26SEP_20260925,20260907,20270103,2026-10-03,saturday,99,toward_ubc,arrival,12600,60358,UBC Exchange @ Unloading Only,2026-10-04T00:52:00-07:00,2026-10-04T00:52:00-07:00,2026-10-04T07:52:00Z,2026-10-04T07:52:00Z,15461664,99 Broadway B-Line/To UBC Exchange,1,0,https://gtfs-static.translink.ca/gtfs/google_transit.zip
26SEP_20260925,20260907,20270103,2026-10-03,saturday,99,toward_ubc,arrival,12600,60358,UBC Exchange @ Unloading Only,2026-10-04T01:05:00-07:00,2026-10-04T01:05:00-07:00,2026-10-04T08:05:00Z,2026-10-04T08:05:00Z,15461665,99 Broadway B-Line/To UBC Exchange,1,0,https://gtfs-static.translink.ca/gtfs/google_transit.zip
26SEP_20260925,20260907,20270103,2026-10-03,saturday,99,toward_ubc,arrival,12600,60358,UBC Exchange @ Unloading Only,2026-10-04T01:22:00-07:00,2026-10-04T01:22:00-07:00,2026-10-04T08:22:00Z,2026-10-04T08:22:00Z,15461666,99 Broadway B-Line/To UBC Exchange,1,0,https://gtfs-static.translink.ca/gtfs/google_transit.zip
26SEP_20260925,20260907,20270103,2026-10-03,saturday,99,toward_ubc,arrival,12600,60358,UBC Exchange @ Unloading Only,2026-10-04T01:37:00-07:00,2026-10-04T01:37:00-07:00,2026-10-04T08:37:00Z,2026-10-04T08:37:00Z,15461667,99 Broadway B-Line/To UBC Exchange,1,0,https://gtfs-static.translink.ca/gtfs/google_transit.zip
26SEP_20260925,20260907,20270103,2026-10-03,saturday,99,toward_ubc,arrival,12600,60358,UBC Exchange @ Unloading Only,2026-10-04T01:51:00-07:00,2026-10-04T01:51:00-07:00,2026-10-04T08:51:00Z,2026-10-04T08:51:00Z,15461668,99 Broadway B-Line/To UBC Exchange,1,0,https://gtfs-static.translink.ca/gtfs/google_transit.zip
26SEP_20260925,20260907,20270103,2026-10-03,saturday,99,toward_ubc,arrival,12600,60358,UBC Exchange @ Unloading Only,2026-10-04T02:06:00-07:00,2026-10-04T02:06:00-07:00,2026-10-04T09:06:00Z,2026-10-04T09:06:00Z,15461669,99 Broadway B-Line/To UBC Exchange,1,0,https://gtfs-static.translink.ca/gtfs/google_transit.zip
26SEP_20260925,20260907,20270103,2026-10-03,saturday,99,toward_ubc,arrival,12600,60358,UBC Exchange @ Unloading Only,2026-10-04T02:26:00-07:00,2026-10-04T02:26:00-07:00,2026-10-04T09:26:00Z,2026-10-04T09:26:00Z,15461670,99 Broadway B-Line/To UBC Exchange,1,0,https://gtfs-static.translink.ca/gtfs/google_transit.zip
26SEP_20260925,20260907,20270103,2026-10-03,saturday,R4,away_from_ubc,departure,12361,60162,UBC Exchange @ Bay 4,2026-10-03T05:48:00-07:00,2026-10-03T05:48:00-07:00,2026-10-03T12:48:00Z,2026-10-03T12:48:00Z,15509423,R4 41st Avenue/To Joyce Station,0,0,https://gtfs-static.translink.ca/gtfs/google_transit.zip
26SEP_20260925,20260907,20270103,2026-10-03,saturday,R4,away_from_ubc,departure,12361,60162,UBC Exchange @ Bay 4,2026-10-03T06:03:00-07:00,2026-10-03T06:03:00-07:00,2026-10-03T13:03:00Z,2026-10-03T13:03:00Z,15509424,R4 41st Avenue/To Joyce Station,0,0,https://gtfs-static.translink.ca/gtfs/google_transit.zip
26SEP_20260925,20260907,20270103,2026-10-03,saturday,R4,away_from_ubc,departure,12361,60162,UBC Exchange @ Bay 4,2026-10-03T06:18:00-07:00,2026-10-03T06:18:00-07:00,2026-10-03T13:18:00Z,2026-10-03T13:18:00Z,15509425,R4 41st Avenue/To Joyce Station,0,0,https://gtfs-static.translink.ca/gtfs/google_transit.zip
26SEP_20260925,20260907,20270103,2026-10-03,saturday,R4,away_from_ubc,departure,12361,60162,UBC Exchange @ Bay 4,2026-10-03T06:33:00-07:00,2026-10-03T06:33:00-07:00,2026-10-03T13:33:00Z,2026-10-03T13:33:00Z,15509426,R4 41st Avenue/To Joyce Station,0,0,https://gtfs-static.translink.ca/gtfs/google_transit.zip
26SEP_20260925,20260907,20270103,2026-10-03,saturday,R4,away_from_ubc,departure,12361,60162,UBC Exchange @ Bay 4,2026-10-03T06:48:00-07:00,2026-10-03T06:48:00-07:00,2026-10-03T13:48:00Z,2026-10-03T13:48:00Z,15509427,R4 41st Avenue/To Joyce Station,0,0,https://gtfs-static.translink.ca/gtfs/google_transit.zip
26SEP_20260925,20260907,20270103,2026-10-03,saturday,R4,away_from_ubc,departure,12361,60162,UBC Exchange @ Bay 4,2026-10-03T07:03:00-07:00,2026-10-03T07:03:00-07:00,2026-10-03T14:03:00Z,2026-10-03T14:03:00Z,15509428,R4 41st Avenue/To Joyce Station,0,0,https://gtfs-static.translink.ca/gtfs/google_transit.zip
26SEP_20260925,20260907,20270103,2026-10-03,saturday,R4,away_from_ubc,departure,12361,60162,UBC Exchange @ Bay 4,2026-10-03T07:19:00-07:00,2026-10-03T07:19:00-07:00,2026-10-03T14:19:00Z,2026-10-03T14:19:00Z,15509429,R4 41st Avenue/To Joyce Station,0,0,https://gtfs-static.translink.ca/gtfs/google_transit.zip
26SEP_20260925,20260907,20270103,2026-10-03,saturday,R4,away_from_ubc,departure,12361,60162,UBC Exchange @ Bay 4,2026-10-03T07:34:00-07:00,2026-10-03T07:34:00-07:00,2026-10-03T14:34:00Z,2026-10-03T14:34:00Z,15509430,R4 41st Avenue/To Joyce Station,0,0,https://gtfs-static.translink.ca/gtfs/google_transit.zip
26SEP_20260925,20260907,20270103,2026-10-03,saturday,R4,away_from_ubc,departure,12361,60162,UBC Exchange @ Bay 4,2026-10-03T07:49:00-07:00,2026-10-03T07:49:00-07:00,2026-10-03T14:49:00Z,2026-10-03T14:49:00Z,15509431,R4 41st Avenue/To Joyce Station,0,0,https://gtfs-static.translink.ca/gtfs/google_transit.zip
26SEP_20260925,20260907,20270103,2026-10-03,saturday,R4,away_from_ubc,departure,12361,60162,UBC Exchange @ Bay 4,2026-10-03T08:03:00-07:00,2026-10-03T08:03:00-07:00,2026-10-03T15:03:00Z,2026-10-03T15:03:00Z,15509432,R4 41st Avenue/To Joyce Station,0,0,https://gtfs-static.translink.ca/gtfs/google_transit.zip
26SEP_20260925,20260907,20270103,2026-10-03,saturday,R4,away_from_ubc,departure,12361,60162,UBC Exchange @ Bay 4,2026-10-03T08:13:00-07:00,2026-10-03T08:13:00-07:00,2026-10-03T15:13:00Z,2026-10-03T15:13:00Z,15509433,R4 41st Avenue/To Joyce Station,0,0,https://gtfs-static.translink.ca/gtfs/google_transit.zip
26SEP_20260925,20260907,20270103,2026-10-03,saturday,R4,away_from_ubc,departure,12361,60162,UBC Exchange @ Bay 4,2026-10-03T08:23:00-07:00,2026-10-03T08:23:00-07:00,2026-10-03T15:23:00Z,2026-10-03T15:23:00Z,15509434,R4 41st Avenue/To Joyce Station,0,0,https://gtfs-static.translink.ca/gtfs/google_transit.zip
26SEP_20260925,20260907,20270103,2026-10-03,saturday,R4,away_from_ubc,departure,12361,60162,UBC Exchange @ Bay 4,2026-10-03T08:33:00-07:00,2026-10-03T08:33:00-07:00,2026-10-03T15:33:00Z,2026-10-03T15:33:00Z,15509535,R4 41st Avenue/To Joyce Station,0,0,https://gtfs-static.translink.ca/gtfs/google_transit.zip
26SEP_20260925,20260907,20270103,2026-10-03,saturday,R4,away_from_ubc,departure,12361,60162,UBC Exchange @ Bay 4,2026-10-03T08:43:00-07:00,2026-10-03T08:43:00-07:00,2026-10-03T15:43:00Z,2026-10-03T15:43:00Z,15509435,R4 41st Avenue/To Joyce Station,0,0,https://gtfs-static.translink.ca/gtfs/google_transit.zip
26SEP_20260925,20260907,20270103,2026-10-03,saturday,R4,away_from_ubc,departure,12361,60162,UBC Exchange @ Bay 4,2026-10-03T08:52:00-07:00,2026-10-03T08:52:00-07:00,2026-10-03T15:52:00Z,2026-10-03T15:52:00Z,15509436,R4 41st Avenue/To Joyce Station,0,0,https://gtfs-static.translink.ca/gtfs/google_transit.zip
26SEP_20260925,20260907,20270103,2026-10-03,saturday,R4,away_from_ubc,departure,12361,60162,UBC Exchange @ Bay 4,2026-10-03T08:59:00-07:00,2026-10-03T08:59:00-07:00,2026-10-03T15:59:00Z,2026-10-03T15:59:00Z,15509437,R4 41st Avenue/To Joyce Station,0,0,https://gtfs-static.translink.ca/gtfs/google_transit.zip
26SEP_20260925,20260907,20270103,2026-10-03,saturday,R4,away_from_ubc,departure,12361,60162,UBC Exchange @ Bay 4,2026-10-03T09:08:00-07:00,2026-10-03T09:08:00-07:00,2026-10-03T16:08:00Z,2026-10-03T16:08:00Z,15509438,R4 41st Avenue/To Joyce Station,0,0,https://gtfs-static.translink.ca/gtfs/google_transit.zip
26SEP_20260925,20260907,20270103,2026-10-03,saturday,R4,away_from_ubc,departure,12361,60162,UBC Exchange @ Bay 4,2026-10-03T09:16:00-07:00,2026-10-03T09:16:00-07:00,2026-10-03T16:16:00Z,2026-10-03T16:16:00Z,15509439,R4 41st Avenue/To Joyce Station,0,0,https://gtfs-static.translink.ca/gtfs/google_transit.zip
26SEP_20260925,20260907,20270103,2026-10-03,saturday,R4,away_from_ubc,departure,12361,60162,UBC Exchange @ Bay 4,2026-10-03T09:24:00-07:00,2026-10-03T09:24:00-07:00,2026-10-03T16:24:00Z,2026-10-03T16:24:00Z,15509536,R4 41st Avenue/To Joyce Station,0,0,https://gtfs-static.translink.ca/gtfs/google_transit.zip
26SEP_20260925,20260907,20270103,2026-10-03,saturday,R4,away_from_ubc,departure,12361,60162,UBC Exchange @ Bay 4,2026-10-03T09:33:00-07:00,2026-10-03T09:33:00-07:00,2026-10-03T16:33:00Z,2026-10-03T16:33:00Z,15509440,R4 41st Avenue/To Joyce Station,0,0,https://gtfs-static.translink.ca/gtfs/google_transit.zip
26SEP_20260925,20260907,20270103,2026-10-03,saturday,R4,away_from_ubc,departure,12361,60162,UBC Exchange @ Bay 4,2026-10-03T09:41:00-07:00,2026-10-03T09:41:00-07:00,2026-10-03T16:41:00Z,2026-10-03T16:41:00Z,15509441,R4 41st Avenue/To Joyce Station,0,0,https://gtfs-static.translink.ca/gtfs/google_transit.zip
26SEP_20260925,20260907,20270103,2026-10-03,saturday,R4,away_from_ubc,departure,12361,60162,UBC Exchange @ Bay 4,2026-10-03T09:49:00-07:00,2026-10-03T09:49:00-07:00,2026-10-03T16:49:00Z,2026-10-03T16:49:00Z,15509442,R4 41st Avenue/To Joyce Station,0,0,https://gtfs-static.translink.ca/gtfs/google_transit.zip
26SEP_20260925,20260907,20270103,2026-10-03,saturday,R4,away_from_ubc,departure,12361,60162,UBC Exchange @ Bay 4,2026-10-03T09:58:00-07:00,2026-10-03T09:58:00-07:00,2026-10-03T16:58:00Z,2026-10-03T16:58:00Z,15509443,R4 41st Avenue/To Joyce Station,0,0,https://gtfs-static.translink.ca/gtfs/google_transit.zip
26SEP_20260925,20260907,20270103,2026-10-03,saturday,R4,away_from_ubc,departure,12361,60162,UBC Exchange @ Bay 4,2026-10-03T10:06:00-07:00,2026-10-03T10:06:00-07:00,2026-10-03T17:06:00Z,2026-10-03T17:06:00Z,15509444,R4 41st Avenue/To Joyce Station,0,0,https://gtfs-static.translink.ca/gtfs/google_transit.zip
26SEP_20260925,20260907,20270103,2026-10-03,saturday,R4,away_from_ubc,departure,12361,60162,UBC Exchange @ Bay 4,2026-10-03T10:14:00-07:00,2026-10-03T10:14:00-07:00,2026-10-03T17:14:00Z,2026-10-03T17:14:00Z,15509445,R4 41st Avenue/To Joyce Station,0,0,https://gtfs-static.translink.ca/gtfs/google_transit.zip
26SEP_20260925,20260907,20270103,2026-10-03,saturday,R4,away_from_ubc,departure,12361,60162,UBC Exchange @ Bay 4,2026-10-03T10:22:00-07:00,2026-10-03T10:22:00-07:00,2026-10-03T17:22:00Z,2026-10-03T17:22:00Z,15509537,R4 41st Avenue/To Joyce Station,0,0,https://gtfs-static.translink.ca/gtfs/google_transit.zip
26SEP_20260925,20260907,20270103,2026-10-03,saturday,R4,away_from_ubc,departure,12361,60162,UBC Exchange @ Bay 4,2026-10-03T10:30:00-07:00,2026-10-03T10:30:00-07:00,2026-10-03T17:30:00Z,2026-10-03T17:30:00Z,15509446,R4 41st Avenue/To Joyce Station,0,0,https://gtfs-static.translink.ca/gtfs/google_transit.zip
26SEP_20260925,20260907,20270103,2026-10-03,saturday,R4,away_from_ubc,departure,12361,60162,UBC Exchange @ Bay 4,2026-10-03T10:38:00-07:00,2026-10-03T10:38:00-07:00,2026-10-03T17:38:00Z,2026-10-03T17:38:00Z,15509447,R4 41st Avenue/To Joyce Station,0,0,https://gtfs-static.translink.ca/gtfs/google_transit.zip
26SEP_20260925,20260907,20270103,2026-10-03,saturday,R4,away_from_ubc,departure,12361,60162,UBC Exchange @ Bay 4,2026-10-03T10:46:00-07:00,2026-10-03T10:46:00-07:00,2026-10-03T17:46:00Z,2026-10-03T17:46:00Z,15509523,R4 41st Avenue/To Joyce Station,0,0,https://gtfs-static.translink.ca/gtfs/google_transit.zip
26SEP_20260925,20260907,20270103,2026-10-03,saturday,R4,away_from_ubc,departure,12361,60162,UBC Exchange @ Bay 4,2026-10-03T10:54:00-07:00,2026-10-03T10:54:00-07:00,2026-10-03T17:54:00Z,2026-10-03T17:54:00Z,15509448,R4 41st Avenue/To Joyce Station,0,0,https://gtfs-static.translink.ca/gtfs/google_transit.zip
26SEP_20260925,20260907,20270103,2026-10-03,saturday,R4,away_from_ubc,departure,12361,60162,UBC Exchange @ Bay 4,2026-10-03T11:03:00-07:00,2026-10-03T11:03:00-07:00,2026-10-03T18:03:00Z,2026-10-03T18:03:00Z,15509449,R4 41st Avenue/To Joyce Station,0,0,https://gtfs-static.translink.ca/gtfs/google_transit.zip
26SEP_20260925,20260907,20270103,2026-10-03,saturday,R4,away_from_ubc,departure,12361,60162,UBC Exchange @ Bay 4,2026-10-03T11:11:00-07:00,2026-10-03T11:11:00-07:00,2026-10-03T18:11:00Z,2026-10-03T18:11:00Z,15509450,R4 41st Avenue/To Joyce Station,0,0,https://gtfs-static.translink.ca/gtfs/google_transit.zip
26SEP_20260925,20260907,20270103,2026-10-03,saturday,R4,away_from_ubc,departure,12361,60162,UBC Exchange @ Bay 4,2026-10-03T11:20:00-07:00,2026-10-03T11:20:00-07:00,2026-10-03T18:20:00Z,2026-10-03T18:20:00Z,15509451,R4 41st Avenue/To Joyce Station,0,0,https://gtfs-static.translink.ca/gtfs/google_transit.zip
26SEP_20260925,20260907,20270103,2026-10-03,saturday,R4,away_from_ubc,departure,12361,60162,UBC Exchange @ Bay 4,2026-10-03T11:28:00-07:00,2026-10-03T11:28:00-07:00,2026-10-03T18:28:00Z,2026-10-03T18:28:00Z,15509452,R4 41st Avenue/To Joyce Station,0,0,https://gtfs-static.translink.ca/gtfs/google_transit.zip
26SEP_20260925,20260907,20270103,2026-10-03,saturday,R4,away_from_ubc,departure,12361,60162,UBC Exchange @ Bay 4,2026-10-03T11:37:00-07:00,2026-10-03T11:37:00-07:00,2026-10-03T18:37:00Z,2026-10-03T18:37:00Z,15509524,R4 41st Avenue/To Joyce Station,0,0,https://gtfs-static.translink.ca/gtfs/google_transit.zip
26SEP_20260925,20260907,20270103,2026-10-03,saturday,R4,away_from_ubc,departure,12361,60162,UBC Exchange @ Bay 4,2026-10-03T11:45:00-07:00,2026-10-03T11:45:00-07:00,2026-10-03T18:45:00Z,2026-10-03T18:45:00Z,15509453,R4 41st Avenue/To Joyce Station,0,0,https://gtfs-static.translink.ca/gtfs/google_transit.zip
26SEP_20260925,20260907,20270103,2026-10-03,saturday,R4,away_from_ubc,departure,12361,60162,UBC Exchange @ Bay 4,2026-10-03T11:54:00-07:00,2026-10-03T11:54:00-07:00,2026-10-03T18:54:00Z,2026-10-03T18:54:00Z,15509454,R4 41st Avenue/To Joyce Station,0,0,https://gtfs-static.translink.ca/gtfs/google_transit.zip
26SEP_20260925,20260907,20270103,2026-10-03,saturday,R4,away_from_ubc,departure,12361,60162,UBC Exchange @ Bay 4,2026-10-03T12:02:00-07:00,2026-10-03T12:02:00-07:00,2026-10-03T19:02:00Z,2026-10-03T19:02:00Z,15509455,R4 41st Avenue/To Joyce Station,0,0,https://gtfs-static.translink.ca/gtfs/google_transit.zip
26SEP_20260925,20260907,20270103,2026-10-03,saturday,R4,away_from_ubc,departure,12361,60162,UBC Exchange @ Bay 4,2026-10-03T12:11:00-07:00,2026-10-03T12:11:00-07:00,2026-10-03T19:11:00Z,2026-10-03T19:11:00Z,15509456,R4 41st Avenue/To Joyce Station,0,0,https://gtfs-static.translink.ca/gtfs/google_transit.zip
26SEP_20260925,20260907,20270103,2026-10-03,saturday,R4,away_from_ubc,departure,12361,60162,UBC Exchange @ Bay 4,2026-10-03T12:19:00-07:00,2026-10-03T12:19:00-07:00,2026-10-03T19:19:00Z,2026-10-03T19:19:00Z,15509457,R4 41st Avenue/To Joyce Station,0,0,https://gtfs-static.translink.ca/gtfs/google_transit.zip
26SEP_20260925,20260907,20270103,2026-10-03,saturday,R4,away_from_ubc,departure,12361,60162,UBC Exchange @ Bay 4,2026-10-03T12:28:00-07:00,2026-10-03T12:28:00-07:00,2026-10-03T19:28:00Z,2026-10-03T19:28:00Z,15509458,R4 41st Avenue/To Joyce Station,0,0,https://gtfs-static.translink.ca/gtfs/google_transit.zip
26SEP_20260925,20260907,20270103,2026-10-03,saturday,R4,away_from_ubc,departure,12361,60162,UBC Exchange @ Bay 4,2026-10-03T12:36:00-07:00,2026-10-03T12:36:00-07:00,2026-10-03T19:36:00Z,2026-10-03T19:36:00Z,15509525,R4 41st Avenue/To Joyce Station,0,0,https://gtfs-static.translink.ca/gtfs/google_transit.zip
26SEP_20260925,20260907,20270103,2026-10-03,saturday,R4,away_from_ubc,departure,12361,60162,UBC Exchange @ Bay 4,2026-10-03T12:45:00-07:00,2026-10-03T12:45:00-07:00,2026-10-03T19:45:00Z,2026-10-03T19:45:00Z,15509459,R4 41st Avenue/To Joyce Station,0,0,https://gtfs-static.translink.ca/gtfs/google_transit.zip
26SEP_20260925,20260907,20270103,2026-10-03,saturday,R4,away_from_ubc,departure,12361,60162,UBC Exchange @ Bay 4,2026-10-03T12:53:00-07:00,2026-10-03T12:53:00-07:00,2026-10-03T19:53:00Z,2026-10-03T19:53:00Z,15509460,R4 41st Avenue/To Joyce Station,0,0,https://gtfs-static.translink.ca/gtfs/google_transit.zip
26SEP_20260925,20260907,20270103,2026-10-03,saturday,R4,away_from_ubc,departure,12361,60162,UBC Exchange @ Bay 4,2026-10-03T13:02:00-07:00,2026-10-03T13:02:00-07:00,2026-10-03T20:02:00Z,2026-10-03T20:02:00Z,15509461,R4 41st Avenue/To Joyce Station,0,0,https://gtfs-static.translink.ca/gtfs/google_transit.zip
26SEP_20260925,20260907,20270103,2026-10-03,saturday,R4,away_from_ubc,departure,12361,60162,UBC Exchange @ Bay 4,2026-10-03T13:10:00-07:00,2026-10-03T13:10:00-07:00,2026-10-03T20:10:00Z,2026-10-03T20:10:00Z,15509462,R4 41st Avenue/To Joyce Station,0,0,https://gtfs-static.translink.ca/gtfs/google_transit.zip
26SEP_20260925,20260907,20270103,2026-10-03,saturday,R4,away_from_ubc,departure,12361,60162,UBC Exchange @ Bay 4,2026-10-03T13:19:00-07:00,2026-10-03T13:19:00-07:00,2026-10-03T20:19:00Z,2026-10-03T20:19:00Z,15509463,R4 41st Avenue/To Joyce Station,0,0,https://gtfs-static.translink.ca/gtfs/google_transit.zip
26SEP_20260925,20260907,20270103,2026-10-03,saturday,R4,away_from_ubc,departure,12361,60162,UBC Exchange @ Bay 4,2026-10-03T13:27:00-07:00,2026-10-03T13:27:00-07:00,2026-10-03T20:27:00Z,2026-10-03T20:27:00Z,15509464,R4 41st Avenue/To Joyce Station,0,0,https://gtfs-static.translink.ca/gtfs/google_transit.zip
26SEP_20260925,20260907,20270103,2026-10-03,saturday,R4,away_from_ubc,departure,12361,60162,UBC Exchange @ Bay 4,2026-10-03T13:36:00-07:00,2026-10-03T13:36:00-07:00,2026-10-03T20:36:00Z,2026-10-03T20:36:00Z,15509526,R4 41st Avenue/To Joyce Station,0,0,https://gtfs-static.translink.ca/gtfs/google_transit.zip
26SEP_20260925,20260907,20270103,2026-10-03,saturday,R4,away_from_ubc,departure,12361,60162,UBC Exchange @ Bay 4,2026-10-03T13:44:00-07:00,2026-10-03T13:44:00-07:00,2026-10-03T20:44:00Z,2026-10-03T20:44:00Z,15509465,R4 41st Avenue/To Joyce Station,0,0,https://gtfs-static.translink.ca/gtfs/google_transit.zip
26SEP_20260925,20260907,20270103,2026-10-03,saturday,R4,away_from_ubc,departure,12361,60162,UBC Exchange @ Bay 4,2026-10-03T13:53:00-07:00,2026-10-03T13:53:00-07:00,2026-10-03T20:53:00Z,2026-10-03T20:53:00Z,15509466,R4 41st Avenue/To Joyce Station,0,0,https://gtfs-static.translink.ca/gtfs/google_transit.zip
26SEP_20260925,20260907,20270103,2026-10-03,saturday,R4,away_from_ubc,departure,12361,60162,UBC Exchange @ Bay 4,2026-10-03T14:00:00-07:00,2026-10-03T14:00:00-07:00,2026-10-03T21:00:00Z,2026-10-03T21:00:00Z,15509467,R4 41st Avenue/To Joyce Station,0,0,https://gtfs-static.translink.ca/gtfs/google_transit.zip
26SEP_20260925,20260907,20270103,2026-10-03,saturday,R4,away_from_ubc,departure,12361,60162,UBC Exchange @ Bay 4,2026-10-03T14:08:00-07:00,2026-10-03T14:08:00-07:00,2026-10-03T21:08:00Z,2026-10-03T21:08:00Z,15509468,R4 41st Avenue/To Joyce Station,0,0,https://gtfs-static.translink.ca/gtfs/google_transit.zip
26SEP_20260925,20260907,20270103,2026-10-03,saturday,R4,away_from_ubc,departure,12361,60162,UBC Exchange @ Bay 4,2026-10-03T14:16:00-07:00,2026-10-03T14:16:00-07:00,2026-10-03T21:16:00Z,2026-10-03T21:16:00Z,15509469,R4 41st Avenue/To Joyce Station,0,0,https://gtfs-static.translink.ca/gtfs/google_transit.zip
26SEP_20260925,20260907,20270103,2026-10-03,saturday,R4,away_from_ubc,departure,12361,60162,UBC Exchange @ Bay 4,2026-10-03T14:24:00-07:00,2026-10-03T14:24:00-07:00,2026-10-03T21:24:00Z,2026-10-03T21:24:00Z,15509470,R4 41st Avenue/To Joyce Station,0,0,https://gtfs-static.translink.ca/gtfs/google_transit.zip
26SEP_20260925,20260907,20270103,2026-10-03,saturday,R4,away_from_ubc,departure,12361,60162,UBC Exchange @ Bay 4,2026-10-03T14:32:00-07:00,2026-10-03T14:32:00-07:00,2026-10-03T21:32:00Z,2026-10-03T21:32:00Z,15509527,R4 41st Avenue/To Joyce Station,0,0,https://gtfs-static.translink.ca/gtfs/google_transit.zip
26SEP_20260925,20260907,20270103,2026-10-03,saturday,R4,away_from_ubc,departure,12361,60162,UBC Exchange @ Bay 4,2026-10-03T14:41:00-07:00,2026-10-03T14:41:00-07:00,2026-10-03T21:41:00Z,2026-10-03T21:41:00Z,15509471,R4 41st Avenue/To Joyce Station,0,0,https://gtfs-static.translink.ca/gtfs/google_transit.zip
26SEP_20260925,20260907,20270103,2026-10-03,saturday,R4,away_from_ubc,departure,12361,60162,UBC Exchange @ Bay 4,2026-10-03T14:49:00-07:00,2026-10-03T14:49:00-07:00,2026-10-03T21:49:00Z,2026-10-03T21:49:00Z,15509472,R4 41st Avenue/To Joyce Station,0,0,https://gtfs-static.translink.ca/gtfs/google_transit.zip
26SEP_20260925,20260907,20270103,2026-10-03,saturday,R4,away_from_ubc,departure,12361,60162,UBC Exchange @ Bay 4,2026-10-03T14:57:00-07:00,2026-10-03T14:57:00-07:00,2026-10-03T21:57:00Z,2026-10-03T21:57:00Z,15509473,R4 41st Avenue/To Joyce Station,0,0,https://gtfs-static.translink.ca/gtfs/google_transit.zip
26SEP_20260925,20260907,20270103,2026-10-03,saturday,R4,away_from_ubc,departure,12361,60162,UBC Exchange @ Bay 4,2026-10-03T15:05:00-07:00,2026-10-03T15:05:00-07:00,2026-10-03T22:05:00Z,2026-10-03T22:05:00Z,15509474,R4 41st Avenue/To Joyce Station,0,0,https://gtfs-static.translink.ca/gtfs/google_transit.zip
26SEP_20260925,20260907,20270103,2026-10-03,saturday,R4,away_from_ubc,departure,12361,60162,UBC Exchange @ Bay 4,2026-10-03T15:13:00-07:00,2026-10-03T15:13:00-07:00,2026-10-03T22:13:00Z,2026-10-03T22:13:00Z,15509475,R4 41st Avenue/To Joyce Station,0,0,https://gtfs-static.translink.ca/gtfs/google_transit.zip
26SEP_20260925,20260907,20270103,2026-10-03,saturday,R4,away_from_ubc,departure,12361,60162,UBC Exchange @ Bay 4,2026-10-03T15:21:00-07:00,2026-10-03T15:21:00-07:00,2026-10-03T22:21:00Z,2026-10-03T22:21:00Z,15509476,R4 41st Avenue/To Joyce Station,0,0,https://gtfs-static.translink.ca/gtfs/google_transit.zip
26SEP_20260925,20260907,20270103,2026-10-03,saturday,R4,away_from_ubc,departure,12361,60162,UBC Exchange @ Bay 4,2026-10-03T15:28:00-07:00,2026-10-03T15:28:00-07:00,2026-10-03T22:28:00Z,2026-10-03T22:28:00Z,15509528,R4 41st Avenue/To Joyce Station,0,0,https://gtfs-static.translink.ca/gtfs/google_transit.zip
26SEP_20260925,20260907,20270103,2026-10-03,saturday,R4,away_from_ubc,departure,12361,60162,UBC Exchange @ Bay 4,2026-10-03T15:35:00-07:00,2026-10-03T15:35:00-07:00,2026-10-03T22:35:00Z,2026-10-03T22:35:00Z,15509477,R4 41st Avenue/To Joyce Station,0,0,https://gtfs-static.translink.ca/gtfs/google_transit.zip
26SEP_20260925,20260907,20270103,2026-10-03,saturday,R4,away_from_ubc,departure,12361,60162,UBC Exchange @ Bay 4,2026-10-03T15:42:00-07:00,2026-10-03T15:42:00-07:00,2026-10-03T22:42:00Z,2026-10-03T22:42:00Z,15509520,R4 41st Avenue/To Joyce Station,0,0,https://gtfs-static.translink.ca/gtfs/google_transit.zip
26SEP_20260925,20260907,20270103,2026-10-03,saturday,R4,away_from_ubc,departure,12361,60162,UBC Exchange @ Bay 4,2026-10-03T15:50:00-07:00,2026-10-03T15:50:00-07:00,2026-10-03T22:50:00Z,2026-10-03T22:50:00Z,15509533,R4 41st Avenue/To Joyce Station,0,0,https://gtfs-static.translink.ca/gtfs/google_transit.zip
26SEP_20260925,20260907,20270103,2026-10-03,saturday,R4,away_from_ubc,departure,12361,60162,UBC Exchange @ Bay 4,2026-10-03T15:59:00-07:00,2026-10-03T15:59:00-07:00,2026-10-03T22:59:00Z,2026-10-03T22:59:00Z,15509478,R4 41st Avenue/To Joyce Station,0,0,https://gtfs-static.translink.ca/gtfs/google_transit.zip
26SEP_20260925,20260907,20270103,2026-10-03,saturday,R4,away_from_ubc,departure,12361,60162,UBC Exchange @ Bay 4,2026-10-03T16:07:00-07:00,2026-10-03T16:07:00-07:00,2026-10-03T23:07:00Z,2026-10-03T23:07:00Z,15509521,R4 41st Avenue/To Joyce Station,0,0,https://gtfs-static.translink.ca/gtfs/google_transit.zip
26SEP_20260925,20260907,20270103,2026-10-03,saturday,R4,away_from_ubc,departure,12361,60162,UBC Exchange @ Bay 4,2026-10-03T16:15:00-07:00,2026-10-03T16:15:00-07:00,2026-10-03T23:15:00Z,2026-10-03T23:15:00Z,15509479,R4 41st Avenue/To Joyce Station,0,0,https://gtfs-static.translink.ca/gtfs/google_transit.zip
26SEP_20260925,20260907,20270103,2026-10-03,saturday,R4,away_from_ubc,departure,12361,60162,UBC Exchange @ Bay 4,2026-10-03T16:24:00-07:00,2026-10-03T16:24:00-07:00,2026-10-03T23:24:00Z,2026-10-03T23:24:00Z,15509480,R4 41st Avenue/To Joyce Station,0,0,https://gtfs-static.translink.ca/gtfs/google_transit.zip
26SEP_20260925,20260907,20270103,2026-10-03,saturday,R4,away_from_ubc,departure,12361,60162,UBC Exchange @ Bay 4,2026-10-03T16:32:00-07:00,2026-10-03T16:32:00-07:00,2026-10-03T23:32:00Z,2026-10-03T23:32:00Z,15509529,R4 41st Avenue/To Joyce Station,0,0,https://gtfs-static.translink.ca/gtfs/google_transit.zip
26SEP_20260925,20260907,20270103,2026-10-03,saturday,R4,away_from_ubc,departure,12361,60162,UBC Exchange @ Bay 4,2026-10-03T16:39:00-07:00,2026-10-03T16:39:00-07:00,2026-10-03T23:39:00Z,2026-10-03T23:39:00Z,15509481,R4 41st Avenue/To Joyce Station,0,0,https://gtfs-static.translink.ca/gtfs/google_transit.zip
26SEP_20260925,20260907,20270103,2026-10-03,saturday,R4,away_from_ubc,departure,12361,60162,UBC Exchange @ Bay 4,2026-10-03T16:47:00-07:00,2026-10-03T16:47:00-07:00,2026-10-03T23:47:00Z,2026-10-03T23:47:00Z,15509482,R4 41st Avenue/To Joyce Station,0,0,https://gtfs-static.translink.ca/gtfs/google_transit.zip
26SEP_20260925,20260907,20270103,2026-10-03,saturday,R4,away_from_ubc,departure,12361,60162,UBC Exchange @ Bay 4,2026-10-03T16:55:00-07:00,2026-10-03T16:55:00-07:00,2026-10-03T23:55:00Z,2026-10-03T23:55:00Z,15509483,R4 41st Avenue/To Joyce Station,0,0,https://gtfs-static.translink.ca/gtfs/google_transit.zip
26SEP_20260925,20260907,20270103,2026-10-03,saturday,R4,away_from_ubc,departure,12361,60162,UBC Exchange @ Bay 4,2026-10-03T17:03:00-07:00,2026-10-03T17:03:00-07:00,2026-10-04T00:03:00Z,2026-10-04T00:03:00Z,15509534,R4 41st Avenue/To Joyce Station,0,0,https://gtfs-static.translink.ca/gtfs/google_transit.zip
26SEP_20260925,20260907,20270103,2026-10-03,saturday,R4,away_from_ubc,departure,12361,60162,UBC Exchange @ Bay 4,2026-10-03T17:11:00-07:00,2026-10-03T17:11:00-07:00,2026-10-04T00:11:00Z,2026-10-04T00:11:00Z,15509484,R4 41st Avenue/To Joyce Station,0,0,https://gtfs-static.translink.ca/gtfs/google_transit.zip
26SEP_20260925,20260907,20270103,2026-10-03,saturday,R4,away_from_ubc,departure,12361,60162,UBC Exchange @ Bay 4,2026-10-03T17:19:00-07:00,2026-10-03T17:19:00-07:00,2026-10-04T00:19:00Z,2026-10-04T00:19:00Z,15509485,R4 41st Avenue/To Joyce Station,0,0,https://gtfs-static.translink.ca/gtfs/google_transit.zip
26SEP_20260925,20260907,20270103,2026-10-03,saturday,R4,away_from_ubc,departure,12361,60162,UBC Exchange @ Bay 4,2026-10-03T17:27:00-07:00,2026-10-03T17:27:00-07:00,2026-10-04T00:27:00Z,2026-10-04T00:27:00Z,15509530,R4 41st Avenue/To Joyce Station,0,0,https://gtfs-static.translink.ca/gtfs/google_transit.zip
26SEP_20260925,20260907,20270103,2026-10-03,saturday,R4,away_from_ubc,departure,12361,60162,UBC Exchange @ Bay 4,2026-10-03T17:35:00-07:00,2026-10-03T17:35:00-07:00,2026-10-04T00:35:00Z,2026-10-04T00:35:00Z,15509486,R4 41st Avenue/To Joyce Station,0,0,https://gtfs-static.translink.ca/gtfs/google_transit.zip
26SEP_20260925,20260907,20270103,2026-10-03,saturday,R4,away_from_ubc,departure,12361,60162,UBC Exchange @ Bay 4,2026-10-03T17:43:00-07:00,2026-10-03T17:43:00-07:00,2026-10-04T00:43:00Z,2026-10-04T00:43:00Z,15509487,R4 41st Avenue/To Joyce Station,0,0,https://gtfs-static.translink.ca/gtfs/google_transit.zip
26SEP_20260925,20260907,20270103,2026-10-03,saturday,R4,away_from_ubc,departure,12361,60162,UBC Exchange @ Bay 4,2026-10-03T17:50:00-07:00,2026-10-03T17:50:00-07:00,2026-10-04T00:50:00Z,2026-10-04T00:50:00Z,15509488,R4 41st Avenue/To Joyce Station,0,0,https://gtfs-static.translink.ca/gtfs/google_transit.zip
26SEP_20260925,20260907,20270103,2026-10-03,saturday,R4,away_from_ubc,departure,12361,60162,UBC Exchange @ Bay 4,2026-10-03T17:57:00-07:00,2026-10-03T17:57:00-07:00,2026-10-04T00:57:00Z,2026-10-04T00:57:00Z,15509522,R4 41st Avenue/To Joyce Station,0,0,https://gtfs-static.translink.ca/gtfs/google_transit.zip
26SEP_20260925,20260907,20270103,2026-10-03,saturday,R4,away_from_ubc,departure,12361,60162,UBC Exchange @ Bay 4,2026-10-03T18:05:00-07:00,2026-10-03T18:05:00-07:00,2026-10-04T01:05:00Z,2026-10-04T01:05:00Z,15509489,R4 41st Avenue/To Joyce Station,0,0,https://gtfs-static.translink.ca/gtfs/google_transit.zip
26SEP_20260925,20260907,20270103,2026-10-03,saturday,R4,away_from_ubc,departure,12361,60162,UBC Exchange @ Bay 4,2026-10-03T18:13:00-07:00,2026-10-03T18:13:00-07:00,2026-10-04T01:13:00Z,2026-10-04T01:13:00Z,15509490,R4 41st Avenue/To Joyce Station,0,0,https://gtfs-static.translink.ca/gtfs/google_transit.zip
26SEP_20260925,20260907,20270103,2026-10-03,saturday,R4,away_from_ubc,departure,12361,60162,UBC Exchange @ Bay 4,2026-10-03T18:22:00-07:00,2026-10-03T18:22:00-07:00,2026-10-04T01:22:00Z,2026-10-04T01:22:00Z,15509531,R4 41st Avenue/To Joyce Station,0,0,https://gtfs-static.translink.ca/gtfs/google_transit.zip
26SEP_20260925,20260907,20270103,2026-10-03,saturday,R4,away_from_ubc,departure,12361,60162,UBC Exchange @ Bay 4,2026-10-03T18:30:00-07:00,2026-10-03T18:30:00-07:00,2026-10-04T01:30:00Z,2026-10-04T01:30:00Z,15509491,R4 41st Avenue/To Joyce Station,0,0,https://gtfs-static.translink.ca/gtfs/google_transit.zip
26SEP_20260925,20260907,20270103,2026-10-03,saturday,R4,away_from_ubc,departure,12361,60162,UBC Exchange @ Bay 4,2026-10-03T18:39:00-07:00,2026-10-03T18:39:00-07:00,2026-10-04T01:39:00Z,2026-10-04T01:39:00Z,15509492,R4 41st Avenue/To Joyce Station,0,0,https://gtfs-static.translink.ca/gtfs/google_transit.zip
26SEP_20260925,20260907,20270103,2026-10-03,saturday,R4,away_from_ubc,departure,12361,60162,UBC Exchange @ Bay 4,2026-10-03T18:47:00-07:00,2026-10-03T18:47:00-07:00,2026-10-04T01:47:00Z,2026-10-04T01:47:00Z,15509493,R4 41st Avenue/To Joyce Station,0,0,https://gtfs-static.translink.ca/gtfs/google_transit.zip
26SEP_20260925,20260907,20270103,2026-10-03,saturday,R4,away_from_ubc,departure,12361,60162,UBC Exchange @ Bay 4,2026-10-03T18:56:00-07:00,2026-10-03T18:56:00-07:00,2026-10-04T01:56:00Z,2026-10-04T01:56:00Z,15509494,R4 41st Avenue/To Joyce Station,0,0,https://gtfs-static.translink.ca/gtfs/google_transit.zip
26SEP_20260925,20260907,20270103,2026-10-03,saturday,R4,away_from_ubc,departure,12361,60162,UBC Exchange @ Bay 4,2026-10-03T19:08:00-07:00,2026-10-03T19:08:00-07:00,2026-10-04T02:08:00Z,2026-10-04T02:08:00Z,15509495,R4 41st Avenue/To Joyce Station,0,0,https://gtfs-static.translink.ca/gtfs/google_transit.zip
26SEP_20260925,20260907,20270103,2026-10-03,saturday,R4,away_from_ubc,departure,12361,60162,UBC Exchange @ Bay 4,2026-10-03T19:20:00-07:00,2026-10-03T19:20:00-07:00,2026-10-04T02:20:00Z,2026-10-04T02:20:00Z,15509532,R4 41st Avenue/To Joyce Station,0,0,https://gtfs-static.translink.ca/gtfs/google_transit.zip
26SEP_20260925,20260907,20270103,2026-10-03,saturday,R4,away_from_ubc,departure,12361,60162,UBC Exchange @ Bay 4,2026-10-03T19:31:00-07:00,2026-10-03T19:31:00-07:00,2026-10-04T02:31:00Z,2026-10-04T02:31:00Z,15509496,R4 41st Avenue/To Joyce Station,0,0,https://gtfs-static.translink.ca/gtfs/google_transit.zip
26SEP_20260925,20260907,20270103,2026-10-03,saturday,R4,away_from_ubc,departure,12361,60162,UBC Exchange @ Bay 4,2026-10-03T19:41:00-07:00,2026-10-03T19:41:00-07:00,2026-10-04T02:41:00Z,2026-10-04T02:41:00Z,15509497,R4 41st Avenue/To Joyce Station,0,0,https://gtfs-static.translink.ca/gtfs/google_transit.zip
26SEP_20260925,20260907,20270103,2026-10-03,saturday,R4,away_from_ubc,departure,12361,60162,UBC Exchange @ Bay 4,2026-10-03T19:51:00-07:00,2026-10-03T19:51:00-07:00,2026-10-04T02:51:00Z,2026-10-04T02:51:00Z,15509498,R4 41st Avenue/To Joyce Station,0,0,https://gtfs-static.translink.ca/gtfs/google_transit.zip
26SEP_20260925,20260907,20270103,2026-10-03,saturday,R4,away_from_ubc,departure,12361,60162,UBC Exchange @ Bay 4,2026-10-03T20:02:00-07:00,2026-10-03T20:02:00-07:00,2026-10-04T03:02:00Z,2026-10-04T03:02:00Z,15509499,R4 41st Avenue/To Joyce Station,0,0,https://gtfs-static.translink.ca/gtfs/google_transit.zip
26SEP_20260925,20260907,20270103,2026-10-03,saturday,R4,away_from_ubc,departure,12361,60162,UBC Exchange @ Bay 4,2026-10-03T20:15:00-07:00,2026-10-03T20:15:00-07:00,2026-10-04T03:15:00Z,2026-10-04T03:15:00Z,15509500,R4 41st Avenue/To Joyce Station,0,0,https://gtfs-static.translink.ca/gtfs/google_transit.zip
26SEP_20260925,20260907,20270103,2026-10-03,saturday,R4,away_from_ubc,departure,12361,60162,UBC Exchange @ Bay 4,2026-10-03T20:30:00-07:00,2026-10-03T20:30:00-07:00,2026-10-04T03:30:00Z,2026-10-04T03:30:00Z,15509501,R4 41st Avenue/To Joyce Station,0,0,https://gtfs-static.translink.ca/gtfs/google_transit.zip
26SEP_20260925,20260907,20270103,2026-10-03,saturday,R4,away_from_ubc,departure,12361,60162,UBC Exchange @ Bay 4,2026-10-03T20:45:00-07:00,2026-10-03T20:45:00-07:00,2026-10-04T03:45:00Z,2026-10-04T03:45:00Z,15509502,R4 41st Avenue/To Joyce Station,0,0,https://gtfs-static.translink.ca/gtfs/google_transit.zip
26SEP_20260925,20260907,20270103,2026-10-03,saturday,R4,away_from_ubc,departure,12361,60162,UBC Exchange @ Bay 4,2026-10-03T21:00:00-07:00,2026-10-03T21:00:00-07:00,2026-10-04T04:00:00Z,2026-10-04T04:00:00Z,15509503,R4 41st Avenue/To Joyce Station,0,0,https://gtfs-static.translink.ca/gtfs/google_transit.zip
26SEP_20260925,20260907,20270103,2026-10-03,saturday,R4,away_from_ubc,departure,12361,60162,UBC Exchange @ Bay 4,2026-10-03T21:18:00-07:00,2026-10-03T21:18:00-07:00,2026-10-04T04:18:00Z,2026-10-04T04:18:00Z,15509504,R4 41st Avenue/To Joyce Station,0,0,https://gtfs-static.translink.ca/gtfs/google_transit.zip
26SEP_20260925,20260907,20270103,2026-10-03,saturday,R4,away_from_ubc,departure,12361,60162,UBC Exchange @ Bay 4,2026-10-03T21:33:00-07:00,2026-10-03T21:33:00-07:00,2026-10-04T04:33:00Z,2026-10-04T04:33:00Z,15509505,R4 41st Avenue/To Joyce Station,0,0,https://gtfs-static.translink.ca/gtfs/google_transit.zip
26SEP_20260925,20260907,20270103,2026-10-03,saturday,R4,away_from_ubc,departure,12361,60162,UBC Exchange @ Bay 4,2026-10-03T21:49:00-07:00,2026-10-03T21:49:00-07:00,2026-10-04T04:49:00Z,2026-10-04T04:49:00Z,15509506,R4 41st Avenue/To Joyce Station,0,0,https://gtfs-static.translink.ca/gtfs/google_transit.zip
26SEP_20260925,20260907,20270103,2026-10-03,saturday,R4,away_from_ubc,departure,12361,60162,UBC Exchange @ Bay 4,2026-10-03T22:05:00-07:00,2026-10-03T22:05:00-07:00,2026-10-04T05:05:00Z,2026-10-04T05:05:00Z,15509507,R4 41st Avenue/To Joyce Station,0,0,https://gtfs-static.translink.ca/gtfs/google_transit.zip
26SEP_20260925,20260907,20270103,2026-10-03,saturday,R4,away_from_ubc,departure,12361,60162,UBC Exchange @ Bay 4,2026-10-03T22:20:00-07:00,2026-10-03T22:20:00-07:00,2026-10-04T05:20:00Z,2026-10-04T05:20:00Z,15509508,R4 41st Avenue/To Joyce Station,0,0,https://gtfs-static.translink.ca/gtfs/google_transit.zip
26SEP_20260925,20260907,20270103,2026-10-03,saturday,R4,away_from_ubc,departure,12361,60162,UBC Exchange @ Bay 4,2026-10-03T22:34:00-07:00,2026-10-03T22:34:00-07:00,2026-10-04T05:34:00Z,2026-10-04T05:34:00Z,15509509,R4 41st Avenue/To Joyce Station,0,0,https://gtfs-static.translink.ca/gtfs/google_transit.zip
26SEP_20260925,20260907,20270103,2026-10-03,saturday,R4,away_from_ubc,departure,12361,60162,UBC Exchange @ Bay 4,2026-10-03T22:48:00-07:00,2026-10-03T22:48:00-07:00,2026-10-04T05:48:00Z,2026-10-04T05:48:00Z,15509510,R4 41st Avenue/To Joyce Station,0,0,https://gtfs-static.translink.ca/gtfs/google_transit.zip
26SEP_20260925,20260907,20270103,2026-10-03,saturday,R4,away_from_ubc,departure,12361,60162,UBC Exchange @ Bay 4,2026-10-03T23:00:00-07:00,2026-10-03T23:00:00-07:00,2026-10-04T06:00:00Z,2026-10-04T06:00:00Z,15509511,R4 41st Avenue/To Joyce Station,0,0,https://gtfs-static.translink.ca/gtfs/google_transit.zip
26SEP_20260925,20260907,20270103,2026-10-03,saturday,R4,away_from_ubc,departure,12361,60162,UBC Exchange @ Bay 4,2026-10-03T23:14:00-07:00,2026-10-03T23:14:00-07:00,2026-10-04T06:14:00Z,2026-10-04T06:14:00Z,15509512,R4 41st Avenue/To Joyce Station,0,0,https://gtfs-static.translink.ca/gtfs/google_transit.zip
26SEP_20260925,20260907,20270103,2026-10-03,saturday,R4,away_from_ubc,departure,12361,60162,UBC Exchange @ Bay 4,2026-10-03T23:29:00-07:00,2026-10-03T23:29:00-07:00,2026-10-04T06:29:00Z,2026-10-04T06:29:00Z,15509513,R4 41st Avenue/To Joyce Station,0,0,https://gtfs-static.translink.ca/gtfs/google_transit.zip
26SEP_20260925,20260907,20270103,2026-10-03,saturday,R4,away_from_ubc,departure,12361,60162,UBC Exchange @ Bay 4,2026-10-03T23:43:00-07:00,2026-10-03T23:43:00-07:00,2026-10-04T06:43:00Z,2026-10-04T06:43:00Z,15509514,R4 41st Avenue/To Joyce Station,0,0,https://gtfs-static.translink.ca/gtfs/google_transit.zip
26SEP_20260925,20260907,20270103,2026-10-03,saturday,R4,away_from_ubc,departure,12361,60162,UBC Exchange @ Bay 4,2026-10-03T23:58:00-07:00,2026-10-03T23:58:00-07:00,2026-10-04T06:58:00Z,2026-10-04T06:58:00Z,15509515,R4 41st Avenue/To Joyce Station,0,0,https://gtfs-static.translink.ca/gtfs/google_transit.zip
26SEP_20260925,20260907,20270103,2026-10-03,saturday,R4,away_from_ubc,departure,12361,60162,UBC Exchange @ Bay 4,2026-10-04T00:13:00-07:00,2026-10-04T00:13:00-07:00,2026-10-04T07:13:00Z,2026-10-04T07:13:00Z,15509516,R4 41st Avenue/To Joyce Station,0,0,https://gtfs-static.translink.ca/gtfs/google_transit.zip
26SEP_20260925,20260907,20270103,2026-10-03,saturday,R4,away_from_ubc,departure,12361,60162,UBC Exchange @ Bay 4,2026-10-04T00:30:00-07:00,2026-10-04T00:30:00-07:00,2026-10-04T07:30:00Z,2026-10-04T07:30:00Z,15509517,R4 41st Avenue/To Joyce Station,0,0,https://gtfs-static.translink.ca/gtfs/google_transit.zip
26SEP_20260925,20260907,20270103,2026-10-03,saturday,R4,away_from_ubc,departure,12361,60162,UBC Exchange @ Bay 4,2026-10-04T00:44:00-07:00,2026-10-04T00:44:00-07:00,2026-10-04T07:44:00Z,2026-10-04T07:44:00Z,15509518,R4 41st Avenue/To Joyce Station,0,0,https://gtfs-static.translink.ca/gtfs/google_transit.zip
26SEP_20260925,20260907,20270103,2026-10-03,saturday,R4,away_from_ubc,departure,12361,60162,UBC Exchange @ Bay 4,2026-10-04T00:59:00-07:00,2026-10-04T00:59:00-07:00,2026-10-04T07:59:00Z,2026-10-04T07:59:00Z,15509519,R4 41st Avenue/To Joyce Station,0,0,https://gtfs-static.translink.ca/gtfs/google_transit.zip
26SEP_20260925,20260907,20270103,2026-10-03,saturday,R4,toward_ubc,arrival,12600,60358,UBC Exchange @ Unloading Only,2026-10-03T05:36:00-07:00,2026-10-03T05:36:00-07:00,2026-10-03T12:36:00Z,2026-10-03T12:36:00Z,15509538,R4 41st Avenue/To UBC Exchange,1,0,https://gtfs-static.translink.ca/gtfs/google_transit.zip
26SEP_20260925,20260907,20270103,2026-10-03,saturday,R4,toward_ubc,arrival,12600,60358,UBC Exchange @ Unloading Only,2026-10-03T05:51:00-07:00,2026-10-03T05:51:00-07:00,2026-10-03T12:51:00Z,2026-10-03T12:51:00Z,15509539,R4 41st Avenue/To UBC Exchange,1,0,https://gtfs-static.translink.ca/gtfs/google_transit.zip
26SEP_20260925,20260907,20270103,2026-10-03,saturday,R4,toward_ubc,arrival,12600,60358,UBC Exchange @ Unloading Only,2026-10-03T06:06:00-07:00,2026-10-03T06:06:00-07:00,2026-10-03T13:06:00Z,2026-10-03T13:06:00Z,15509540,R4 41st Avenue/To UBC Exchange,1,0,https://gtfs-static.translink.ca/gtfs/google_transit.zip
26SEP_20260925,20260907,20270103,2026-10-03,saturday,R4,toward_ubc,arrival,12600,60358,UBC Exchange @ Unloading Only,2026-10-03T06:21:00-07:00,2026-10-03T06:21:00-07:00,2026-10-03T13:21:00Z,2026-10-03T13:21:00Z,15509541,R4 41st Avenue/To UBC Exchange,1,0,https://gtfs-static.translink.ca/gtfs/google_transit.zip
26SEP_20260925,20260907,20270103,2026-10-03,saturday,R4,toward_ubc,arrival,12600,60358,UBC Exchange @ Unloading Only,2026-10-03T06:36:00-07:00,2026-10-03T06:36:00-07:00,2026-10-03T13:36:00Z,2026-10-03T13:36:00Z,15509542,R4 41st Avenue/To UBC Exchange,1,0,https://gtfs-static.translink.ca/gtfs/google_transit.zip
26SEP_20260925,20260907,20270103,2026-10-03,saturday,R4,toward_ubc,arrival,12600,60358,UBC Exchange @ Unloading Only,2026-10-03T06:51:00-07:00,2026-10-03T06:51:00-07:00,2026-10-03T13:51:00Z,2026-10-03T13:51:00Z,15509543,R4 41st Avenue/To UBC Exchange,1,0,https://gtfs-static.translink.ca/gtfs/google_transit.zip
26SEP_20260925,20260907,20270103,2026-10-03,saturday,R4,toward_ubc,arrival,12600,60358,UBC Exchange @ Unloading Only,2026-10-03T07:10:00-07:00,2026-10-03T07:10:00-07:00,2026-10-03T14:10:00Z,2026-10-03T14:10:00Z,15509544,R4 41st Avenue/To UBC Exchange,1,0,https://gtfs-static.translink.ca/gtfs/google_transit.zip
26SEP_20260925,20260907,20270103,2026-10-03,saturday,R4,toward_ubc,arrival,12600,60358,UBC Exchange @ Unloading Only,2026-10-03T07:25:00-07:00,2026-10-03T07:25:00-07:00,2026-10-03T14:25:00Z,2026-10-03T14:25:00Z,15509545,R4 41st Avenue/To UBC Exchange,1,0,https://gtfs-static.translink.ca/gtfs/google_transit.zip
26SEP_20260925,20260907,20270103,2026-10-03,saturday,R4,toward_ubc,arrival,12600,60358,UBC Exchange @ Unloading Only,2026-10-03T07:38:00-07:00,2026-10-03T07:38:00-07:00,2026-10-03T14:38:00Z,2026-10-03T14:38:00Z,15509546,R4 41st Avenue/To UBC Exchange,1,0,https://gtfs-static.translink.ca/gtfs/google_transit.zip
26SEP_20260925,20260907,20270103,2026-10-03,saturday,R4,toward_ubc,arrival,12600,60358,UBC Exchange @ Unloading Only,2026-10-03T07:48:00-07:00,2026-10-03T07:48:00-07:00,2026-10-03T14:48:00Z,2026-10-03T14:48:00Z,15509547,R4 41st Avenue/To UBC Exchange,1,0,https://gtfs-static.translink.ca/gtfs/google_transit.zip
26SEP_20260925,20260907,20270103,2026-10-03,saturday,R4,toward_ubc,arrival,12600,60358,UBC Exchange @ Unloading Only,2026-10-03T07:58:00-07:00,2026-10-03T07:58:00-07:00,2026-10-03T14:58:00Z,2026-10-03T14:58:00Z,15509548,R4 41st Avenue/To UBC Exchange,1,0,https://gtfs-static.translink.ca/gtfs/google_transit.zip
26SEP_20260925,20260907,20270103,2026-10-03,saturday,R4,toward_ubc,arrival,12600,60358,UBC Exchange @ Unloading Only,2026-10-03T08:09:00-07:00,2026-10-03T08:09:00-07:00,2026-10-03T15:09:00Z,2026-10-03T15:09:00Z,15509549,R4 41st Avenue/To UBC Exchange,1,0,https://gtfs-static.translink.ca/gtfs/google_transit.zip
26SEP_20260925,20260907,20270103,2026-10-03,saturday,R4,toward_ubc,arrival,12600,60358,UBC Exchange @ Unloading Only,2026-10-03T08:19:00-07:00,2026-10-03T08:19:00-07:00,2026-10-03T15:19:00Z,2026-10-03T15:19:00Z,15509652,R4 41st Avenue/To UBC Exchange,1,0,https://gtfs-static.translink.ca/gtfs/google_transit.zip
26SEP_20260925,20260907,20270103,2026-10-03,saturday,R4,toward_ubc,arrival,12600,60358,UBC Exchange @ Unloading Only,2026-10-03T08:29:00-07:00,2026-10-03T08:29:00-07:00,2026-10-03T15:29:00Z,2026-10-03T15:29:00Z,15509550,R4 41st Avenue/To UBC Exchange,1,0,https://gtfs-static.translink.ca/gtfs/google_transit.zip
26SEP_20260925,20260907,20270103,2026-10-03,saturday,R4,toward_ubc,arrival,12600,60358,UBC Exchange @ Unloading Only,2026-10-03T08:41:00-07:00,2026-10-03T08:41:00-07:00,2026-10-03T15:41:00Z,2026-10-03T15:41:00Z,15509551,R4 41st Avenue/To UBC Exchange,1,0,https://gtfs-static.translink.ca/gtfs/google_transit.zip
26SEP_20260925,20260907,20270103,2026-10-03,saturday,R4,toward_ubc,arrival,12600,60358,UBC Exchange @ Unloading Only,2026-10-03T08:50:00-07:00,2026-10-03T08:50:00-07:00,2026-10-03T15:50:00Z,2026-10-03T15:50:00Z,15509552,R4 41st Avenue/To UBC Exchange,1,0,https://gtfs-static.translink.ca/gtfs/google_transit.zip
26SEP_20260925,20260907,20270103,2026-10-03,saturday,R4,toward_ubc,arrival,12600,60358,UBC Exchange @ Unloading Only,2026-10-03T08:58:00-07:00,2026-10-03T08:58:00-07:00,2026-10-03T15:58:00Z,2026-10-03T15:58:00Z,15509553,R4 41st Avenue/To UBC Exchange,1,0,https://gtfs-static.translink.ca/gtfs/google_transit.zip
26SEP_20260925,20260907,20270103,2026-10-03,saturday,R4,toward_ubc,arrival,12600,60358,UBC Exchange @ Unloading Only,2026-10-03T09:07:00-07:00,2026-10-03T09:07:00-07:00,2026-10-03T16:07:00Z,2026-10-03T16:07:00Z,15509554,R4 41st Avenue/To UBC Exchange,1,0,https://gtfs-static.translink.ca/gtfs/google_transit.zip
26SEP_20260925,20260907,20270103,2026-10-03,saturday,R4,toward_ubc,arrival,12600,60358,UBC Exchange @ Unloading Only,2026-10-03T09:17:00-07:00,2026-10-03T09:17:00-07:00,2026-10-03T16:17:00Z,2026-10-03T16:17:00Z,15509653,R4 41st Avenue/To UBC Exchange,1,0,https://gtfs-static.translink.ca/gtfs/google_transit.zip
26SEP_20260925,20260907,20270103,2026-10-03,saturday,R4,toward_ubc,arrival,12600,60358,UBC Exchange @ Unloading Only,2026-10-03T09:25:00-07:00,2026-10-03T09:25:00-07:00,2026-10-03T16:25:00Z,2026-10-03T16:25:00Z,15509555,R4 41st Avenue/To UBC Exchange,1,0,https://gtfs-static.translink.ca/gtfs/google_transit.zip
26SEP_20260925,20260907,20270103,2026-10-03,saturday,R4,toward_ubc,arrival,12600,60358,UBC Exchange @ Unloading Only,2026-10-03T09:33:00-07:00,2026-10-03T09:33:00-07:00,2026-10-03T16:33:00Z,2026-10-03T16:33:00Z,15509556,R4 41st Avenue/To UBC Exchange,1,0,https://gtfs-static.translink.ca/gtfs/google_transit.zip
26SEP_20260925,20260907,20270103,2026-10-03,saturday,R4,toward_ubc,arrival,12600,60358,UBC Exchange @ Unloading Only,2026-10-03T09:42:00-07:00,2026-10-03T09:42:00-07:00,2026-10-03T16:42:00Z,2026-10-03T16:42:00Z,15509557,R4 41st Avenue/To UBC Exchange,1,0,https://gtfs-static.translink.ca/gtfs/google_transit.zip
26SEP_20260925,20260907,20270103,2026-10-03,saturday,R4,toward_ubc,arrival,12600,60358,UBC Exchange @ Unloading Only,2026-10-03T09:52:00-07:00,2026-10-03T09:52:00-07:00,2026-10-03T16:52:00Z,2026-10-03T16:52:00Z,15509558,R4 41st Avenue/To UBC Exchange,1,0,https://gtfs-static.translink.ca/gtfs/google_transit.zip
26SEP_20260925,20260907,20270103,2026-10-03,saturday,R4,toward_ubc,arrival,12600,60358,UBC Exchange @ Unloading Only,2026-10-03T09:59:00-07:00,2026-10-03T09:59:00-07:00,2026-10-03T16:59:00Z,2026-10-03T16:59:00Z,15509559,R4 41st Avenue/To UBC Exchange,1,0,https://gtfs-static.translink.ca/gtfs/google_transit.zip
26SEP_20260925,20260907,20270103,2026-10-03,saturday,R4,toward_ubc,arrival,12600,60358,UBC Exchange @ Unloading Only,2026-10-03T10:07:00-07:00,2026-10-03T10:07:00-07:00,2026-10-03T17:07:00Z,2026-10-03T17:07:00Z,15509560,R4 41st Avenue/To UBC Exchange,1,0,https://gtfs-static.translink.ca/gtfs/google_transit.zip
26SEP_20260925,20260907,20270103,2026-10-03,saturday,R4,toward_ubc,arrival,12600,60358,UBC Exchange @ Unloading Only,2026-10-03T10:14:00-07:00,2026-10-03T10:14:00-07:00,2026-10-03T17:14:00Z,2026-10-03T17:14:00Z,15509561,R4 41st Avenue/To UBC Exchange,1,0,https://gtfs-static.translink.ca/gtfs/google_transit.zip
26SEP_20260925,20260907,20270103,2026-10-03,saturday,R4,toward_ubc,arrival,12600,60358,UBC Exchange @ Unloading Only,2026-10-03T10:21:00-07:00,2026-10-03T10:21:00-07:00,2026-10-03T17:21:00Z,2026-10-03T17:21:00Z,15509654,R4 41st Avenue/To UBC Exchange,1,0,https://gtfs-static.translink.ca/gtfs/google_transit.zip
26SEP_20260925,20260907,20270103,2026-10-03,saturday,R4,toward_ubc,arrival,12600,60358,UBC Exchange @ Unloading Only,2026-10-03T10:28:00-07:00,2026-10-03T10:28:00-07:00,2026-10-03T17:28:00Z,2026-10-03T17:28:00Z,15509642,R4 41st Avenue/To UBC Exchange,1,0,https://gtfs-static.translink.ca/gtfs/google_transit.zip
26SEP_20260925,20260907,20270103,2026-10-03,saturday,R4,toward_ubc,arrival,12600,60358,UBC Exchange @ Unloading Only,2026-10-03T10:36:00-07:00,2026-10-03T10:36:00-07:00,2026-10-03T17:36:00Z,2026-10-03T17:36:00Z,15509562,R4 41st Avenue/To UBC Exchange,1,0,https://gtfs-static.translink.ca/gtfs/google_transit.zip
26SEP_20260925,20260907,20270103,2026-10-03,saturday,R4,toward_ubc,arrival,12600,60358,UBC Exchange @ Unloading Only,2026-10-03T10:45:00-07:00,2026-10-03T10:45:00-07:00,2026-10-03T17:45:00Z,2026-10-03T17:45:00Z,15509563,R4 41st Avenue/To UBC Exchange,1,0,https://gtfs-static.translink.ca/gtfs/google_transit.zip
26SEP_20260925,20260907,20270103,2026-10-03,saturday,R4,toward_ubc,arrival,12600,60358,UBC Exchange @ Unloading Only,2026-10-03T10:54:00-07:00,2026-10-03T10:54:00-07:00,2026-10-03T17:54:00Z,2026-10-03T17:54:00Z,15509564,R4 41st Avenue/To UBC Exchange,1,0,https://gtfs-static.translink.ca/gtfs/google_transit.zip
26SEP_20260925,20260907,20270103,2026-10-03,saturday,R4,toward_ubc,arrival,12600,60358,UBC Exchange @ Unloading Only,2026-10-03T11:03:00-07:00,2026-10-03T11:03:00-07:00,2026-10-03T18:03:00Z,2026-10-03T18:03:00Z,15509565,R4 41st Avenue/To UBC Exchange,1,0,https://gtfs-static.translink.ca/gtfs/google_transit.zip
26SEP_20260925,20260907,20270103,2026-10-03,saturday,R4,toward_ubc,arrival,12600,60358,UBC Exchange @ Unloading Only,2026-10-03T11:11:00-07:00,2026-10-03T11:11:00-07:00,2026-10-03T18:11:00Z,2026-10-03T18:11:00Z,15509566,R4 41st Avenue/To UBC Exchange,1,0,https://gtfs-static.translink.ca/gtfs/google_transit.zip
26SEP_20260925,20260907,20270103,2026-10-03,saturday,R4,toward_ubc,arrival,12600,60358,UBC Exchange @ Unloading Only,2026-10-03T11:21:00-07:00,2026-10-03T11:21:00-07:00,2026-10-03T18:21:00Z,2026-10-03T18:21:00Z,15509567,R4 41st Avenue/To UBC Exchange,1,0,https://gtfs-static.translink.ca/gtfs/google_transit.zip
26SEP_20260925,20260907,20270103,2026-10-03,saturday,R4,toward_ubc,arrival,12600,60358,UBC Exchange @ Unloading Only,2026-10-03T11:29:00-07:00,2026-10-03T11:29:00-07:00,2026-10-03T18:29:00Z,2026-10-03T18:29:00Z,15509643,R4 41st Avenue/To UBC Exchange,1,0,https://gtfs-static.translink.ca/gtfs/google_transit.zip
26SEP_20260925,20260907,20270103,2026-10-03,saturday,R4,toward_ubc,arrival,12600,60358,UBC Exchange @ Unloading Only,2026-10-03T11:38:00-07:00,2026-10-03T11:38:00-07:00,2026-10-03T18:38:00Z,2026-10-03T18:38:00Z,15509568,R4 41st Avenue/To UBC Exchange,1,0,https://gtfs-static.translink.ca/gtfs/google_transit.zip
26SEP_20260925,20260907,20270103,2026-10-03,saturday,R4,toward_ubc,arrival,12600,60358,UBC Exchange @ Unloading Only,2026-10-03T11:48:00-07:00,2026-10-03T11:48:00-07:00,2026-10-03T18:48:00Z,2026-10-03T18:48:00Z,15509569,R4 41st Avenue/To UBC Exchange,1,0,https://gtfs-static.translink.ca/gtfs/google_transit.zip
26SEP_20260925,20260907,20270103,2026-10-03,saturday,R4,toward_ubc,arrival,12600,60358,UBC Exchange @ Unloading Only,2026-10-03T11:56:00-07:00,2026-10-03T11:56:00-07:00,2026-10-03T18:56:00Z,2026-10-03T18:56:00Z,15509570,R4 41st Avenue/To UBC Exchange,1,0,https://gtfs-static.translink.ca/gtfs/google_transit.zip
26SEP_20260925,20260907,20270103,2026-10-03,saturday,R4,toward_ubc,arrival,12600,60358,UBC Exchange @ Unloading Only,2026-10-03T12:04:00-07:00,2026-10-03T12:04:00-07:00,2026-10-03T19:04:00Z,2026-10-03T19:04:00Z,15509571,R4 41st Avenue/To UBC Exchange,1,0,https://gtfs-static.translink.ca/gtfs/google_transit.zip
26SEP_20260925,20260907,20270103,2026-10-03,saturday,R4,toward_ubc,arrival,12600,60358,UBC Exchange @ Unloading Only,2026-10-03T12:13:00-07:00,2026-10-03T12:13:00-07:00,2026-10-03T19:13:00Z,2026-10-03T19:13:00Z,15509572,R4 41st Avenue/To UBC Exchange,1,0,https://gtfs-static.translink.ca/gtfs/google_transit.zip
26SEP_20260925,20260907,20270103,2026-10-03,saturday,R4,toward_ubc,arrival,12600,60358,UBC Exchange @ Unloading Only,2026-10-03T12:21:00-07:00,2026-10-03T12:21:00-07:00,2026-10-03T19:21:00Z,2026-10-03T19:21:00Z,15509644,R4 41st Avenue/To UBC Exchange,1,0,https://gtfs-static.translink.ca/gtfs/google_transit.zip
26SEP_20260925,20260907,20270103,2026-10-03,saturday,R4,toward_ubc,arrival,12600,60358,UBC Exchange @ Unloading Only,2026-10-03T12:29:00-07:00,2026-10-03T12:29:00-07:00,2026-10-03T19:29:00Z,2026-10-03T19:29:00Z,15509573,R4 41st Avenue/To UBC Exchange,1,0,https://gtfs-static.translink.ca/gtfs/google_transit.zip
26SEP_20260925,20260907,20270103,2026-10-03,saturday,R4,toward_ubc,arrival,12600,60358,UBC Exchange @ Unloading Only,2026-10-03T12:37:00-07:00,2026-10-03T12:37:00-07:00,2026-10-03T19:37:00Z,2026-10-03T19:37:00Z,15509574,R4 41st Avenue/To UBC Exchange,1,0,https://gtfs-static.translink.ca/gtfs/google_transit.zip
26SEP_20260925,20260907,20270103,2026-10-03,saturday,R4,toward_ubc,arrival,12600,60358,UBC Exchange @ Unloading Only,2026-10-03T12:44:00-07:00,2026-10-03T12:44:00-07:00,2026-10-03T19:44:00Z,2026-10-03T19:44:00Z,15509575,R4 41st Avenue/To UBC Exchange,1,0,https://gtfs-static.translink.ca/gtfs/google_transit.zip
26SEP_20260925,20260907,20270103,2026-10-03,saturday,R4,toward_ubc,arrival,12600,60358,UBC Exchange @ Unloading Only,2026-10-03T12:53:00-07:00,2026-10-03T12:53:00-07:00,2026-10-03T19:53:00Z,2026-10-03T19:53:00Z,15509576,R4 41st Avenue/To UBC Exchange,1,0,https://gtfs-static.translink.ca/gtfs/google_transit.zip
26SEP_20260925,20260907,20270103,2026-10-03,saturday,R4,toward_ubc,arrival,12600,60358,UBC Exchange @ Unloading Only,2026-10-03T13:02:00-07:00,2026-10-03T13:02:00-07:00,2026-10-03T20:02:00Z,2026-10-03T20:02:00Z,15509577,R4 41st Avenue/To UBC Exchange,1,0,https://gtfs-static.translink.ca/gtfs/google_transit.zip
26SEP_20260925,20260907,20270103,2026-10-03,saturday,R4,toward_ubc,arrival,12600,60358,UBC Exchange @ Unloading Only,2026-10-03T13:10:00-07:00,2026-10-03T13:10:00-07:00,2026-10-03T20:10:00Z,2026-10-03T20:10:00Z,15509578,R4 41st Avenue/To UBC Exchange,1,0,https://gtfs-static.translink.ca/gtfs/google_transit.zip
26SEP_20260925,20260907,20270103,2026-10-03,saturday,R4,toward_ubc,arrival,12600,60358,UBC Exchange @ Unloading Only,2026-10-03T13:20:00-07:00,2026-10-03T13:20:00-07:00,2026-10-03T20:20:00Z,2026-10-03T20:20:00Z,15509645,R4 41st Avenue/To UBC Exchange,1,0,https://gtfs-static.translink.ca/gtfs/google_transit.zip
26SEP_20260925,20260907,20270103,2026-10-03,saturday,R4,toward_ubc,arrival,12600,60358,UBC Exchange @ Unloading Only,2026-10-03T13:28:00-07:00,2026-10-03T13:28:00-07:00,2026-10-03T20:28:00Z,2026-10-03T20:28:00Z,15509579,R4 41st Avenue/To UBC Exchange,1,0,https://gtfs-static.translink.ca/gtfs/google_transit.zip
26SEP_20260925,20260907,20270103,2026-10-03,saturday,R4,toward_ubc,arrival,12600,60358,UBC Exchange @ Unloading Only,2026-10-03T13:37:00-07:00,2026-10-03T13:37:00-07:00,2026-10-03T20:37:00Z,2026-10-03T20:37:00Z,15509580,R4 41st Avenue/To UBC Exchange,1,0,https://gtfs-static.translink.ca/gtfs/google_transit.zip
26SEP_20260925,20260907,20270103,2026-10-03,saturday,R4,toward_ubc,arrival,12600,60358,UBC Exchange @ Unloading Only,2026-10-03T13:44:00-07:00,2026-10-03T13:44:00-07:00,2026-10-03T20:44:00Z,2026-10-03T20:44:00Z,15509581,R4 41st Avenue/To UBC Exchange,1,0,https://gtfs-static.translink.ca/gtfs/google_transit.zip
26SEP_20260925,20260907,20270103,2026-10-03,saturday,R4,toward_ubc,arrival,12600,60358,UBC Exchange @ Unloading Only,2026-10-03T13:52:00-07:00,2026-10-03T13:52:00-07:00,2026-10-03T20:52:00Z,2026-10-03T20:52:00Z,15509582,R4 41st Avenue/To UBC Exchange,1,0,https://gtfs-static.translink.ca/gtfs/google_transit.zip
26SEP_20260925,20260907,20270103,2026-10-03,saturday,R4,toward_ubc,arrival,12600,60358,UBC Exchange @ Unloading Only,2026-10-03T14:00:00-07:00,2026-10-03T14:00:00-07:00,2026-10-03T21:00:00Z,2026-10-03T21:00:00Z,15509583,R4 41st Avenue/To UBC Exchange,1,0,https://gtfs-static.translink.ca/gtfs/google_transit.zip
26SEP_20260925,20260907,20270103,2026-10-03,saturday,R4,toward_ubc,arrival,12600,60358,UBC Exchange @ Unloading Only,2026-10-03T14:09:00-07:00,2026-10-03T14:09:00-07:00,2026-10-03T21:09:00Z,2026-10-03T21:09:00Z,15509584,R4 41st Avenue/To UBC Exchange,1,0,https://gtfs-static.translink.ca/gtfs/google_transit.zip
26SEP_20260925,20260907,20270103,2026-10-03,saturday,R4,toward_ubc,arrival,12600,60358,UBC Exchange @ Unloading Only,2026-10-03T14:17:00-07:00,2026-10-03T14:17:00-07:00,2026-10-03T21:17:00Z,2026-10-03T21:17:00Z,15509646,R4 41st Avenue/To UBC Exchange,1,0,https://gtfs-static.translink.ca/gtfs/google_transit.zip
26SEP_20260925,20260907,20270103,2026-10-03,saturday,R4,toward_ubc,arrival,12600,60358,UBC Exchange @ Unloading Only,2026-10-03T14:26:00-07:00,2026-10-03T14:26:00-07:00,2026-10-03T21:26:00Z,2026-10-03T21:26:00Z,15509585,R4 41st Avenue/To UBC Exchange,1,0,https://gtfs-static.translink.ca/gtfs/google_transit.zip
26SEP_20260925,20260907,20270103,2026-10-03,saturday,R4,toward_ubc,arrival,12600,60358,UBC Exchange @ Unloading Only,2026-10-03T14:34:00-07:00,2026-10-03T14:34:00-07:00,2026-10-03T21:34:00Z,2026-10-03T21:34:00Z,15509586,R4 41st Avenue/To UBC Exchange,1,0,https://gtfs-static.translink.ca/gtfs/google_transit.zip
26SEP_20260925,20260907,20270103,2026-10-03,saturday,R4,toward_ubc,arrival,12600,60358,UBC Exchange @ Unloading Only,2026-10-03T14:43:00-07:00,2026-10-03T14:43:00-07:00,2026-10-03T21:43:00Z,2026-10-03T21:43:00Z,15509587,R4 41st Avenue/To UBC Exchange,1,0,https://gtfs-static.translink.ca/gtfs/google_transit.zip
26SEP_20260925,20260907,20270103,2026-10-03,saturday,R4,toward_ubc,arrival,12600,60358,UBC Exchange @ Unloading Only,2026-10-03T14:51:00-07:00,2026-10-03T14:51:00-07:00,2026-10-03T21:51:00Z,2026-10-03T21:51:00Z,15509588,R4 41st Avenue/To UBC Exchange,1,0,https://gtfs-static.translink.ca/gtfs/google_transit.zip
26SEP_20260925,20260907,20270103,2026-10-03,saturday,R4,toward_ubc,arrival,12600,60358,UBC Exchange @ Unloading Only,2026-10-03T15:00:00-07:00,2026-10-03T15:00:00-07:00,2026-10-03T22:00:00Z,2026-10-03T22:00:00Z,15509589,R4 41st Avenue/To UBC Exchange,1,0,https://gtfs-static.translink.ca/gtfs/google_transit.zip
26SEP_20260925,20260907,20270103,2026-10-03,saturday,R4,toward_ubc,arrival,12600,60358,UBC Exchange @ Unloading Only,2026-10-03T15:07:00-07:00,2026-10-03T15:07:00-07:00,2026-10-03T22:07:00Z,2026-10-03T22:07:00Z,15509590,R4 41st Avenue/To UBC Exchange,1,0,https://gtfs-static.translink.ca/gtfs/google_transit.zip
26SEP_20260925,20260907,20270103,2026-10-03,saturday,R4,toward_ubc,arrival,12600,60358,UBC Exchange @ Unloading Only,2026-10-03T15:14:00-07:00,2026-10-03T15:14:00-07:00,2026-10-03T22:14:00Z,2026-10-03T22:14:00Z,15509656,R4 41st Avenue/To UBC Exchange,1,0,https://gtfs-static.translink.ca/gtfs/google_transit.zip
26SEP_20260925,20260907,20270103,2026-10-03,saturday,R4,toward_ubc,arrival,12600,60358,UBC Exchange @ Unloading Only,2026-10-03T15:22:00-07:00,2026-10-03T15:22:00-07:00,2026-10-03T22:22:00Z,2026-10-03T22:22:00Z,15509647,R4 41st Avenue/To UBC Exchange,1,0,https://gtfs-static.translink.ca/gtfs/google_transit.zip
26SEP_20260925,20260907,20270103,2026-10-03,saturday,R4,toward_ubc,arrival,12600,60358,UBC Exchange @ Unloading Only,2026-10-03T15:30:00-07:00,2026-10-03T15:30:00-07:00,2026-10-03T22:30:00Z,2026-10-03T22:30:00Z,15509591,R4 41st Avenue/To UBC Exchange,1,0,https://gtfs-static.translink.ca/gtfs/google_transit.zip
26SEP_20260925,20260907,20270103,2026-10-03,saturday,R4,toward_ubc,arrival,12600,60358,UBC Exchange @ Unloading Only,2026-10-03T15:37:00-07:00,2026-10-03T15:37:00-07:00,2026-10-03T22:37:00Z,2026-10-03T22:37:00Z,15509592,R4 41st Avenue/To UBC Exchange,1,0,https://gtfs-static.translink.ca/gtfs/google_transit.zip
26SEP_20260925,20260907,20270103,2026-10-03,saturday,R4,toward_ubc,arrival,12600,60358,UBC Exchange @ Unloading Only,2026-10-03T15:44:00-07:00,2026-10-03T15:44:00-07:00,2026-10-03T22:44:00Z,2026-10-03T22:44:00Z,15509593,R4 41st Avenue/To UBC Exchange,1,0,https://gtfs-static.translink.ca/gtfs/google_transit.zip
26SEP_20260925,20260907,20270103,2026-10-03,saturday,R4,toward_ubc,arrival,12600,60358,UBC Exchange @ Unloading Only,2026-10-03T15:52:00-07:00,2026-10-03T15:52:00-07:00,2026-10-03T22:52:00Z,2026-10-03T22:52:00Z,15509639,R4 41st Avenue/To UBC Exchange,1,0,https://gtfs-static.translink.ca/gtfs/google_transit.zip
26SEP_20260925,20260907,20270103,2026-10-03,saturday,R4,toward_ubc,arrival,12600,60358,UBC Exchange @ Unloading Only,2026-10-03T16:00:00-07:00,2026-10-03T16:00:00-07:00,2026-10-03T23:00:00Z,2026-10-03T23:00:00Z,15509655,R4 41st Avenue/To UBC Exchange,1,0,https://gtfs-static.translink.ca/gtfs/google_transit.zip
26SEP_20260925,20260907,20270103,2026-10-03,saturday,R4,toward_ubc,arrival,12600,60358,UBC Exchange @ Unloading Only,2026-10-03T16:09:00-07:00,2026-10-03T16:09:00-07:00,2026-10-03T23:09:00Z,2026-10-03T23:09:00Z,15509594,R4 41st Avenue/To UBC Exchange,1,0,https://gtfs-static.translink.ca/gtfs/google_transit.zip
26SEP_20260925,20260907,20270103,2026-10-03,saturday,R4,toward_ubc,arrival,12600,60358,UBC Exchange @ Unloading Only,2026-10-03T16:17:00-07:00,2026-10-03T16:17:00-07:00,2026-10-03T23:17:00Z,2026-10-03T23:17:00Z,15509595,R4 41st Avenue/To UBC Exchange,1,0,https://gtfs-static.translink.ca/gtfs/google_transit.zip
26SEP_20260925,20260907,20270103,2026-10-03,saturday,R4,toward_ubc,arrival,12600,60358,UBC Exchange @ Unloading Only,2026-10-03T16:26:00-07:00,2026-10-03T16:26:00-07:00,2026-10-03T23:26:00Z,2026-10-03T23:26:00Z,15509648,R4 41st Avenue/To UBC Exchange,1,0,https://gtfs-static.translink.ca/gtfs/google_transit.zip
26SEP_20260925,20260907,20270103,2026-10-03,saturday,R4,toward_ubc,arrival,12600,60358,UBC Exchange @ Unloading Only,2026-10-03T16:34:00-07:00,2026-10-03T16:34:00-07:00,2026-10-03T23:34:00Z,2026-10-03T23:34:00Z,15509596,R4 41st Avenue/To UBC Exchange,1,0,https://gtfs-static.translink.ca/gtfs/google_transit.zip
26SEP_20260925,20260907,20270103,2026-10-03,saturday,R4,toward_ubc,arrival,12600,60358,UBC Exchange @ Unloading Only,2026-10-03T16:42:00-07:00,2026-10-03T16:42:00-07:00,2026-10-03T23:42:00Z,2026-10-03T23:42:00Z,15509597,R4 41st Avenue/To UBC Exchange,1,0,https://gtfs-static.translink.ca/gtfs/google_transit.zip
26SEP_20260925,20260907,20270103,2026-10-03,saturday,R4,toward_ubc,arrival,12600,60358,UBC Exchange @ Unloading Only,2026-10-03T16:48:00-07:00,2026-10-03T16:48:00-07:00,2026-10-03T23:48:00Z,2026-10-03T23:48:00Z,15509598,R4 41st Avenue/To UBC Exchange,1,0,https://gtfs-static.translink.ca/gtfs/google_transit.zip
26SEP_20260925,20260907,20270103,2026-10-03,saturday,R4,toward_ubc,arrival,12600,60358,UBC Exchange @ Unloading Only,2026-10-03T16:56:00-07:00,2026-10-03T16:56:00-07:00,2026-10-03T23:56:00Z,2026-10-03T23:56:00Z,15509599,R4 41st Avenue/To UBC Exchange,1,0,https://gtfs-static.translink.ca/gtfs/google_transit.zip
26SEP_20260925,20260907,20270103,2026-10-03,saturday,R4,toward_ubc,arrival,12600,60358,UBC Exchange @ Unloading Only,2026-10-03T17:04:00-07:00,2026-10-03T17:04:00-07:00,2026-10-04T00:04:00Z,2026-10-04T00:04:00Z,15509600,R4 41st Avenue/To UBC Exchange,1,0,https://gtfs-static.translink.ca/gtfs/google_transit.zip
26SEP_20260925,20260907,20270103,2026-10-03,saturday,R4,toward_ubc,arrival,12600,60358,UBC Exchange @ Unloading Only,2026-10-03T17:11:00-07:00,2026-10-03T17:11:00-07:00,2026-10-04T00:11:00Z,2026-10-04T00:11:00Z,15509601,R4 41st Avenue/To UBC Exchange,1,0,https://gtfs-static.translink.ca/gtfs/google_transit.zip
26SEP_20260925,20260907,20270103,2026-10-03,saturday,R4,toward_ubc,arrival,12600,60358,UBC Exchange @ Unloading Only,2026-10-03T17:18:00-07:00,2026-10-03T17:18:00-07:00,2026-10-04T00:18:00Z,2026-10-04T00:18:00Z,15509649,R4 41st Avenue/To UBC Exchange,1,0,https://gtfs-static.translink.ca/gtfs/google_transit.zip
26SEP_20260925,20260907,20270103,2026-10-03,saturday,R4,toward_ubc,arrival,12600,60358,UBC Exchange @ Unloading Only,2026-10-03T17:26:00-07:00,2026-10-03T17:26:00-07:00,2026-10-04T00:26:00Z,2026-10-04T00:26:00Z,15509602,R4 41st Avenue/To UBC Exchange,1,0,https://gtfs-static.translink.ca/gtfs/google_transit.zip
26SEP_20260925,20260907,20270103,2026-10-03,saturday,R4,toward_ubc,arrival,12600,60358,UBC Exchange @ Unloading Only,2026-10-03T17:34:00-07:00,2026-10-03T17:34:00-07:00,2026-10-04T00:34:00Z,2026-10-04T00:34:00Z,15509603,R4 41st Avenue/To UBC Exchange,1,0,https://gtfs-static.translink.ca/gtfs/google_transit.zip
26SEP_20260925,20260907,20270103,2026-10-03,saturday,R4,toward_ubc,arrival,12600,60358,UBC Exchange @ Unloading Only,2026-10-03T17:42:00-07:00,2026-10-03T17:42:00-07:00,2026-10-04T00:42:00Z,2026-10-04T00:42:00Z,15509604,R4 41st Avenue/To UBC Exchange,1,0,https://gtfs-static.translink.ca/gtfs/google_transit.zip
26SEP_20260925,20260907,20270103,2026-10-03,saturday,R4,toward_ubc,arrival,12600,60358,UBC Exchange @ Unloading Only,2026-10-03T17:51:00-07:00,2026-10-03T17:51:00-07:00,2026-10-04T00:51:00Z,2026-10-04T00:51:00Z,15509640,R4 41st Avenue/To UBC Exchange,1,0,https://gtfs-static.translink.ca/gtfs/google_transit.zip
26SEP_20260925,20260907,20270103,2026-10-03,saturday,R4,toward_ubc,arrival,12600,60358,UBC Exchange @ Unloading Only,2026-10-03T17:59:00-07:00,2026-10-03T17:59:00-07:00,2026-10-04T00:59:00Z,2026-10-04T00:59:00Z,15509605,R4 41st Avenue/To UBC Exchange,1,0,https://gtfs-static.translink.ca/gtfs/google_transit.zip
26SEP_20260925,20260907,20270103,2026-10-03,saturday,R4,toward_ubc,arrival,12600,60358,UBC Exchange @ Unloading Only,2026-10-03T18:08:00-07:00,2026-10-03T18:08:00-07:00,2026-10-04T01:08:00Z,2026-10-04T01:08:00Z,15509606,R4 41st Avenue/To UBC Exchange,1,0,https://gtfs-static.translink.ca/gtfs/google_transit.zip
26SEP_20260925,20260907,20270103,2026-10-03,saturday,R4,toward_ubc,arrival,12600,60358,UBC Exchange @ Unloading Only,2026-10-03T18:16:00-07:00,2026-10-03T18:16:00-07:00,2026-10-04T01:16:00Z,2026-10-04T01:16:00Z,15509650,R4 41st Avenue/To UBC Exchange,1,0,https://gtfs-static.translink.ca/gtfs/google_transit.zip
26SEP_20260925,20260907,20270103,2026-10-03,saturday,R4,toward_ubc,arrival,12600,60358,UBC Exchange @ Unloading Only,2026-10-03T18:23:00-07:00,2026-10-03T18:23:00-07:00,2026-10-04T01:23:00Z,2026-10-04T01:23:00Z,15509607,R4 41st Avenue/To UBC Exchange,1,0,https://gtfs-static.translink.ca/gtfs/google_transit.zip
26SEP_20260925,20260907,20270103,2026-10-03,saturday,R4,toward_ubc,arrival,12600,60358,UBC Exchange @ Unloading Only,2026-10-03T18:31:00-07:00,2026-10-03T18:31:00-07:00,2026-10-04T01:31:00Z,2026-10-04T01:31:00Z,15509608,R4 41st Avenue/To UBC Exchange,1,0,https://gtfs-static.translink.ca/gtfs/google_transit.zip
26SEP_20260925,20260907,20270103,2026-10-03,saturday,R4,toward_ubc,arrival,12600,60358,UBC Exchange @ Unloading Only,2026-10-03T18:39:00-07:00,2026-10-03T18:39:00-07:00,2026-10-04T01:39:00Z,2026-10-04T01:39:00Z,15509609,R4 41st Avenue/To UBC Exchange,1,0,https://gtfs-static.translink.ca/gtfs/google_transit.zip
26SEP_20260925,20260907,20270103,2026-10-03,saturday,R4,toward_ubc,arrival,12600,60358,UBC Exchange @ Unloading Only,2026-10-03T18:49:00-07:00,2026-10-03T18:49:00-07:00,2026-10-04T01:49:00Z,2026-10-04T01:49:00Z,15509610,R4 41st Avenue/To UBC Exchange,1,0,https://gtfs-static.translink.ca/gtfs/google_transit.zip
26SEP_20260925,20260907,20270103,2026-10-03,saturday,R4,toward_ubc,arrival,12600,60358,UBC Exchange @ Unloading Only,2026-10-03T19:01:00-07:00,2026-10-03T19:01:00-07:00,2026-10-04T02:01:00Z,2026-10-04T02:01:00Z,15509651,R4 41st Avenue/To UBC Exchange,1,0,https://gtfs-static.translink.ca/gtfs/google_transit.zip
26SEP_20260925,20260907,20270103,2026-10-03,saturday,R4,toward_ubc,arrival,12600,60358,UBC Exchange @ Unloading Only,2026-10-03T19:13:00-07:00,2026-10-03T19:13:00-07:00,2026-10-04T02:13:00Z,2026-10-04T02:13:00Z,15509611,R4 41st Avenue/To UBC Exchange,1,0,https://gtfs-static.translink.ca/gtfs/google_transit.zip
26SEP_20260925,20260907,20270103,2026-10-03,saturday,R4,toward_ubc,arrival,12600,60358,UBC Exchange @ Unloading Only,2026-10-03T19:22:00-07:00,2026-10-03T19:22:00-07:00,2026-10-04T02:22:00Z,2026-10-04T02:22:00Z,15509612,R4 41st Avenue/To UBC Exchange,1,0,https://gtfs-static.translink.ca/gtfs/google_transit.zip
26SEP_20260925,20260907,20270103,2026-10-03,saturday,R4,toward_ubc,arrival,12600,60358,UBC Exchange @ Unloading Only,2026-10-03T19:32:00-07:00,2026-10-03T19:32:00-07:00,2026-10-04T02:32:00Z,2026-10-04T02:32:00Z,15509613,R4 41st Avenue/To UBC Exchange,1,0,https://gtfs-static.translink.ca/gtfs/google_transit.zip
26SEP_20260925,20260907,20270103,2026-10-03,saturday,R4,toward_ubc,arrival,12600,60358,UBC Exchange @ Unloading Only,2026-10-03T19:42:00-07:00,2026-10-03T19:42:00-07:00,2026-10-04T02:42:00Z,2026-10-04T02:42:00Z,15509614,R4 41st Avenue/To UBC Exchange,1,0,https://gtfs-static.translink.ca/gtfs/google_transit.zip
26SEP_20260925,20260907,20270103,2026-10-03,saturday,R4,toward_ubc,arrival,12600,60358,UBC Exchange @ Unloading Only,2026-10-03T19:54:00-07:00,2026-10-03T19:54:00-07:00,2026-10-04T02:54:00Z,2026-10-04T02:54:00Z,15509641,R4 41st Avenue/To UBC Exchange,1,0,https://gtfs-static.translink.ca/gtfs/google_transit.zip
26SEP_20260925,20260907,20270103,2026-10-03,saturday,R4,toward_ubc,arrival,12600,60358,UBC Exchange @ Unloading Only,2026-10-03T20:06:00-07:00,2026-10-03T20:06:00-07:00,2026-10-04T03:06:00Z,2026-10-04T03:06:00Z,15509615,R4 41st Avenue/To UBC Exchange,1,0,https://gtfs-static.translink.ca/gtfs/google_transit.zip
26SEP_20260925,20260907,20270103,2026-10-03,saturday,R4,toward_ubc,arrival,12600,60358,UBC Exchange @ Unloading Only,2026-10-03T20:16:00-07:00,2026-10-03T20:16:00-07:00,2026-10-04T03:16:00Z,2026-10-04T03:16:00Z,15509616,R4 41st Avenue/To UBC Exchange,1,0,https://gtfs-static.translink.ca/gtfs/google_transit.zip
26SEP_20260925,20260907,20270103,2026-10-03,saturday,R4,toward_ubc,arrival,12600,60358,UBC Exchange @ Unloading Only,2026-10-03T20:29:00-07:00,2026-10-03T20:29:00-07:00,2026-10-04T03:29:00Z,2026-10-04T03:29:00Z,15509617,R4 41st Avenue/To UBC Exchange,1,0,https://gtfs-static.translink.ca/gtfs/google_transit.zip
26SEP_20260925,20260907,20270103,2026-10-03,saturday,R4,toward_ubc,arrival,12600,60358,UBC Exchange @ Unloading Only,2026-10-03T20:44:00-07:00,2026-10-03T20:44:00-07:00,2026-10-04T03:44:00Z,2026-10-04T03:44:00Z,15509618,R4 41st Avenue/To UBC Exchange,1,0,https://gtfs-static.translink.ca/gtfs/google_transit.zip
26SEP_20260925,20260907,20270103,2026-10-03,saturday,R4,toward_ubc,arrival,12600,60358,UBC Exchange @ Unloading Only,2026-10-03T21:00:00-07:00,2026-10-03T21:00:00-07:00,2026-10-04T04:00:00Z,2026-10-04T04:00:00Z,15509619,R4 41st Avenue/To UBC Exchange,1,0,https://gtfs-static.translink.ca/gtfs/google_transit.zip
26SEP_20260925,20260907,20270103,2026-10-03,saturday,R4,toward_ubc,arrival,12600,60358,UBC Exchange @ Unloading Only,2026-10-03T21:11:00-07:00,2026-10-03T21:11:00-07:00,2026-10-04T04:11:00Z,2026-10-04T04:11:00Z,15509620,R4 41st Avenue/To UBC Exchange,1,0,https://gtfs-static.translink.ca/gtfs/google_transit.zip
26SEP_20260925,20260907,20270103,2026-10-03,saturday,R4,toward_ubc,arrival,12600,60358,UBC Exchange @ Unloading Only,2026-10-03T21:23:00-07:00,2026-10-03T21:23:00-07:00,2026-10-04T04:23:00Z,2026-10-04T04:23:00Z,15509621,R4 41st Avenue/To UBC Exchange,1,0,https://gtfs-static.translink.ca/gtfs/google_transit.zip
26SEP_20260925,20260907,20270103,2026-10-03,saturday,R4,toward_ubc,arrival,12600,60358,UBC Exchange @ Unloading Only,2026-10-03T21:38:00-07:00,2026-10-03T21:38:00-07:00,2026-10-04T04:38:00Z,2026-10-04T04:38:00Z,15509622,R4 41st Avenue/To UBC Exchange,1,0,https://gtfs-static.translink.ca/gtfs/google_transit.zip
26SEP_20260925,20260907,20270103,2026-10-03,saturday,R4,toward_ubc,arrival,12600,60358,UBC Exchange @ Unloading Only,2026-10-03T21:52:00-07:00,2026-10-03T21:52:00-07:00,2026-10-04T04:52:00Z,2026-10-04T04:52:00Z,15509623,R4 41st Avenue/To UBC Exchange,1,0,https://gtfs-static.translink.ca/gtfs/google_transit.zip
26SEP_20260925,20260907,20270103,2026-10-03,saturday,R4,toward_ubc,arrival,12600,60358,UBC Exchange @ Unloading Only,2026-10-03T22:07:00-07:00,2026-10-03T22:07:00-07:00,2026-10-04T05:07:00Z,2026-10-04T05:07:00Z,15509624,R4 41st Avenue/To UBC Exchange,1,0,https://gtfs-static.translink.ca/gtfs/google_transit.zip
26SEP_20260925,20260907,20270103,2026-10-03,saturday,R4,toward_ubc,arrival,12600,60358,UBC Exchange @ Unloading Only,2026-10-03T22:22:00-07:00,2026-10-03T22:22:00-07:00,2026-10-04T05:22:00Z,2026-10-04T05:22:00Z,15509625,R4 41st Avenue/To UBC Exchange,1,0,https://gtfs-static.translink.ca/gtfs/google_transit.zip
26SEP_20260925,20260907,20270103,2026-10-03,saturday,R4,toward_ubc,arrival,12600,60358,UBC Exchange @ Unloading Only,2026-10-03T22:37:00-07:00,2026-10-03T22:37:00-07:00,2026-10-04T05:37:00Z,2026-10-04T05:37:00Z,15509626,R4 41st Avenue/To UBC Exchange,1,0,https://gtfs-static.translink.ca/gtfs/google_transit.zip
26SEP_20260925,20260907,20270103,2026-10-03,saturday,R4,toward_ubc,arrival,12600,60358,UBC Exchange @ Unloading Only,2026-10-03T22:52:00-07:00,2026-10-03T22:52:00-07:00,2026-10-04T05:52:00Z,2026-10-04T05:52:00Z,15509627,R4 41st Avenue/To UBC Exchange,1,0,https://gtfs-static.translink.ca/gtfs/google_transit.zip
26SEP_20260925,20260907,20270103,2026-10-03,saturday,R4,toward_ubc,arrival,12600,60358,UBC Exchange @ Unloading Only,2026-10-03T23:07:00-07:00,2026-10-03T23:07:00-07:00,2026-10-04T06:07:00Z,2026-10-04T06:07:00Z,15509628,R4 41st Avenue/To UBC Exchange,1,0,https://gtfs-static.translink.ca/gtfs/google_transit.zip
26SEP_20260925,20260907,20270103,2026-10-03,saturday,R4,toward_ubc,arrival,12600,60358,UBC Exchange @ Unloading Only,2026-10-03T23:22:00-07:00,2026-10-03T23:22:00-07:00,2026-10-04T06:22:00Z,2026-10-04T06:22:00Z,15509629,R4 41st Avenue/To UBC Exchange,1,0,https://gtfs-static.translink.ca/gtfs/google_transit.zip
26SEP_20260925,20260907,20270103,2026-10-03,saturday,R4,toward_ubc,arrival,12600,60358,UBC Exchange @ Unloading Only,2026-10-03T23:37:00-07:00,2026-10-03T23:37:00-07:00,2026-10-04T06:37:00Z,2026-10-04T06:37:00Z,15509630,R4 41st Avenue/To UBC Exchange,1,0,https://gtfs-static.translink.ca/gtfs/google_transit.zip
26SEP_20260925,20260907,20270103,2026-10-03,saturday,R4,toward_ubc,arrival,12600,60358,UBC Exchange @ Unloading Only,2026-10-03T23:51:00-07:00,2026-10-03T23:51:00-07:00,2026-10-04T06:51:00Z,2026-10-04T06:51:00Z,15509631,R4 41st Avenue/To UBC Exchange,1,0,https://gtfs-static.translink.ca/gtfs/google_transit.zip
26SEP_20260925,20260907,20270103,2026-10-03,saturday,R4,toward_ubc,arrival,12600,60358,UBC Exchange @ Unloading Only,2026-10-04T00:06:00-07:00,2026-10-04T00:06:00-07:00,2026-10-04T07:06:00Z,2026-10-04T07:06:00Z,15509632,R4 41st Avenue/To UBC Exchange,1,0,https://gtfs-static.translink.ca/gtfs/google_transit.zip
26SEP_20260925,20260907,20270103,2026-10-03,saturday,R4,toward_ubc,arrival,12600,60358,UBC Exchange @ Unloading Only,2026-10-04T00:23:00-07:00,2026-10-04T00:23:00-07:00,2026-10-04T07:23:00Z,2026-10-04T07:23:00Z,15509633,R4 41st Avenue/To UBC Exchange,1,0,https://gtfs-static.translink.ca/gtfs/google_transit.zip
26SEP_20260925,20260907,20270103,2026-10-03,saturday,R4,toward_ubc,arrival,12600,60358,UBC Exchange @ Unloading Only,2026-10-04T00:38:00-07:00,2026-10-04T00:38:00-07:00,2026-10-04T07:38:00Z,2026-10-04T07:38:00Z,15509634,R4 41st Avenue/To UBC Exchange,1,0,https://gtfs-static.translink.ca/gtfs/google_transit.zip
26SEP_20260925,20260907,20270103,2026-10-03,saturday,R4,toward_ubc,arrival,12600,60358,UBC Exchange @ Unloading Only,2026-10-04T00:52:00-07:00,2026-10-04T00:52:00-07:00,2026-10-04T07:52:00Z,2026-10-04T07:52:00Z,15509635,R4 41st Avenue/To UBC Exchange,1,0,https://gtfs-static.translink.ca/gtfs/google_transit.zip
26SEP_20260925,20260907,20270103,2026-10-03,saturday,R4,toward_ubc,arrival,12600,60358,UBC Exchange @ Unloading Only,2026-10-04T01:07:00-07:00,2026-10-04T01:07:00-07:00,2026-10-04T08:07:00Z,2026-10-04T08:07:00Z,15509636,R4 41st Avenue/To UBC Exchange,1,0,https://gtfs-static.translink.ca/gtfs/google_transit.zip
26SEP_20260925,20260907,20270103,2026-10-03,saturday,R4,toward_ubc,arrival,12600,60358,UBC Exchange @ Unloading Only,2026-10-04T01:22:00-07:00,2026-10-04T01:22:00-07:00,2026-10-04T08:22:00Z,2026-10-04T08:22:00Z,15509637,R4 41st Avenue/To UBC Exchange,1,0,https://gtfs-static.translink.ca/gtfs/google_transit.zip
26SEP_20260925,20260907,20270103,2026-10-03,saturday,R4,toward_ubc,arrival,12600,60358,UBC Exchange @ Unloading Only,2026-10-04T01:37:00-07:00,2026-10-04T01:37:00-07:00,2026-10-04T08:37:00Z,2026-10-04T08:37:00Z,15509638,R4 41st Avenue/To UBC Exchange,1,0,https://gtfs-static.translink.ca/gtfs/google_transit.zip
26SEP_20260925,20260907,20270103,2026-10-04,sunday,49,away_from_ubc,departure,12362,60163,UBC Exchange @ Bay 5,2026-10-04T06:45:00-07:00,2026-10-04T06:45:00-07:00,2026-10-04T13:45:00Z,2026-10-04T13:45:00Z,15459604,49 49TH Avenue/To Metrotown Station,0,0,https://gtfs-static.translink.ca/gtfs/google_transit.zip
26SEP_20260925,20260907,20270103,2026-10-04,sunday,49,away_from_ubc,departure,12362,60163,UBC Exchange @ Bay 5,2026-10-04T07:00:00-07:00,2026-10-04T07:00:00-07:00,2026-10-04T14:00:00Z,2026-10-04T14:00:00Z,15459605,49 49TH Avenue/To Metrotown Station,0,0,https://gtfs-static.translink.ca/gtfs/google_transit.zip
26SEP_20260925,20260907,20270103,2026-10-04,sunday,49,away_from_ubc,departure,12362,60163,UBC Exchange @ Bay 5,2026-10-04T07:15:00-07:00,2026-10-04T07:15:00-07:00,2026-10-04T14:15:00Z,2026-10-04T14:15:00Z,15459606,49 49TH Avenue/To Metrotown Station,0,0,https://gtfs-static.translink.ca/gtfs/google_transit.zip
26SEP_20260925,20260907,20270103,2026-10-04,sunday,49,away_from_ubc,departure,12362,60163,UBC Exchange @ Bay 5,2026-10-04T07:30:00-07:00,2026-10-04T07:30:00-07:00,2026-10-04T14:30:00Z,2026-10-04T14:30:00Z,15459589,49 49TH Avenue/To Metrotown Station,0,0,https://gtfs-static.translink.ca/gtfs/google_transit.zip
26SEP_20260925,20260907,20270103,2026-10-04,sunday,49,away_from_ubc,departure,12362,60163,UBC Exchange @ Bay 5,2026-10-04T07:45:00-07:00,2026-10-04T07:45:00-07:00,2026-10-04T14:45:00Z,2026-10-04T14:45:00Z,15459590,49 49TH Avenue/To Metrotown Station,0,0,https://gtfs-static.translink.ca/gtfs/google_transit.zip
26SEP_20260925,20260907,20270103,2026-10-04,sunday,49,away_from_ubc,departure,12362,60163,UBC Exchange @ Bay 5,2026-10-04T08:00:00-07:00,2026-10-04T08:00:00-07:00,2026-10-04T15:00:00Z,2026-10-04T15:00:00Z,15459591,49 49TH Avenue/To Metrotown Station,0,0,https://gtfs-static.translink.ca/gtfs/google_transit.zip
26SEP_20260925,20260907,20270103,2026-10-04,sunday,49,away_from_ubc,departure,12362,60163,UBC Exchange @ Bay 5,2026-10-04T08:15:00-07:00,2026-10-04T08:15:00-07:00,2026-10-04T15:15:00Z,2026-10-04T15:15:00Z,15459592,49 49TH Avenue/To Metrotown Station,0,0,https://gtfs-static.translink.ca/gtfs/google_transit.zip
26SEP_20260925,20260907,20270103,2026-10-04,sunday,49,away_from_ubc,departure,12362,60163,UBC Exchange @ Bay 5,2026-10-04T08:30:00-07:00,2026-10-04T08:30:00-07:00,2026-10-04T15:30:00Z,2026-10-04T15:30:00Z,15459593,49 49TH Avenue/To Metrotown Station,0,0,https://gtfs-static.translink.ca/gtfs/google_transit.zip
26SEP_20260925,20260907,20270103,2026-10-04,sunday,49,away_from_ubc,departure,12362,60163,UBC Exchange @ Bay 5,2026-10-04T08:45:00-07:00,2026-10-04T08:45:00-07:00,2026-10-04T15:45:00Z,2026-10-04T15:45:00Z,15459584,49 49TH Avenue/To Metrotown Station,0,0,https://gtfs-static.translink.ca/gtfs/google_transit.zip
26SEP_20260925,20260907,20270103,2026-10-04,sunday,49,away_from_ubc,departure,12362,60163,UBC Exchange @ Bay 5,2026-10-04T08:59:00-07:00,2026-10-04T08:59:00-07:00,2026-10-04T15:59:00Z,2026-10-04T15:59:00Z,15459594,49 49TH Avenue/To Metrotown Station,0,0,https://gtfs-static.translink.ca/gtfs/google_transit.zip
26SEP_20260925,20260907,20270103,2026-10-04,sunday,49,away_from_ubc,departure,12362,60163,UBC Exchange @ Bay 5,2026-10-04T09:13:00-07:00,2026-10-04T09:13:00-07:00,2026-10-04T16:13:00Z,2026-10-04T16:13:00Z,15459608,49 49TH Avenue/To Metrotown Station,0,0,https://gtfs-static.translink.ca/gtfs/google_transit.zip
26SEP_20260925,20260907,20270103,2026-10-04,sunday,49,away_from_ubc,departure,12362,60163,UBC Exchange @ Bay 5,2026-10-04T09:28:00-07:00,2026-10-04T09:28:00-07:00,2026-10-04T16:28:00Z,2026-10-04T16:28:00Z,15459609,49 49TH Avenue/To Metrotown Station,0,0,https://gtfs-static.translink.ca/gtfs/google_transit.zip
26SEP_20260925,20260907,20270103,2026-10-04,sunday,49,away_from_ubc,departure,12362,60163,UBC Exchange @ Bay 5,2026-10-04T09:43:00-07:00,2026-10-04T09:43:00-07:00,2026-10-04T16:43:00Z,2026-10-04T16:43:00Z,15459610,49 49TH Avenue/To Metrotown Station,0,0,https://gtfs-static.translink.ca/gtfs/google_transit.zip
26SEP_20260925,20260907,20270103,2026-10-04,sunday,49,away_from_ubc,departure,12362,60163,UBC Exchange @ Bay 5,2026-10-04T09:58:00-07:00,2026-10-04T09:58:00-07:00,2026-10-04T16:58:00Z,2026-10-04T16:58:00Z,15459611,49 49TH Avenue/To Metrotown Station,0,0,https://gtfs-static.translink.ca/gtfs/google_transit.zip
26SEP_20260925,20260907,20270103,2026-10-04,sunday,49,away_from_ubc,departure,12362,60163,UBC Exchange @ Bay 5,2026-10-04T10:13:00-07:00,2026-10-04T10:13:00-07:00,2026-10-04T17:13:00Z,2026-10-04T17:13:00Z,15459612,49 49TH Avenue/To Metrotown Station,0,0,https://gtfs-static.translink.ca/gtfs/google_transit.zip
26SEP_20260925,20260907,20270103,2026-10-04,sunday,49,away_from_ubc,departure,12362,60163,UBC Exchange @ Bay 5,2026-10-04T10:28:00-07:00,2026-10-04T10:28:00-07:00,2026-10-04T17:28:00Z,2026-10-04T17:28:00Z,15459613,49 49TH Avenue/To Metrotown Station,0,0,https://gtfs-static.translink.ca/gtfs/google_transit.zip
26SEP_20260925,20260907,20270103,2026-10-04,sunday,49,away_from_ubc,departure,12362,60163,UBC Exchange @ Bay 5,2026-10-04T10:43:00-07:00,2026-10-04T10:43:00-07:00,2026-10-04T17:43:00Z,2026-10-04T17:43:00Z,15459614,49 49TH Avenue/To Metrotown Station,0,0,https://gtfs-static.translink.ca/gtfs/google_transit.zip
26SEP_20260925,20260907,20270103,2026-10-04,sunday,49,away_from_ubc,departure,12362,60163,UBC Exchange @ Bay 5,2026-10-04T10:58:00-07:00,2026-10-04T10:58:00-07:00,2026-10-04T17:58:00Z,2026-10-04T17:58:00Z,15459615,49 49TH Avenue/To Metrotown Station,0,0,https://gtfs-static.translink.ca/gtfs/google_transit.zip
26SEP_20260925,20260907,20270103,2026-10-04,sunday,49,away_from_ubc,departure,12362,60163,UBC Exchange @ Bay 5,2026-10-04T11:13:00-07:00,2026-10-04T11:13:00-07:00,2026-10-04T18:13:00Z,2026-10-04T18:13:00Z,15459616,49 49TH Avenue/To Metrotown Station,0,0,https://gtfs-static.translink.ca/gtfs/google_transit.zip
26SEP_20260925,20260907,20270103,2026-10-04,sunday,49,away_from_ubc,departure,12362,60163,UBC Exchange @ Bay 5,2026-10-04T11:28:00-07:00,2026-10-04T11:28:00-07:00,2026-10-04T18:28:00Z,2026-10-04T18:28:00Z,15459617,49 49TH Avenue/To Metrotown Station,0,0,https://gtfs-static.translink.ca/gtfs/google_transit.zip
26SEP_20260925,20260907,20270103,2026-10-04,sunday,49,away_from_ubc,departure,12362,60163,UBC Exchange @ Bay 5,2026-10-04T11:43:00-07:00,2026-10-04T11:43:00-07:00,2026-10-04T18:43:00Z,2026-10-04T18:43:00Z,15459618,49 49TH Avenue/To Metrotown Station,0,0,https://gtfs-static.translink.ca/gtfs/google_transit.zip
26SEP_20260925,20260907,20270103,2026-10-04,sunday,49,away_from_ubc,departure,12362,60163,UBC Exchange @ Bay 5,2026-10-04T11:58:00-07:00,2026-10-04T11:58:00-07:00,2026-10-04T18:58:00Z,2026-10-04T18:58:00Z,15459619,49 49TH Avenue/To Metrotown Station,0,0,https://gtfs-static.translink.ca/gtfs/google_transit.zip
26SEP_20260925,20260907,20270103,2026-10-04,sunday,49,away_from_ubc,departure,12362,60163,UBC Exchange @ Bay 5,2026-10-04T12:11:00-07:00,2026-10-04T12:11:00-07:00,2026-10-04T19:11:00Z,2026-10-04T19:11:00Z,15459620,49 49TH Avenue/To Metrotown Station,0,0,https://gtfs-static.translink.ca/gtfs/google_transit.zip
26SEP_20260925,20260907,20270103,2026-10-04,sunday,49,away_from_ubc,departure,12362,60163,UBC Exchange @ Bay 5,2026-10-04T12:26:00-07:00,2026-10-04T12:26:00-07:00,2026-10-04T19:26:00Z,2026-10-04T19:26:00Z,15459621,49 49TH Avenue/To Metrotown Station,0,0,https://gtfs-static.translink.ca/gtfs/google_transit.zip
26SEP_20260925,20260907,20270103,2026-10-04,sunday,49,away_from_ubc,departure,12362,60163,UBC Exchange @ Bay 5,2026-10-04T12:40:00-07:00,2026-10-04T12:40:00-07:00,2026-10-04T19:40:00Z,2026-10-04T19:40:00Z,15459622,49 49TH Avenue/To Metrotown Station,0,0,https://gtfs-static.translink.ca/gtfs/google_transit.zip
26SEP_20260925,20260907,20270103,2026-10-04,sunday,49,away_from_ubc,departure,12362,60163,UBC Exchange @ Bay 5,2026-10-04T12:51:00-07:00,2026-10-04T12:51:00-07:00,2026-10-04T19:51:00Z,2026-10-04T19:51:00Z,15459623,49 49TH Avenue/To Metrotown Station,0,0,https://gtfs-static.translink.ca/gtfs/google_transit.zip
26SEP_20260925,20260907,20270103,2026-10-04,sunday,49,away_from_ubc,departure,12362,60163,UBC Exchange @ Bay 5,2026-10-04T13:02:00-07:00,2026-10-04T13:02:00-07:00,2026-10-04T20:02:00Z,2026-10-04T20:02:00Z,15459624,49 49TH Avenue/To Metrotown Station,0,0,https://gtfs-static.translink.ca/gtfs/google_transit.zip
26SEP_20260925,20260907,20270103,2026-10-04,sunday,49,away_from_ubc,departure,12362,60163,UBC Exchange @ Bay 5,2026-10-04T13:12:00-07:00,2026-10-04T13:12:00-07:00,2026-10-04T20:12:00Z,2026-10-04T20:12:00Z,15459625,49 49TH Avenue/To Metrotown Station,0,0,https://gtfs-static.translink.ca/gtfs/google_transit.zip
26SEP_20260925,20260907,20270103,2026-10-04,sunday,49,away_from_ubc,departure,12362,60163,UBC Exchange @ Bay 5,2026-10-04T13:22:00-07:00,2026-10-04T13:22:00-07:00,2026-10-04T20:22:00Z,2026-10-04T20:22:00Z,15459626,49 49TH Avenue/To Metrotown Station,0,0,https://gtfs-static.translink.ca/gtfs/google_transit.zip
26SEP_20260925,20260907,20270103,2026-10-04,sunday,49,away_from_ubc,departure,12362,60163,UBC Exchange @ Bay 5,2026-10-04T13:32:00-07:00,2026-10-04T13:32:00-07:00,2026-10-04T20:32:00Z,2026-10-04T20:32:00Z,15459627,49 49TH Avenue/To Metrotown Station,0,0,https://gtfs-static.translink.ca/gtfs/google_transit.zip
26SEP_20260925,20260907,20270103,2026-10-04,sunday,49,away_from_ubc,departure,12362,60163,UBC Exchange @ Bay 5,2026-10-04T13:42:00-07:00,2026-10-04T13:42:00-07:00,2026-10-04T20:42:00Z,2026-10-04T20:42:00Z,15459628,49 49TH Avenue/To Metrotown Station,0,0,https://gtfs-static.translink.ca/gtfs/google_transit.zip
26SEP_20260925,20260907,20270103,2026-10-04,sunday,49,away_from_ubc,departure,12362,60163,UBC Exchange @ Bay 5,2026-10-04T13:52:00-07:00,2026-10-04T13:52:00-07:00,2026-10-04T20:52:00Z,2026-10-04T20:52:00Z,15459661,49 49TH Avenue/To Metrotown Station,0,0,https://gtfs-static.translink.ca/gtfs/google_transit.zip
26SEP_20260925,20260907,20270103,2026-10-04,sunday,49,away_from_ubc,departure,12362,60163,UBC Exchange @ Bay 5,2026-10-04T14:02:00-07:00,2026-10-04T14:02:00-07:00,2026-10-04T21:02:00Z,2026-10-04T21:02:00Z,15459629,49 49TH Avenue/To Metrotown Station,0,0,https://gtfs-static.translink.ca/gtfs/google_transit.zip
26SEP_20260925,20260907,20270103,2026-10-04,sunday,49,away_from_ubc,departure,12362,60163,UBC Exchange @ Bay 5,2026-10-04T14:12:00-07:00,2026-10-04T14:12:00-07:00,2026-10-04T21:12:00Z,2026-10-04T21:12:00Z,15459630,49 49TH Avenue/To Metrotown Station,0,0,https://gtfs-static.translink.ca/gtfs/google_transit.zip
26SEP_20260925,20260907,20270103,2026-10-04,sunday,49,away_from_ubc,departure,12362,60163,UBC Exchange @ Bay 5,2026-10-04T14:22:00-07:00,2026-10-04T14:22:00-07:00,2026-10-04T21:22:00Z,2026-10-04T21:22:00Z,15459631,49 49TH Avenue/To Metrotown Station,0,0,https://gtfs-static.translink.ca/gtfs/google_transit.zip
26SEP_20260925,20260907,20270103,2026-10-04,sunday,49,away_from_ubc,departure,12362,60163,UBC Exchange @ Bay 5,2026-10-04T14:32:00-07:00,2026-10-04T14:32:00-07:00,2026-10-04T21:32:00Z,2026-10-04T21:32:00Z,15459632,49 49TH Avenue/To Metrotown Station,0,0,https://gtfs-static.translink.ca/gtfs/google_transit.zip
26SEP_20260925,20260907,20270103,2026-10-04,sunday,49,away_from_ubc,departure,12362,60163,UBC Exchange @ Bay 5,2026-10-04T14:42:00-07:00,2026-10-04T14:42:00-07:00,2026-10-04T21:42:00Z,2026-10-04T21:42:00Z,15459656,49 49TH Avenue/To Metrotown Station,0,0,https://gtfs-static.translink.ca/gtfs/google_transit.zip
26SEP_20260925,20260907,20270103,2026-10-04,sunday,49,away_from_ubc,departure,12362,60163,UBC Exchange @ Bay 5,2026-10-04T14:52:00-07:00,2026-10-04T14:52:00-07:00,2026-10-04T21:52:00Z,2026-10-04T21:52:00Z,15459633,49 49TH Avenue/To Metrotown Station,0,0,https://gtfs-static.translink.ca/gtfs/google_transit.zip
26SEP_20260925,20260907,20270103,2026-10-04,sunday,49,away_from_ubc,departure,12362,60163,UBC Exchange @ Bay 5,2026-10-04T15:02:00-07:00,2026-10-04T15:02:00-07:00,2026-10-04T22:02:00Z,2026-10-04T22:02:00Z,15459634,49 49TH Avenue/To Metrotown Station,0,0,https://gtfs-static.translink.ca/gtfs/google_transit.zip
26SEP_20260925,20260907,20270103,2026-10-04,sunday,49,away_from_ubc,departure,12362,60163,UBC Exchange @ Bay 5,2026-10-04T15:12:00-07:00,2026-10-04T15:12:00-07:00,2026-10-04T22:12:00Z,2026-10-04T22:12:00Z,15459635,49 49TH Avenue/To Metrotown Station,0,0,https://gtfs-static.translink.ca/gtfs/google_transit.zip
26SEP_20260925,20260907,20270103,2026-10-04,sunday,49,away_from_ubc,departure,12362,60163,UBC Exchange @ Bay 5,2026-10-04T15:22:00-07:00,2026-10-04T15:22:00-07:00,2026-10-04T22:22:00Z,2026-10-04T22:22:00Z,15459636,49 49TH Avenue/To Metrotown Station,0,0,https://gtfs-static.translink.ca/gtfs/google_transit.zip
26SEP_20260925,20260907,20270103,2026-10-04,sunday,49,away_from_ubc,departure,12362,60163,UBC Exchange @ Bay 5,2026-10-04T15:32:00-07:00,2026-10-04T15:32:00-07:00,2026-10-04T22:32:00Z,2026-10-04T22:32:00Z,15459637,49 49TH Avenue/To Metrotown Station,0,0,https://gtfs-static.translink.ca/gtfs/google_transit.zip
26SEP_20260925,20260907,20270103,2026-10-04,sunday,49,away_from_ubc,departure,12362,60163,UBC Exchange @ Bay 5,2026-10-04T15:42:00-07:00,2026-10-04T15:42:00-07:00,2026-10-04T22:42:00Z,2026-10-04T22:42:00Z,15459638,49 49TH Avenue/To Metrotown Station,0,0,https://gtfs-static.translink.ca/gtfs/google_transit.zip
26SEP_20260925,20260907,20270103,2026-10-04,sunday,49,away_from_ubc,departure,12362,60163,UBC Exchange @ Bay 5,2026-10-04T15:52:00-07:00,2026-10-04T15:52:00-07:00,2026-10-04T22:52:00Z,2026-10-04T22:52:00Z,15459657,49 49TH Avenue/To Metrotown Station,0,0,https://gtfs-static.translink.ca/gtfs/google_transit.zip
26SEP_20260925,20260907,20270103,2026-10-04,sunday,49,away_from_ubc,departure,12362,60163,UBC Exchange @ Bay 5,2026-10-04T16:04:00-07:00,2026-10-04T16:04:00-07:00,2026-10-04T23:04:00Z,2026-10-04T23:04:00Z,15459639,49 49TH Avenue/To Metrotown Station,0,0,https://gtfs-static.translink.ca/gtfs/google_transit.zip
26SEP_20260925,20260907,20270103,2026-10-04,sunday,49,away_from_ubc,departure,12362,60163,UBC Exchange @ Bay 5,2026-10-04T16:16:00-07:00,2026-10-04T16:16:00-07:00,2026-10-04T23:16:00Z,2026-10-04T23:16:00Z,15459640,49 49TH Avenue/To Metrotown Station,0,0,https://gtfs-static.translink.ca/gtfs/google_transit.zip
26SEP_20260925,20260907,20270103,2026-10-04,sunday,49,away_from_ubc,departure,12362,60163,UBC Exchange @ Bay 5,2026-10-04T16:28:00-07:00,2026-10-04T16:28:00-07:00,2026-10-04T23:28:00Z,2026-10-04T23:28:00Z,15459641,49 49TH Avenue/To Metrotown Station,0,0,https://gtfs-static.translink.ca/gtfs/google_transit.zip
26SEP_20260925,20260907,20270103,2026-10-04,sunday,49,away_from_ubc,departure,12362,60163,UBC Exchange @ Bay 5,2026-10-04T16:40:00-07:00,2026-10-04T16:40:00-07:00,2026-10-04T23:40:00Z,2026-10-04T23:40:00Z,15459642,49 49TH Avenue/To Metrotown Station,0,0,https://gtfs-static.translink.ca/gtfs/google_transit.zip
26SEP_20260925,20260907,20270103,2026-10-04,sunday,49,away_from_ubc,departure,12362,60163,UBC Exchange @ Bay 5,2026-10-04T16:52:00-07:00,2026-10-04T16:52:00-07:00,2026-10-04T23:52:00Z,2026-10-04T23:52:00Z,15459643,49 49TH Avenue/To Metrotown Station,0,0,https://gtfs-static.translink.ca/gtfs/google_transit.zip
26SEP_20260925,20260907,20270103,2026-10-04,sunday,49,away_from_ubc,departure,12362,60163,UBC Exchange @ Bay 5,2026-10-04T17:04:00-07:00,2026-10-04T17:04:00-07:00,2026-10-05T00:04:00Z,2026-10-05T00:04:00Z,15459644,49 49TH Avenue/To Metrotown Station,0,0,https://gtfs-static.translink.ca/gtfs/google_transit.zip
26SEP_20260925,20260907,20270103,2026-10-04,sunday,49,away_from_ubc,departure,12362,60163,UBC Exchange @ Bay 5,2026-10-04T17:16:00-07:00,2026-10-04T17:16:00-07:00,2026-10-05T00:16:00Z,2026-10-05T00:16:00Z,15459658,49 49TH Avenue/To Metrotown Station,0,0,https://gtfs-static.translink.ca/gtfs/google_transit.zip
26SEP_20260925,20260907,20270103,2026-10-04,sunday,49,away_from_ubc,departure,12362,60163,UBC Exchange @ Bay 5,2026-10-04T17:28:00-07:00,2026-10-04T17:28:00-07:00,2026-10-05T00:28:00Z,2026-10-05T00:28:00Z,15459645,49 49TH Avenue/To Metrotown Station,0,0,https://gtfs-static.translink.ca/gtfs/google_transit.zip
26SEP_20260925,20260907,20270103,2026-10-04,sunday,49,away_from_ubc,departure,12362,60163,UBC Exchange @ Bay 5,2026-10-04T17:40:00-07:00,2026-10-04T17:40:00-07:00,2026-10-05T00:40:00Z,2026-10-05T00:40:00Z,15459646,49 49TH Avenue/To Metrotown Station,0,0,https://gtfs-static.translink.ca/gtfs/google_transit.zip
26SEP_20260925,20260907,20270103,2026-10-04,sunday,49,away_from_ubc,departure,12362,60163,UBC Exchange @ Bay 5,2026-10-04T17:52:00-07:00,2026-10-04T17:52:00-07:00,2026-10-05T00:52:00Z,2026-10-05T00:52:00Z,15459647,49 49TH Avenue/To Metrotown Station,0,0,https://gtfs-static.translink.ca/gtfs/google_transit.zip
26SEP_20260925,20260907,20270103,2026-10-04,sunday,49,away_from_ubc,departure,12362,60163,UBC Exchange @ Bay 5,2026-10-04T18:04:00-07:00,2026-10-04T18:04:00-07:00,2026-10-05T01:04:00Z,2026-10-05T01:04:00Z,15459659,49 49TH Avenue/To Metrotown Station,0,0,https://gtfs-static.translink.ca/gtfs/google_transit.zip
26SEP_20260925,20260907,20270103,2026-10-04,sunday,49,away_from_ubc,departure,12362,60163,UBC Exchange @ Bay 5,2026-10-04T18:16:00-07:00,2026-10-04T18:16:00-07:00,2026-10-05T01:16:00Z,2026-10-05T01:16:00Z,15459648,49 49TH Avenue/To Metrotown Station,0,0,https://gtfs-static.translink.ca/gtfs/google_transit.zip
26SEP_20260925,20260907,20270103,2026-10-04,sunday,49,away_from_ubc,departure,12362,60163,UBC Exchange @ Bay 5,2026-10-04T18:28:00-07:00,2026-10-04T18:28:00-07:00,2026-10-05T01:28:00Z,2026-10-05T01:28:00Z,15459649,49 49TH Avenue/To Metrotown Station,0,0,https://gtfs-static.translink.ca/gtfs/google_transit.zip
26SEP_20260925,20260907,20270103,2026-10-04,sunday,49,away_from_ubc,departure,12362,60163,UBC Exchange @ Bay 5,2026-10-04T18:42:00-07:00,2026-10-04T18:42:00-07:00,2026-10-05T01:42:00Z,2026-10-05T01:42:00Z,15459650,49 49TH Avenue/To Metrotown Station,0,0,https://gtfs-static.translink.ca/gtfs/google_transit.zip
26SEP_20260925,20260907,20270103,2026-10-04,sunday,49,away_from_ubc,departure,12362,60163,UBC Exchange @ Bay 5,2026-10-04T18:54:00-07:00,2026-10-04T18:54:00-07:00,2026-10-05T01:54:00Z,2026-10-05T01:54:00Z,15459651,49 49TH Avenue/To Metrotown Station,0,0,https://gtfs-static.translink.ca/gtfs/google_transit.zip
26SEP_20260925,20260907,20270103,2026-10-04,sunday,49,away_from_ubc,departure,12362,60163,UBC Exchange @ Bay 5,2026-10-04T19:05:00-07:00,2026-10-04T19:05:00-07:00,2026-10-05T02:05:00Z,2026-10-05T02:05:00Z,15459652,49 49TH Avenue/To Metrotown Station,0,0,https://gtfs-static.translink.ca/gtfs/google_transit.zip
26SEP_20260925,20260907,20270103,2026-10-04,sunday,49,away_from_ubc,departure,12362,60163,UBC Exchange @ Bay 5,2026-10-04T19:17:00-07:00,2026-10-04T19:17:00-07:00,2026-10-05T02:17:00Z,2026-10-05T02:17:00Z,15459660,49 49TH Avenue/To Metrotown Station,0,0,https://gtfs-static.translink.ca/gtfs/google_transit.zip
26SEP_20260925,20260907,20270103,2026-10-04,sunday,49,away_from_ubc,departure,12362,60163,UBC Exchange @ Bay 5,2026-10-04T19:29:00-07:00,2026-10-04T19:29:00-07:00,2026-10-05T02:29:00Z,2026-10-05T02:29:00Z,15459653,49 49TH Avenue/To Metrotown Station,0,0,https://gtfs-static.translink.ca/gtfs/google_transit.zip
26SEP_20260925,20260907,20270103,2026-10-04,sunday,49,away_from_ubc,departure,12362,60163,UBC Exchange @ Bay 5,2026-10-04T19:41:00-07:00,2026-10-04T19:41:00-07:00,2026-10-05T02:41:00Z,2026-10-05T02:41:00Z,15459654,49 49TH Avenue/To Metrotown Station,0,0,https://gtfs-static.translink.ca/gtfs/google_transit.zip
26SEP_20260925,20260907,20270103,2026-10-04,sunday,49,away_from_ubc,departure,12362,60163,UBC Exchange @ Bay 5,2026-10-04T19:54:00-07:00,2026-10-04T19:54:00-07:00,2026-10-05T02:54:00Z,2026-10-05T02:54:00Z,15459595,49 49TH Avenue/To Metrotown Station,0,0,https://gtfs-static.translink.ca/gtfs/google_transit.zip
26SEP_20260925,20260907,20270103,2026-10-04,sunday,49,away_from_ubc,departure,12362,60163,UBC Exchange @ Bay 5,2026-10-04T20:11:00-07:00,2026-10-04T20:11:00-07:00,2026-10-05T03:11:00Z,2026-10-05T03:11:00Z,15459587,49 49TH Avenue/To Metrotown Station,0,0,https://gtfs-static.translink.ca/gtfs/google_transit.zip
26SEP_20260925,20260907,20270103,2026-10-04,sunday,49,away_from_ubc,departure,12362,60163,UBC Exchange @ Bay 5,2026-10-04T20:28:00-07:00,2026-10-04T20:28:00-07:00,2026-10-05T03:28:00Z,2026-10-05T03:28:00Z,15459596,49 49TH Avenue/To Metrotown Station,0,0,https://gtfs-static.translink.ca/gtfs/google_transit.zip
26SEP_20260925,20260907,20270103,2026-10-04,sunday,49,away_from_ubc,departure,12362,60163,UBC Exchange @ Bay 5,2026-10-04T20:53:00-07:00,2026-10-04T20:53:00-07:00,2026-10-05T03:53:00Z,2026-10-05T03:53:00Z,15459597,49 49TH Avenue/To Metrotown Station,0,0,https://gtfs-static.translink.ca/gtfs/google_transit.zip
26SEP_20260925,20260907,20270103,2026-10-04,sunday,49,away_from_ubc,departure,12362,60163,UBC Exchange @ Bay 5,2026-10-04T21:16:00-07:00,2026-10-04T21:16:00-07:00,2026-10-05T04:16:00Z,2026-10-05T04:16:00Z,15459655,49 49TH Avenue/To Metrotown Station,0,0,https://gtfs-static.translink.ca/gtfs/google_transit.zip
26SEP_20260925,20260907,20270103,2026-10-04,sunday,49,away_from_ubc,departure,12362,60163,UBC Exchange @ Bay 5,2026-10-04T21:36:00-07:00,2026-10-04T21:36:00-07:00,2026-10-05T04:36:00Z,2026-10-05T04:36:00Z,15459598,49 49TH Avenue/To Metrotown Station,0,0,https://gtfs-static.translink.ca/gtfs/google_transit.zip
26SEP_20260925,20260907,20270103,2026-10-04,sunday,49,away_from_ubc,departure,12362,60163,UBC Exchange @ Bay 5,2026-10-04T22:06:00-07:00,2026-10-04T22:06:00-07:00,2026-10-05T05:06:00Z,2026-10-05T05:06:00Z,15459602,49 49TH Avenue/To Metrotown Station,0,0,https://gtfs-static.translink.ca/gtfs/google_transit.zip
26SEP_20260925,20260907,20270103,2026-10-04,sunday,49,away_from_ubc,departure,12362,60163,UBC Exchange @ Bay 5,2026-10-04T22:36:00-07:00,2026-10-04T22:36:00-07:00,2026-10-05T05:36:00Z,2026-10-05T05:36:00Z,15459599,49 49TH Avenue/To Metrotown Station,0,0,https://gtfs-static.translink.ca/gtfs/google_transit.zip
26SEP_20260925,20260907,20270103,2026-10-04,sunday,49,away_from_ubc,departure,12362,60163,UBC Exchange @ Bay 5,2026-10-04T23:06:00-07:00,2026-10-04T23:06:00-07:00,2026-10-05T06:06:00Z,2026-10-05T06:06:00Z,15459600,49 49TH Avenue/To Metrotown Station,0,0,https://gtfs-static.translink.ca/gtfs/google_transit.zip
26SEP_20260925,20260907,20270103,2026-10-04,sunday,49,away_from_ubc,departure,12362,60163,UBC Exchange @ Bay 5,2026-10-04T23:38:00-07:00,2026-10-04T23:38:00-07:00,2026-10-05T06:38:00Z,2026-10-05T06:38:00Z,15459601,49 49TH Avenue/To Metrotown Station,0,0,https://gtfs-static.translink.ca/gtfs/google_transit.zip
26SEP_20260925,20260907,20270103,2026-10-04,sunday,49,away_from_ubc,departure,12362,60163,UBC Exchange @ Bay 5,2026-10-05T00:13:00-07:00,2026-10-05T00:13:00-07:00,2026-10-05T07:13:00Z,2026-10-05T07:13:00Z,15459607,49 49TH Avenue/To Metrotown Station,0,0,https://gtfs-static.translink.ca/gtfs/google_transit.zip
26SEP_20260925,20260907,20270103,2026-10-04,sunday,49,toward_ubc,arrival,12600,60358,UBC Exchange @ Unloading Only,2026-10-04T07:08:00-07:00,2026-10-04T07:08:00-07:00,2026-10-04T14:08:00Z,2026-10-04T14:08:00Z,15459683,49 49TH Avenue/To UBC Exchange,1,0,https://gtfs-static.translink.ca/gtfs/google_transit.zip
26SEP_20260925,20260907,20270103,2026-10-04,sunday,49,toward_ubc,arrival,12600,60358,UBC Exchange @ Unloading Only,2026-10-04T07:23:00-07:00,2026-10-04T07:23:00-07:00,2026-10-04T14:23:00Z,2026-10-04T14:23:00Z,15459674,49 49TH Avenue/To UBC Exchange,1,0,https://gtfs-static.translink.ca/gtfs/google_transit.zip
26SEP_20260925,20260907,20270103,2026-10-04,sunday,49,toward_ubc,arrival,12600,60358,UBC Exchange @ Unloading Only,2026-10-04T07:38:00-07:00,2026-10-04T07:38:00-07:00,2026-10-04T14:38:00Z,2026-10-04T14:38:00Z,15459684,49 49TH Avenue/To UBC Exchange,1,0,https://gtfs-static.translink.ca/gtfs/google_transit.zip
26SEP_20260925,20260907,20270103,2026-10-04,sunday,49,toward_ubc,arrival,12600,60358,UBC Exchange @ Unloading Only,2026-10-04T07:53:00-07:00,2026-10-04T07:53:00-07:00,2026-10-04T14:53:00Z,2026-10-04T14:53:00Z,15459675,49 49TH Avenue/To UBC Exchange,1,0,https://gtfs-static.translink.ca/gtfs/google_transit.zip
26SEP_20260925,20260907,20270103,2026-10-04,sunday,49,toward_ubc,arrival,12600,60358,UBC Exchange @ Unloading Only,2026-10-04T08:08:00-07:00,2026-10-04T08:08:00-07:00,2026-10-04T15:08:00Z,2026-10-04T15:08:00Z,15459687,49 49TH Avenue/To UBC Exchange,1,0,https://gtfs-static.translink.ca/gtfs/google_transit.zip
26SEP_20260925,20260907,20270103,2026-10-04,sunday,49,toward_ubc,arrival,12600,60358,UBC Exchange @ Unloading Only,2026-10-04T08:23:00-07:00,2026-10-04T08:23:00-07:00,2026-10-04T15:23:00Z,2026-10-04T15:23:00Z,15459676,49 49TH Avenue/To UBC Exchange,1,0,https://gtfs-static.translink.ca/gtfs/google_transit.zip
26SEP_20260925,20260907,20270103,2026-10-04,sunday,49,toward_ubc,arrival,12600,60358,UBC Exchange @ Unloading Only,2026-10-04T08:42:00-07:00,2026-10-04T08:42:00-07:00,2026-10-04T15:42:00Z,2026-10-04T15:42:00Z,15459677,49 49TH Avenue/To UBC Exchange,1,0,https://gtfs-static.translink.ca/gtfs/google_transit.zip
26SEP_20260925,20260907,20270103,2026-10-04,sunday,49,toward_ubc,arrival,12600,60358,UBC Exchange @ Unloading Only,2026-10-04T08:57:00-07:00,2026-10-04T08:57:00-07:00,2026-10-04T15:57:00Z,2026-10-04T15:57:00Z,15459678,49 49TH Avenue/To UBC Exchange,1,0,https://gtfs-static.translink.ca/gtfs/google_transit.zip
26SEP_20260925,20260907,20270103,2026-10-04,sunday,49,toward_ubc,arrival,12600,60358,UBC Exchange @ Unloading Only,2026-10-04T09:12:00-07:00,2026-10-04T09:12:00-07:00,2026-10-04T16:12:00Z,2026-10-04T16:12:00Z,15459679,49 49TH Avenue/To UBC Exchange,1,0,https://gtfs-static.translink.ca/gtfs/google_transit.zip
26SEP_20260925,20260907,20270103,2026-10-04,sunday,49,toward_ubc,arrival,12600,60358,UBC Exchange @ Unloading Only,2026-10-04T09:27:00-07:00,2026-10-04T09:27:00-07:00,2026-10-04T16:27:00Z,2026-10-04T16:27:00Z,15459680,49 49TH Avenue/To UBC Exchange,1,0,https://gtfs-static.translink.ca/gtfs/google_transit.zip
26SEP_20260925,20260907,20270103,2026-10-04,sunday,49,toward_ubc,arrival,12600,60358,UBC Exchange @ Unloading Only,2026-10-04T09:43:00-07:00,2026-10-04T09:43:00-07:00,2026-10-04T16:43:00Z,2026-10-04T16:43:00Z,15459681,49 49TH Avenue/To UBC Exchange,1,0,https://gtfs-static.translink.ca/gtfs/google_transit.zip
26SEP_20260925,20260907,20270103,2026-10-04,sunday,49,toward_ubc,arrival,12600,60358,UBC Exchange @ Unloading Only,2026-10-04T09:58:00-07:00,2026-10-04T09:58:00-07:00,2026-10-04T16:58:00Z,2026-10-04T16:58:00Z,15459664,49 49TH Avenue/To UBC Exchange,1,0,https://gtfs-static.translink.ca/gtfs/google_transit.zip
26SEP_20260925,20260907,20270103,2026-10-04,sunday,49,toward_ubc,arrival,12600,60358,UBC Exchange @ Unloading Only,2026-10-04T10:12:00-07:00,2026-10-04T10:12:00-07:00,2026-10-04T17:12:00Z,2026-10-04T17:12:00Z,15459665,49 49TH Avenue/To UBC Exchange,1,0,https://gtfs-static.translink.ca/gtfs/google_transit.zip
26SEP_20260925,20260907,20270103,2026-10-04,sunday,49,toward_ubc,arrival,12600,60358,UBC Exchange @ Unloading Only,2026-10-04T10:28:00-07:00,2026-10-04T10:28:00-07:00,2026-10-04T17:28:00Z,2026-10-04T17:28:00Z,15459666,49 49TH Avenue/To UBC Exchange,1,0,https://gtfs-static.translink.ca/gtfs/google_transit.zip
26SEP_20260925,20260907,20270103,2026-10-04,sunday,49,toward_ubc,arrival,12600,60358,UBC Exchange @ Unloading Only,2026-10-04T10:43:00-07:00,2026-10-04T10:43:00-07:00,2026-10-04T17:43:00Z,2026-10-04T17:43:00Z,15459731,49 49TH Avenue/To UBC Exchange,1,0,https://gtfs-static.translink.ca/gtfs/google_transit.zip
26SEP_20260925,20260907,20270103,2026-10-04,sunday,49,toward_ubc,arrival,12600,60358,UBC Exchange @ Unloading Only,2026-10-04T11:00:00-07:00,2026-10-04T11:00:00-07:00,2026-10-04T18:00:00Z,2026-10-04T18:00:00Z,15459662,49 49TH Avenue/To UBC Exchange,1,0,https://gtfs-static.translink.ca/gtfs/google_transit.zip
26SEP_20260925,20260907,20270103,2026-10-04,sunday,49,toward_ubc,arrival,12600,60358,UBC Exchange @ Unloading Only,2026-10-04T11:15:00-07:00,2026-10-04T11:15:00-07:00,2026-10-04T18:15:00Z,2026-10-04T18:15:00Z,15459688,49 49TH Avenue/To UBC Exchange,1,0,https://gtfs-static.translink.ca/gtfs/google_transit.zip
26SEP_20260925,20260907,20270103,2026-10-04,sunday,49,toward_ubc,arrival,12600,60358,UBC Exchange @ Unloading Only,2026-10-04T11:32:00-07:00,2026-10-04T11:32:00-07:00,2026-10-04T18:32:00Z,2026-10-04T18:32:00Z,15459689,49 49TH Avenue/To UBC Exchange,1,0,https://gtfs-static.translink.ca/gtfs/google_transit.zip
26SEP_20260925,20260907,20270103,2026-10-04,sunday,49,toward_ubc,arrival,12600,60358,UBC Exchange @ Unloading Only,2026-10-04T11:47:00-07:00,2026-10-04T11:47:00-07:00,2026-10-04T18:47:00Z,2026-10-04T18:47:00Z,15459690,49 49TH Avenue/To UBC Exchange,1,0,https://gtfs-static.translink.ca/gtfs/google_transit.zip
26SEP_20260925,20260907,20270103,2026-10-04,sunday,49,toward_ubc,arrival,12600,60358,UBC Exchange @ Unloading Only,2026-10-04T12:02:00-07:00,2026-10-04T12:02:00-07:00,2026-10-04T19:02:00Z,2026-10-04T19:02:00Z,15459692,49 49TH Avenue/To UBC Exchange,1,0,https://gtfs-static.translink.ca/gtfs/google_transit.zip
26SEP_20260925,20260907,20270103,2026-10-04,sunday,49,toward_ubc,arrival,12600,60358,UBC Exchange @ Unloading Only,2026-10-04T12:17:00-07:00,2026-10-04T12:17:00-07:00,2026-10-04T19:17:00Z,2026-10-04T19:17:00Z,15459693,49 49TH Avenue/To UBC Exchange,1,0,https://gtfs-static.translink.ca/gtfs/google_transit.zip
26SEP_20260925,20260907,20270103,2026-10-04,sunday,49,toward_ubc,arrival,12600,60358,UBC Exchange @ Unloading Only,2026-10-04T12:32:00-07:00,2026-10-04T12:32:00-07:00,2026-10-04T19:32:00Z,2026-10-04T19:32:00Z,15459691,49 49TH Avenue/To UBC Exchange,1,0,https://gtfs-static.translink.ca/gtfs/google_transit.zip
26SEP_20260925,20260907,20270103,2026-10-04,sunday,49,toward_ubc,arrival,12600,60358,UBC Exchange @ Unloading Only,2026-10-04T12:47:00-07:00,2026-10-04T12:47:00-07:00,2026-10-04T19:47:00Z,2026-10-04T19:47:00Z,15459694,49 49TH Avenue/To UBC Exchange,1,0,https://gtfs-static.translink.ca/gtfs/google_transit.zip
26SEP_20260925,20260907,20270103,2026-10-04,sunday,49,toward_ubc,arrival,12600,60358,UBC Exchange @ Unloading Only,2026-10-04T13:01:00-07:00,2026-10-04T13:01:00-07:00,2026-10-04T20:01:00Z,2026-10-04T20:01:00Z,15459696,49 49TH Avenue/To UBC Exchange,1,0,https://gtfs-static.translink.ca/gtfs/google_transit.zip
26SEP_20260925,20260907,20270103,2026-10-04,sunday,49,toward_ubc,arrival,12600,60358,UBC Exchange @ Unloading Only,2026-10-04T13:11:00-07:00,2026-10-04T13:11:00-07:00,2026-10-04T20:11:00Z,2026-10-04T20:11:00Z,15459697,49 49TH Avenue/To UBC Exchange,1,0,https://gtfs-static.translink.ca/gtfs/google_transit.zip
26SEP_20260925,20260907,20270103,2026-10-04,sunday,49,toward_ubc,arrival,12600,60358,UBC Exchange @ Unloading Only,2026-10-04T13:21:00-07:00,2026-10-04T13:21:00-07:00,2026-10-04T20:21:00Z,2026-10-04T20:21:00Z,15459695,49 49TH Avenue/To UBC Exchange,1,0,https://gtfs-static.translink.ca/gtfs/google_transit.zip
26SEP_20260925,20260907,20270103,2026-10-04,sunday,49,toward_ubc,arrival,12600,60358,UBC Exchange @ Unloading Only,2026-10-04T13:32:00-07:00,2026-10-04T13:32:00-07:00,2026-10-04T20:32:00Z,2026-10-04T20:32:00Z,15459698,49 49TH Avenue/To UBC Exchange,1,0,https://gtfs-static.translink.ca/gtfs/google_transit.zip
26SEP_20260925,20260907,20270103,2026-10-04,sunday,49,toward_ubc,arrival,12600,60358,UBC Exchange @ Unloading Only,2026-10-04T13:42:00-07:00,2026-10-04T13:42:00-07:00,2026-10-04T20:42:00Z,2026-10-04T20:42:00Z,15459699,49 49TH Avenue/To UBC Exchange,1,0,https://gtfs-static.translink.ca/gtfs/google_transit.zip
26SEP_20260925,20260907,20270103,2026-10-04,sunday,49,toward_ubc,arrival,12600,60358,UBC Exchange @ Unloading Only,2026-10-04T13:52:00-07:00,2026-10-04T13:52:00-07:00,2026-10-04T20:52:00Z,2026-10-04T20:52:00Z,15459739,49 49TH Avenue/To UBC Exchange,1,0,https://gtfs-static.translink.ca/gtfs/google_transit.zip
26SEP_20260925,20260907,20270103,2026-10-04,sunday,49,toward_ubc,arrival,12600,60358,UBC Exchange @ Unloading Only,2026-10-04T14:00:00-07:00,2026-10-04T14:00:00-07:00,2026-10-04T21:00:00Z,2026-10-04T21:00:00Z,15459740,49 49TH Avenue/To UBC Exchange,1,0,https://gtfs-static.translink.ca/gtfs/google_transit.zip
26SEP_20260925,20260907,20270103,2026-10-04,sunday,49,toward_ubc,arrival,12600,60358,UBC Exchange @ Unloading Only,2026-10-04T14:10:00-07:00,2026-10-04T14:10:00-07:00,2026-10-04T21:10:00Z,2026-10-04T21:10:00Z,15459700,49 49TH Avenue/To UBC Exchange,1,0,https://gtfs-static.translink.ca/gtfs/google_transit.zip
26SEP_20260925,20260907,20270103,2026-10-04,sunday,49,toward_ubc,arrival,12600,60358,UBC Exchange @ Unloading Only,2026-10-04T14:20:00-07:00,2026-10-04T14:20:00-07:00,2026-10-04T21:20:00Z,2026-10-04T21:20:00Z,15459732,49 49TH Avenue/To UBC Exchange,1,0,https://gtfs-static.translink.ca/gtfs/google_transit.zip
26SEP_20260925,20260907,20270103,2026-10-04,sunday,49,toward_ubc,arrival,12600,60358,UBC Exchange @ Unloading Only,2026-10-04T14:29:00-07:00,2026-10-04T14:29:00-07:00,2026-10-04T21:29:00Z,2026-10-04T21:29:00Z,15459701,49 49TH Avenue/To UBC Exchange,1,0,https://gtfs-static.translink.ca/gtfs/google_transit.zip
26SEP_20260925,20260907,20270103,2026-10-04,sunday,49,toward_ubc,arrival,12600,60358,UBC Exchange @ Unloading Only,2026-10-04T14:39:00-07:00,2026-10-04T14:39:00-07:00,2026-10-04T21:39:00Z,2026-10-04T21:39:00Z,15459702,49 49TH Avenue/To UBC Exchange,1,0,https://gtfs-static.translink.ca/gtfs/google_transit.zip
26SEP_20260925,20260907,20270103,2026-10-04,sunday,49,toward_ubc,arrival,12600,60358,UBC Exchange @ Unloading Only,2026-10-04T14:49:00-07:00,2026-10-04T14:49:00-07:00,2026-10-04T21:49:00Z,2026-10-04T21:49:00Z,15459703,49 49TH Avenue/To UBC Exchange,1,0,https://gtfs-static.translink.ca/gtfs/google_transit.zip
26SEP_20260925,20260907,20270103,2026-10-04,sunday,49,toward_ubc,arrival,12600,60358,UBC Exchange @ Unloading Only,2026-10-04T14:59:00-07:00,2026-10-04T14:59:00-07:00,2026-10-04T21:59:00Z,2026-10-04T21:59:00Z,15459733,49 49TH Avenue/To UBC Exchange,1,0,https://gtfs-static.translink.ca/gtfs/google_transit.zip
26SEP_20260925,20260907,20270103,2026-10-04,sunday,49,toward_ubc,arrival,12600,60358,UBC Exchange @ Unloading Only,2026-10-04T15:09:00-07:00,2026-10-04T15:09:00-07:00,2026-10-04T22:09:00Z,2026-10-04T22:09:00Z,15459704,49 49TH Avenue/To UBC Exchange,1,0,https://gtfs-static.translink.ca/gtfs/google_transit.zip
26SEP_20260925,20260907,20270103,2026-10-04,sunday,49,toward_ubc,arrival,12600,60358,UBC Exchange @ Unloading Only,2026-10-04T15:19:00-07:00,2026-10-04T15:19:00-07:00,2026-10-04T22:19:00Z,2026-10-04T22:19:00Z,15459705,49 49TH Avenue/To UBC Exchange,1,0,https://gtfs-static.translink.ca/gtfs/google_transit.zip
26SEP_20260925,20260907,20270103,2026-10-04,sunday,49,toward_ubc,arrival,12600,60358,UBC Exchange @ Unloading Only,2026-10-04T15:29:00-07:00,2026-10-04T15:29:00-07:00,2026-10-04T22:29:00Z,2026-10-04T22:29:00Z,15459706,49 49TH Avenue/To UBC Exchange,1,0,https://gtfs-static.translink.ca/gtfs/google_transit.zip
26SEP_20260925,20260907,20270103,2026-10-04,sunday,49,toward_ubc,arrival,12600,60358,UBC Exchange @ Unloading Only,2026-10-04T15:39:00-07:00,2026-10-04T15:39:00-07:00,2026-10-04T22:39:00Z,2026-10-04T22:39:00Z,15459707,49 49TH Avenue/To UBC Exchange,1,0,https://gtfs-static.translink.ca/gtfs/google_transit.zip
26SEP_20260925,20260907,20270103,2026-10-04,sunday,49,toward_ubc,arrival,12600,60358,UBC Exchange @ Unloading Only,2026-10-04T15:49:00-07:00,2026-10-04T15:49:00-07:00,2026-10-04T22:49:00Z,2026-10-04T22:49:00Z,15459708,49 49TH Avenue/To UBC Exchange,1,0,https://gtfs-static.translink.ca/gtfs/google_transit.zip
26SEP_20260925,20260907,20270103,2026-10-04,sunday,49,toward_ubc,arrival,12600,60358,UBC Exchange @ Unloading Only,2026-10-04T15:58:00-07:00,2026-10-04T15:58:00-07:00,2026-10-04T22:58:00Z,2026-10-04T22:58:00Z,15459709,49 49TH Avenue/To UBC Exchange,1,0,https://gtfs-static.translink.ca/gtfs/google_transit.zip
26SEP_20260925,20260907,20270103,2026-10-04,sunday,49,toward_ubc,arrival,12600,60358,UBC Exchange @ Unloading Only,2026-10-04T16:08:00-07:00,2026-10-04T16:08:00-07:00,2026-10-04T23:08:00Z,2026-10-04T23:08:00Z,15459734,49 49TH Avenue/To UBC Exchange,1,0,https://gtfs-static.translink.ca/gtfs/google_transit.zip
26SEP_20260925,20260907,20270103,2026-10-04,sunday,49,toward_ubc,arrival,12600,60358,UBC Exchange @ Unloading Only,2026-10-04T16:18:00-07:00,2026-10-04T16:18:00-07:00,2026-10-04T23:18:00Z,2026-10-04T23:18:00Z,15459710,49 49TH Avenue/To UBC Exchange,1,0,https://gtfs-static.translink.ca/gtfs/google_transit.zip
26SEP_20260925,20260907,20270103,2026-10-04,sunday,49,toward_ubc,arrival,12600,60358,UBC Exchange @ Unloading Only,2026-10-04T16:28:00-07:00,2026-10-04T16:28:00-07:00,2026-10-04T23:28:00Z,2026-10-04T23:28:00Z,15459711,49 49TH Avenue/To UBC Exchange,1,0,https://gtfs-static.translink.ca/gtfs/google_transit.zip
26SEP_20260925,20260907,20270103,2026-10-04,sunday,49,toward_ubc,arrival,12600,60358,UBC Exchange @ Unloading Only,2026-10-04T16:38:00-07:00,2026-10-04T16:38:00-07:00,2026-10-04T23:38:00Z,2026-10-04T23:38:00Z,15459712,49 49TH Avenue/To UBC Exchange,1,0,https://gtfs-static.translink.ca/gtfs/google_transit.zip
26SEP_20260925,20260907,20270103,2026-10-04,sunday,49,toward_ubc,arrival,12600,60358,UBC Exchange @ Unloading Only,2026-10-04T16:48:00-07:00,2026-10-04T16:48:00-07:00,2026-10-04T23:48:00Z,2026-10-04T23:48:00Z,15459713,49 49TH Avenue/To UBC Exchange,1,0,https://gtfs-static.translink.ca/gtfs/google_transit.zip
26SEP_20260925,20260907,20270103,2026-10-04,sunday,49,toward_ubc,arrival,12600,60358,UBC Exchange @ Unloading Only,2026-10-04T16:59:00-07:00,2026-10-04T16:59:00-07:00,2026-10-04T23:59:00Z,2026-10-04T23:59:00Z,15459735,49 49TH Avenue/To UBC Exchange,1,0,https://gtfs-static.translink.ca/gtfs/google_transit.zip
26SEP_20260925,20260907,20270103,2026-10-04,sunday,49,toward_ubc,arrival,12600,60358,UBC Exchange @ Unloading Only,2026-10-04T17:11:00-07:00,2026-10-04T17:11:00-07:00,2026-10-05T00:11:00Z,2026-10-05T00:11:00Z,15459714,49 49TH Avenue/To UBC Exchange,1,0,https://gtfs-static.translink.ca/gtfs/google_transit.zip
26SEP_20260925,20260907,20270103,2026-10-04,sunday,49,toward_ubc,arrival,12600,60358,UBC Exchange @ Unloading Only,2026-10-04T17:23:00-07:00,2026-10-04T17:23:00-07:00,2026-10-05T00:23:00Z,2026-10-05T00:23:00Z,15459715,49 49TH Avenue/To UBC Exchange,1,0,https://gtfs-static.translink.ca/gtfs/google_transit.zip
26SEP_20260925,20260907,20270103,2026-10-04,sunday,49,toward_ubc,arrival,12600,60358,UBC Exchange @ Unloading Only,2026-10-04T17:37:00-07:00,2026-10-04T17:37:00-07:00,2026-10-05T00:37:00Z,2026-10-05T00:37:00Z,15459716,49 49TH Avenue/To UBC Exchange,1,0,https://gtfs-static.translink.ca/gtfs/google_transit.zip
26SEP_20260925,20260907,20270103,2026-10-04,sunday,49,toward_ubc,arrival,12600,60358,UBC Exchange @ Unloading Only,2026-10-04T17:49:00-07:00,2026-10-04T17:49:00-07:00,2026-10-05T00:49:00Z,2026-10-05T00:49:00Z,15459717,49 49TH Avenue/To UBC Exchange,1,0,https://gtfs-static.translink.ca/gtfs/google_transit.zip
26SEP_20260925,20260907,20270103,2026-10-04,sunday,49,toward_ubc,arrival,12600,60358,UBC Exchange @ Unloading Only,2026-10-04T18:01:00-07:00,2026-10-04T18:01:00-07:00,2026-10-05T01:01:00Z,2026-10-05T01:01:00Z,15459718,49 49TH Avenue/To UBC Exchange,1,0,https://gtfs-static.translink.ca/gtfs/google_transit.zip
26SEP_20260925,20260907,20270103,2026-10-04,sunday,49,toward_ubc,arrival,12600,60358,UBC Exchange @ Unloading Only,2026-10-04T18:13:00-07:00,2026-10-04T18:13:00-07:00,2026-10-05T01:13:00Z,2026-10-05T01:13:00Z,15459719,49 49TH Avenue/To UBC Exchange,1,0,https://gtfs-static.translink.ca/gtfs/google_transit.zip
26SEP_20260925,20260907,20270103,2026-10-04,sunday,49,toward_ubc,arrival,12600,60358,UBC Exchange @ Unloading Only,2026-10-04T18:25:00-07:00,2026-10-04T18:25:00-07:00,2026-10-05T01:25:00Z,2026-10-05T01:25:00Z,15459720,49 49TH Avenue/To UBC Exchange,1,0,https://gtfs-static.translink.ca/gtfs/google_transit.zip
26SEP_20260925,20260907,20270103,2026-10-04,sunday,49,toward_ubc,arrival,12600,60358,UBC Exchange @ Unloading Only,2026-10-04T18:37:00-07:00,2026-10-04T18:37:00-07:00,2026-10-05T01:37:00Z,2026-10-05T01:37:00Z,15459736,49 49TH Avenue/To UBC Exchange,1,0,https://gtfs-static.translink.ca/gtfs/google_transit.zip
26SEP_20260925,20260907,20270103,2026-10-04,sunday,49,toward_ubc,arrival,12600,60358,UBC Exchange @ Unloading Only,2026-10-04T18:49:00-07:00,2026-10-04T18:49:00-07:00,2026-10-05T01:49:00Z,2026-10-05T01:49:00Z,15459721,49 49TH Avenue/To UBC Exchange,1,0,https://gtfs-static.translink.ca/gtfs/google_transit.zip
26SEP_20260925,20260907,20270103,2026-10-04,sunday,49,toward_ubc,arrival,12600,60358,UBC Exchange @ Unloading Only,2026-10-04T18:58:00-07:00,2026-10-04T18:58:00-07:00,2026-10-05T01:58:00Z,2026-10-05T01:58:00Z,15459722,49 49TH Avenue/To UBC Exchange,1,0,https://gtfs-static.translink.ca/gtfs/google_transit.zip
26SEP_20260925,20260907,20270103,2026-10-04,sunday,49,toward_ubc,arrival,12600,60358,UBC Exchange @ Unloading Only,2026-10-04T19:10:00-07:00,2026-10-04T19:10:00-07:00,2026-10-05T02:10:00Z,2026-10-05T02:10:00Z,15459723,49 49TH Avenue/To UBC Exchange,1,0,https://gtfs-static.translink.ca/gtfs/google_transit.zip
26SEP_20260925,20260907,20270103,2026-10-04,sunday,49,toward_ubc,arrival,12600,60358,UBC Exchange @ Unloading Only,2026-10-04T19:22:00-07:00,2026-10-04T19:22:00-07:00,2026-10-05T02:22:00Z,2026-10-05T02:22:00Z,15459724,49 49TH Avenue/To UBC Exchange,1,0,https://gtfs-static.translink.ca/gtfs/google_transit.zip
26SEP_20260925,20260907,20270103,2026-10-04,sunday,49,toward_ubc,arrival,12600,60358,UBC Exchange @ Unloading Only,2026-10-04T19:34:00-07:00,2026-10-04T19:34:00-07:00,2026-10-05T02:34:00Z,2026-10-05T02:34:00Z,15459737,49 49TH Avenue/To UBC Exchange,1,0,https://gtfs-static.translink.ca/gtfs/google_transit.zip
26SEP_20260925,20260907,20270103,2026-10-04,sunday,49,toward_ubc,arrival,12600,60358,UBC Exchange @ Unloading Only,2026-10-04T19:46:00-07:00,2026-10-04T19:46:00-07:00,2026-10-05T02:46:00Z,2026-10-05T02:46:00Z,15459725,49 49TH Avenue/To UBC Exchange,1,0,https://gtfs-static.translink.ca/gtfs/google_transit.zip
26SEP_20260925,20260907,20270103,2026-10-04,sunday,49,toward_ubc,arrival,12600,60358,UBC Exchange @ Unloading Only,2026-10-04T19:58:00-07:00,2026-10-04T19:58:00-07:00,2026-10-05T02:58:00Z,2026-10-05T02:58:00Z,15459726,49 49TH Avenue/To UBC Exchange,1,0,https://gtfs-static.translink.ca/gtfs/google_transit.zip
26SEP_20260925,20260907,20270103,2026-10-04,sunday,49,toward_ubc,arrival,12600,60358,UBC Exchange @ Unloading Only,2026-10-04T20:10:00-07:00,2026-10-04T20:10:00-07:00,2026-10-05T03:10:00Z,2026-10-05T03:10:00Z,15459727,49 49TH Avenue/To UBC Exchange,1,0,https://gtfs-static.translink.ca/gtfs/google_transit.zip
26SEP_20260925,20260907,20270103,2026-10-04,sunday,49,toward_ubc,arrival,12600,60358,UBC Exchange @ Unloading Only,2026-10-04T20:22:00-07:00,2026-10-04T20:22:00-07:00,2026-10-05T03:22:00Z,2026-10-05T03:22:00Z,15459728,49 49TH Avenue/To UBC Exchange,1,0,https://gtfs-static.translink.ca/gtfs/google_transit.zip
26SEP_20260925,20260907,20270103,2026-10-04,sunday,49,toward_ubc,arrival,12600,60358,UBC Exchange @ Unloading Only,2026-10-04T20:34:00-07:00,2026-10-04T20:34:00-07:00,2026-10-05T03:34:00Z,2026-10-05T03:34:00Z,15459738,49 49TH Avenue/To UBC Exchange,1,0,https://gtfs-static.translink.ca/gtfs/google_transit.zip
26SEP_20260925,20260907,20270103,2026-10-04,sunday,49,toward_ubc,arrival,12600,60358,UBC Exchange @ Unloading Only,2026-10-04T20:47:00-07:00,2026-10-04T20:47:00-07:00,2026-10-05T03:47:00Z,2026-10-05T03:47:00Z,15459729,49 49TH Avenue/To UBC Exchange,1,0,https://gtfs-static.translink.ca/gtfs/google_transit.zip
26SEP_20260925,20260907,20270103,2026-10-04,sunday,49,toward_ubc,arrival,12600,60358,UBC Exchange @ Unloading Only,2026-10-04T21:04:00-07:00,2026-10-04T21:04:00-07:00,2026-10-05T04:04:00Z,2026-10-05T04:04:00Z,15459730,49 49TH Avenue/To UBC Exchange,1,0,https://gtfs-static.translink.ca/gtfs/google_transit.zip
26SEP_20260925,20260907,20270103,2026-10-04,sunday,49,toward_ubc,arrival,12600,60358,UBC Exchange @ Unloading Only,2026-10-04T21:31:00-07:00,2026-10-04T21:31:00-07:00,2026-10-05T04:31:00Z,2026-10-05T04:31:00Z,15459663,49 49TH Avenue/To UBC Exchange,1,0,https://gtfs-static.translink.ca/gtfs/google_transit.zip
26SEP_20260925,20260907,20270103,2026-10-04,sunday,49,toward_ubc,arrival,12600,60358,UBC Exchange @ Unloading Only,2026-10-04T22:01:00-07:00,2026-10-04T22:01:00-07:00,2026-10-05T05:01:00Z,2026-10-05T05:01:00Z,15459667,49 49TH Avenue/To UBC Exchange,1,0,https://gtfs-static.translink.ca/gtfs/google_transit.zip
26SEP_20260925,20260907,20270103,2026-10-04,sunday,49,toward_ubc,arrival,12600,60358,UBC Exchange @ Unloading Only,2026-10-04T22:30:00-07:00,2026-10-04T22:30:00-07:00,2026-10-05T05:30:00Z,2026-10-05T05:30:00Z,15459668,49 49TH Avenue/To UBC Exchange,1,0,https://gtfs-static.translink.ca/gtfs/google_transit.zip
26SEP_20260925,20260907,20270103,2026-10-04,sunday,49,toward_ubc,arrival,12600,60358,UBC Exchange @ Unloading Only,2026-10-04T22:58:00-07:00,2026-10-04T22:58:00-07:00,2026-10-05T05:58:00Z,2026-10-05T05:58:00Z,15459669,49 49TH Avenue/To UBC Exchange,1,0,https://gtfs-static.translink.ca/gtfs/google_transit.zip
26SEP_20260925,20260907,20270103,2026-10-04,sunday,49,toward_ubc,arrival,12600,60358,UBC Exchange @ Unloading Only,2026-10-04T23:31:00-07:00,2026-10-04T23:31:00-07:00,2026-10-05T06:31:00Z,2026-10-05T06:31:00Z,15459670,49 49TH Avenue/To UBC Exchange,1,0,https://gtfs-static.translink.ca/gtfs/google_transit.zip
26SEP_20260925,20260907,20270103,2026-10-04,sunday,49,toward_ubc,arrival,12600,60358,UBC Exchange @ Unloading Only,2026-10-04T23:59:00-07:00,2026-10-04T23:59:00-07:00,2026-10-05T06:59:00Z,2026-10-05T06:59:00Z,15459671,49 49TH Avenue/To UBC Exchange,1,0,https://gtfs-static.translink.ca/gtfs/google_transit.zip
26SEP_20260925,20260907,20270103,2026-10-04,sunday,99,away_from_ubc,departure,12057,61935,UBC Exchange @ Bay 7,2026-10-04T07:30:00-07:00,2026-10-04T07:30:00-07:00,2026-10-04T14:30:00Z,2026-10-04T14:30:00Z,15461671,99 Broadway B-Line/To Commercial-Broadway Station,0,0,https://gtfs-static.translink.ca/gtfs/google_transit.zip
26SEP_20260925,20260907,20270103,2026-10-04,sunday,99,away_from_ubc,departure,12057,61935,UBC Exchange @ Bay 7,2026-10-04T07:57:00-07:00,2026-10-04T07:57:00-07:00,2026-10-04T14:57:00Z,2026-10-04T14:57:00Z,15461672,99 Broadway B-Line/To Commercial-Broadway Station,0,0,https://gtfs-static.translink.ca/gtfs/google_transit.zip
26SEP_20260925,20260907,20270103,2026-10-04,sunday,99,away_from_ubc,departure,12057,61935,UBC Exchange @ Bay 7,2026-10-04T08:11:00-07:00,2026-10-04T08:11:00-07:00,2026-10-04T15:11:00Z,2026-10-04T15:11:00Z,15461673,99 Broadway B-Line/To Commercial-Broadway Station,0,0,https://gtfs-static.translink.ca/gtfs/google_transit.zip
26SEP_20260925,20260907,20270103,2026-10-04,sunday,99,away_from_ubc,departure,12057,61935,UBC Exchange @ Bay 7,2026-10-04T08:26:00-07:00,2026-10-04T08:26:00-07:00,2026-10-04T15:26:00Z,2026-10-04T15:26:00Z,15461674,99 Broadway B-Line/To Commercial-Broadway Station,0,0,https://gtfs-static.translink.ca/gtfs/google_transit.zip
26SEP_20260925,20260907,20270103,2026-10-04,sunday,99,away_from_ubc,departure,12057,61935,UBC Exchange @ Bay 7,2026-10-04T08:38:00-07:00,2026-10-04T08:38:00-07:00,2026-10-04T15:38:00Z,2026-10-04T15:38:00Z,15461675,99 Broadway B-Line/To Commercial-Broadway Station,0,0,https://gtfs-static.translink.ca/gtfs/google_transit.zip
26SEP_20260925,20260907,20270103,2026-10-04,sunday,99,away_from_ubc,departure,12057,61935,UBC Exchange @ Bay 7,2026-10-04T08:53:00-07:00,2026-10-04T08:53:00-07:00,2026-10-04T15:53:00Z,2026-10-04T15:53:00Z,15461676,99 Broadway B-Line/To Commercial-Broadway Station,0,0,https://gtfs-static.translink.ca/gtfs/google_transit.zip
26SEP_20260925,20260907,20270103,2026-10-04,sunday,99,away_from_ubc,departure,12057,61935,UBC Exchange @ Bay 7,2026-10-04T09:11:00-07:00,2026-10-04T09:11:00-07:00,2026-10-04T16:11:00Z,2026-10-04T16:11:00Z,15461677,99 Broadway B-Line/To Commercial-Broadway Station,0,0,https://gtfs-static.translink.ca/gtfs/google_transit.zip
26SEP_20260925,20260907,20270103,2026-10-04,sunday,99,away_from_ubc,departure,12057,61935,UBC Exchange @ Bay 7,2026-10-04T09:27:00-07:00,2026-10-04T09:27:00-07:00,2026-10-04T16:27:00Z,2026-10-04T16:27:00Z,15461678,99 Broadway B-Line/To Commercial-Broadway Station,0,0,https://gtfs-static.translink.ca/gtfs/google_transit.zip
26SEP_20260925,20260907,20270103,2026-10-04,sunday,99,away_from_ubc,departure,12057,61935,UBC Exchange @ Bay 7,2026-10-04T09:39:00-07:00,2026-10-04T09:39:00-07:00,2026-10-04T16:39:00Z,2026-10-04T16:39:00Z,15461679,99 Broadway B-Line/To Commercial-Broadway Station,0,0,https://gtfs-static.translink.ca/gtfs/google_transit.zip
26SEP_20260925,20260907,20270103,2026-10-04,sunday,99,away_from_ubc,departure,12057,61935,UBC Exchange @ Bay 7,2026-10-04T09:49:00-07:00,2026-10-04T09:49:00-07:00,2026-10-04T16:49:00Z,2026-10-04T16:49:00Z,15461680,99 Broadway B-Line/To Commercial-Broadway Station,0,0,https://gtfs-static.translink.ca/gtfs/google_transit.zip
26SEP_20260925,20260907,20270103,2026-10-04,sunday,99,away_from_ubc,departure,12057,61935,UBC Exchange @ Bay 7,2026-10-04T09:59:00-07:00,2026-10-04T09:59:00-07:00,2026-10-04T16:59:00Z,2026-10-04T16:59:00Z,15461681,99 Broadway B-Line/To Commercial-Broadway Station,0,0,https://gtfs-static.translink.ca/gtfs/google_transit.zip
26SEP_20260925,20260907,20270103,2026-10-04,sunday,99,away_from_ubc,departure,12057,61935,UBC Exchange @ Bay 7,2026-10-04T10:08:00-07:00,2026-10-04T10:08:00-07:00,2026-10-04T17:08:00Z,2026-10-04T17:08:00Z,15461682,99 Broadway B-Line/To Commercial-Broadway Station,0,0,https://gtfs-static.translink.ca/gtfs/google_transit.zip
26SEP_20260925,20260907,20270103,2026-10-04,sunday,99,away_from_ubc,departure,12057,61935,UBC Exchange @ Bay 7,2026-10-04T10:18:00-07:00,2026-10-04T10:18:00-07:00,2026-10-04T17:18:00Z,2026-10-04T17:18:00Z,15461683,99 Broadway B-Line/To Commercial-Broadway Station,0,0,https://gtfs-static.translink.ca/gtfs/google_transit.zip
26SEP_20260925,20260907,20270103,2026-10-04,sunday,99,away_from_ubc,departure,12057,61935,UBC Exchange @ Bay 7,2026-10-04T10:28:00-07:00,2026-10-04T10:28:00-07:00,2026-10-04T17:28:00Z,2026-10-04T17:28:00Z,15461684,99 Broadway B-Line/To Commercial-Broadway Station,0,0,https://gtfs-static.translink.ca/gtfs/google_transit.zip
26SEP_20260925,20260907,20270103,2026-10-04,sunday,99,away_from_ubc,departure,12057,61935,UBC Exchange @ Bay 7,2026-10-04T10:37:00-07:00,2026-10-04T10:37:00-07:00,2026-10-04T17:37:00Z,2026-10-04T17:37:00Z,15461685,99 Broadway B-Line/To Commercial-Broadway Station,0,0,https://gtfs-static.translink.ca/gtfs/google_transit.zip
26SEP_20260925,20260907,20270103,2026-10-04,sunday,99,away_from_ubc,departure,12057,61935,UBC Exchange @ Bay 7,2026-10-04T10:46:00-07:00,2026-10-04T10:46:00-07:00,2026-10-04T17:46:00Z,2026-10-04T17:46:00Z,15461686,99 Broadway B-Line/To Commercial-Broadway Station,0,0,https://gtfs-static.translink.ca/gtfs/google_transit.zip
26SEP_20260925,20260907,20270103,2026-10-04,sunday,99,away_from_ubc,departure,12057,61935,UBC Exchange @ Bay 7,2026-10-04T10:54:00-07:00,2026-10-04T10:54:00-07:00,2026-10-04T17:54:00Z,2026-10-04T17:54:00Z,15461687,99 Broadway B-Line/To Commercial-Broadway Station,0,0,https://gtfs-static.translink.ca/gtfs/google_transit.zip
26SEP_20260925,20260907,20270103,2026-10-04,sunday,99,away_from_ubc,departure,12057,61935,UBC Exchange @ Bay 7,2026-10-04T11:04:00-07:00,2026-10-04T11:04:00-07:00,2026-10-04T18:04:00Z,2026-10-04T18:04:00Z,15461688,99 Broadway B-Line/To Commercial-Broadway Station,0,0,https://gtfs-static.translink.ca/gtfs/google_transit.zip
26SEP_20260925,20260907,20270103,2026-10-04,sunday,99,away_from_ubc,departure,12057,61935,UBC Exchange @ Bay 7,2026-10-04T11:13:00-07:00,2026-10-04T11:13:00-07:00,2026-10-04T18:13:00Z,2026-10-04T18:13:00Z,15461689,99 Broadway B-Line/To Commercial-Broadway Station,0,0,https://gtfs-static.translink.ca/gtfs/google_transit.zip
26SEP_20260925,20260907,20270103,2026-10-04,sunday,99,away_from_ubc,departure,12057,61935,UBC Exchange @ Bay 7,2026-10-04T11:22:00-07:00,2026-10-04T11:22:00-07:00,2026-10-04T18:22:00Z,2026-10-04T18:22:00Z,15461690,99 Broadway B-Line/To Commercial-Broadway Station,0,0,https://gtfs-static.translink.ca/gtfs/google_transit.zip
26SEP_20260925,20260907,20270103,2026-10-04,sunday,99,away_from_ubc,departure,12057,61935,UBC Exchange @ Bay 7,2026-10-04T11:31:00-07:00,2026-10-04T11:31:00-07:00,2026-10-04T18:31:00Z,2026-10-04T18:31:00Z,15461691,99 Broadway B-Line/To Commercial-Broadway Station,0,0,https://gtfs-static.translink.ca/gtfs/google_transit.zip
26SEP_20260925,20260907,20270103,2026-10-04,sunday,99,away_from_ubc,departure,12057,61935,UBC Exchange @ Bay 7,2026-10-04T11:40:00-07:00,2026-10-04T11:40:00-07:00,2026-10-04T18:40:00Z,2026-10-04T18:40:00Z,15461692,99 Broadway B-Line/To Commercial-Broadway Station,0,0,https://gtfs-static.translink.ca/gtfs/google_transit.zip
26SEP_20260925,20260907,20270103,2026-10-04,sunday,99,away_from_ubc,departure,12057,61935,UBC Exchange @ Bay 7,2026-10-04T11:49:00-07:00,2026-10-04T11:49:00-07:00,2026-10-04T18:49:00Z,2026-10-04T18:49:00Z,15461693,99 Broadway B-Line/To Commercial-Broadway Station,0,0,https://gtfs-static.translink.ca/gtfs/google_transit.zip
26SEP_20260925,20260907,20270103,2026-10-04,sunday,99,away_from_ubc,departure,12057,61935,UBC Exchange @ Bay 7,2026-10-04T11:57:00-07:00,2026-10-04T11:57:00-07:00,2026-10-04T18:57:00Z,2026-10-04T18:57:00Z,15461694,99 Broadway B-Line/To Commercial-Broadway Station,0,0,https://gtfs-static.translink.ca/gtfs/google_transit.zip
26SEP_20260925,20260907,20270103,2026-10-04,sunday,99,away_from_ubc,departure,12057,61935,UBC Exchange @ Bay 7,2026-10-04T12:02:00-07:00,2026-10-04T12:02:00-07:00,2026-10-04T19:02:00Z,2026-10-04T19:02:00Z,15461695,99 Broadway B-Line/To Commercial-Broadway Station,0,0,https://gtfs-static.translink.ca/gtfs/google_transit.zip
26SEP_20260925,20260907,20270103,2026-10-04,sunday,99,away_from_ubc,departure,12057,61935,UBC Exchange @ Bay 7,2026-10-04T12:13:00-07:00,2026-10-04T12:13:00-07:00,2026-10-04T19:13:00Z,2026-10-04T19:13:00Z,15461696,99 Broadway B-Line/To Commercial-Broadway Station,0,0,https://gtfs-static.translink.ca/gtfs/google_transit.zip
26SEP_20260925,20260907,20270103,2026-10-04,sunday,99,away_from_ubc,departure,12057,61935,UBC Exchange @ Bay 7,2026-10-04T12:22:00-07:00,2026-10-04T12:22:00-07:00,2026-10-04T19:22:00Z,2026-10-04T19:22:00Z,15461697,99 Broadway B-Line/To Commercial-Broadway Station,0,0,https://gtfs-static.translink.ca/gtfs/google_transit.zip
26SEP_20260925,20260907,20270103,2026-10-04,sunday,99,away_from_ubc,departure,12057,61935,UBC Exchange @ Bay 7,2026-10-04T12:30:00-07:00,2026-10-04T12:30:00-07:00,2026-10-04T19:30:00Z,2026-10-04T19:30:00Z,15461698,99 Broadway B-Line/To Commercial-Broadway Station,0,0,https://gtfs-static.translink.ca/gtfs/google_transit.zip
26SEP_20260925,20260907,20270103,2026-10-04,sunday,99,away_from_ubc,departure,12057,61935,UBC Exchange @ Bay 7,2026-10-04T12:37:00-07:00,2026-10-04T12:37:00-07:00,2026-10-04T19:37:00Z,2026-10-04T19:37:00Z,15461699,99 Broadway B-Line/To Commercial-Broadway Station,0,0,https://gtfs-static.translink.ca/gtfs/google_transit.zip
26SEP_20260925,20260907,20270103,2026-10-04,sunday,99,away_from_ubc,departure,12057,61935,UBC Exchange @ Bay 7,2026-10-04T12:46:00-07:00,2026-10-04T12:46:00-07:00,2026-10-04T19:46:00Z,2026-10-04T19:46:00Z,15461700,99 Broadway B-Line/To Commercial-Broadway Station,0,0,https://gtfs-static.translink.ca/gtfs/google_transit.zip
26SEP_20260925,20260907,20270103,2026-10-04,sunday,99,away_from_ubc,departure,12057,61935,UBC Exchange @ Bay 7,2026-10-04T12:55:00-07:00,2026-10-04T12:55:00-07:00,2026-10-04T19:55:00Z,2026-10-04T19:55:00Z,15461701,99 Broadway B-Line/To Commercial-Broadway Station,0,0,https://gtfs-static.translink.ca/gtfs/google_transit.zip
26SEP_20260925,20260907,20270103,2026-10-04,sunday,99,away_from_ubc,departure,12057,61935,UBC Exchange @ Bay 7,2026-10-04T13:04:00-07:00,2026-10-04T13:04:00-07:00,2026-10-04T20:04:00Z,2026-10-04T20:04:00Z,15461702,99 Broadway B-Line/To Commercial-Broadway Station,0,0,https://gtfs-static.translink.ca/gtfs/google_transit.zip
26SEP_20260925,20260907,20270103,2026-10-04,sunday,99,away_from_ubc,departure,12057,61935,UBC Exchange @ Bay 7,2026-10-04T13:13:00-07:00,2026-10-04T13:13:00-07:00,2026-10-04T20:13:00Z,2026-10-04T20:13:00Z,15461703,99 Broadway B-Line/To Commercial-Broadway Station,0,0,https://gtfs-static.translink.ca/gtfs/google_transit.zip
26SEP_20260925,20260907,20270103,2026-10-04,sunday,99,away_from_ubc,departure,12057,61935,UBC Exchange @ Bay 7,2026-10-04T13:22:00-07:00,2026-10-04T13:22:00-07:00,2026-10-04T20:22:00Z,2026-10-04T20:22:00Z,15461704,99 Broadway B-Line/To Commercial-Broadway Station,0,0,https://gtfs-static.translink.ca/gtfs/google_transit.zip
26SEP_20260925,20260907,20270103,2026-10-04,sunday,99,away_from_ubc,departure,12057,61935,UBC Exchange @ Bay 7,2026-10-04T13:31:00-07:00,2026-10-04T13:31:00-07:00,2026-10-04T20:31:00Z,2026-10-04T20:31:00Z,15461705,99 Broadway B-Line/To Commercial-Broadway Station,0,0,https://gtfs-static.translink.ca/gtfs/google_transit.zip
26SEP_20260925,20260907,20270103,2026-10-04,sunday,99,away_from_ubc,departure,12057,61935,UBC Exchange @ Bay 7,2026-10-04T13:39:00-07:00,2026-10-04T13:39:00-07:00,2026-10-04T20:39:00Z,2026-10-04T20:39:00Z,15461706,99 Broadway B-Line/To Commercial-Broadway Station,0,0,https://gtfs-static.translink.ca/gtfs/google_transit.zip
26SEP_20260925,20260907,20270103,2026-10-04,sunday,99,away_from_ubc,departure,12057,61935,UBC Exchange @ Bay 7,2026-10-04T13:44:00-07:00,2026-10-04T13:44:00-07:00,2026-10-04T20:44:00Z,2026-10-04T20:44:00Z,15461707,99 Broadway B-Line/To Commercial-Broadway Station,0,0,https://gtfs-static.translink.ca/gtfs/google_transit.zip
26SEP_20260925,20260907,20270103,2026-10-04,sunday,99,away_from_ubc,departure,12057,61935,UBC Exchange @ Bay 7,2026-10-04T13:56:00-07:00,2026-10-04T13:56:00-07:00,2026-10-04T20:56:00Z,2026-10-04T20:56:00Z,15461708,99 Broadway B-Line/To Commercial-Broadway Station,0,0,https://gtfs-static.translink.ca/gtfs/google_transit.zip
26SEP_20260925,20260907,20270103,2026-10-04,sunday,99,away_from_ubc,departure,12057,61935,UBC Exchange @ Bay 7,2026-10-04T14:06:00-07:00,2026-10-04T14:06:00-07:00,2026-10-04T21:06:00Z,2026-10-04T21:06:00Z,15461709,99 Broadway B-Line/To Commercial-Broadway Station,0,0,https://gtfs-static.translink.ca/gtfs/google_transit.zip
26SEP_20260925,20260907,20270103,2026-10-04,sunday,99,away_from_ubc,departure,12057,61935,UBC Exchange @ Bay 7,2026-10-04T14:14:00-07:00,2026-10-04T14:14:00-07:00,2026-10-04T21:14:00Z,2026-10-04T21:14:00Z,15461710,99 Broadway B-Line/To Commercial-Broadway Station,0,0,https://gtfs-static.translink.ca/gtfs/google_transit.zip
26SEP_20260925,20260907,20270103,2026-10-04,sunday,99,away_from_ubc,departure,12057,61935,UBC Exchange @ Bay 7,2026-10-04T14:22:00-07:00,2026-10-04T14:22:00-07:00,2026-10-04T21:22:00Z,2026-10-04T21:22:00Z,15461711,99 Broadway B-Line/To Commercial-Broadway Station,0,0,https://gtfs-static.translink.ca/gtfs/google_transit.zip
26SEP_20260925,20260907,20270103,2026-10-04,sunday,99,away_from_ubc,departure,12057,61935,UBC Exchange @ Bay 7,2026-10-04T14:31:00-07:00,2026-10-04T14:31:00-07:00,2026-10-04T21:31:00Z,2026-10-04T21:31:00Z,15461712,99 Broadway B-Line/To Commercial-Broadway Station,0,0,https://gtfs-static.translink.ca/gtfs/google_transit.zip
26SEP_20260925,20260907,20270103,2026-10-04,sunday,99,away_from_ubc,departure,12057,61935,UBC Exchange @ Bay 7,2026-10-04T14:40:00-07:00,2026-10-04T14:40:00-07:00,2026-10-04T21:40:00Z,2026-10-04T21:40:00Z,15461713,99 Broadway B-Line/To Commercial-Broadway Station,0,0,https://gtfs-static.translink.ca/gtfs/google_transit.zip
26SEP_20260925,20260907,20270103,2026-10-04,sunday,99,away_from_ubc,departure,12057,61935,UBC Exchange @ Bay 7,2026-10-04T14:49:00-07:00,2026-10-04T14:49:00-07:00,2026-10-04T21:49:00Z,2026-10-04T21:49:00Z,15461714,99 Broadway B-Line/To Commercial-Broadway Station,0,0,https://gtfs-static.translink.ca/gtfs/google_transit.zip
26SEP_20260925,20260907,20270103,2026-10-04,sunday,99,away_from_ubc,departure,12057,61935,UBC Exchange @ Bay 7,2026-10-04T14:57:00-07:00,2026-10-04T14:57:00-07:00,2026-10-04T21:57:00Z,2026-10-04T21:57:00Z,15461715,99 Broadway B-Line/To Commercial-Broadway Station,0,0,https://gtfs-static.translink.ca/gtfs/google_transit.zip
26SEP_20260925,20260907,20270103,2026-10-04,sunday,99,away_from_ubc,departure,12057,61935,UBC Exchange @ Bay 7,2026-10-04T15:06:00-07:00,2026-10-04T15:06:00-07:00,2026-10-04T22:06:00Z,2026-10-04T22:06:00Z,15461716,99 Broadway B-Line/To Commercial-Broadway Station,0,0,https://gtfs-static.translink.ca/gtfs/google_transit.zip
26SEP_20260925,20260907,20270103,2026-10-04,sunday,99,away_from_ubc,departure,12057,61935,UBC Exchange @ Bay 7,2026-10-04T15:14:00-07:00,2026-10-04T15:14:00-07:00,2026-10-04T22:14:00Z,2026-10-04T22:14:00Z,15461717,99 Broadway B-Line/To Commercial-Broadway Station,0,0,https://gtfs-static.translink.ca/gtfs/google_transit.zip
26SEP_20260925,20260907,20270103,2026-10-04,sunday,99,away_from_ubc,departure,12057,61935,UBC Exchange @ Bay 7,2026-10-04T15:22:00-07:00,2026-10-04T15:22:00-07:00,2026-10-04T22:22:00Z,2026-10-04T22:22:00Z,15461718,99 Broadway B-Line/To Commercial-Broadway Station,0,0,https://gtfs-static.translink.ca/gtfs/google_transit.zip
26SEP_20260925,20260907,20270103,2026-10-04,sunday,99,away_from_ubc,departure,12057,61935,UBC Exchange @ Bay 7,2026-10-04T15:27:00-07:00,2026-10-04T15:27:00-07:00,2026-10-04T22:27:00Z,2026-10-04T22:27:00Z,15461719,99 Broadway B-Line/To Commercial-Broadway Station,0,0,https://gtfs-static.translink.ca/gtfs/google_transit.zip
26SEP_20260925,20260907,20270103,2026-10-04,sunday,99,away_from_ubc,departure,12057,61935,UBC Exchange @ Bay 7,2026-10-04T15:40:00-07:00,2026-10-04T15:40:00-07:00,2026-10-04T22:40:00Z,2026-10-04T22:40:00Z,15461720,99 Broadway B-Line/To Commercial-Broadway Station,0,0,https://gtfs-static.translink.ca/gtfs/google_transit.zip
26SEP_20260925,20260907,20270103,2026-10-04,sunday,99,away_from_ubc,departure,12057,61935,UBC Exchange @ Bay 7,2026-10-04T15:49:00-07:00,2026-10-04T15:49:00-07:00,2026-10-04T22:49:00Z,2026-10-04T22:49:00Z,15461721,99 Broadway B-Line/To Commercial-Broadway Station,0,0,https://gtfs-static.translink.ca/gtfs/google_transit.zip
26SEP_20260925,20260907,20270103,2026-10-04,sunday,99,away_from_ubc,departure,12057,61935,UBC Exchange @ Bay 7,2026-10-04T15:57:00-07:00,2026-10-04T15:57:00-07:00,2026-10-04T22:57:00Z,2026-10-04T22:57:00Z,15461722,99 Broadway B-Line/To Commercial-Broadway Station,0,0,https://gtfs-static.translink.ca/gtfs/google_transit.zip
26SEP_20260925,20260907,20270103,2026-10-04,sunday,99,away_from_ubc,departure,12057,61935,UBC Exchange @ Bay 7,2026-10-04T16:05:00-07:00,2026-10-04T16:05:00-07:00,2026-10-04T23:05:00Z,2026-10-04T23:05:00Z,15461723,99 Broadway B-Line/To Commercial-Broadway Station,0,0,https://gtfs-static.translink.ca/gtfs/google_transit.zip
26SEP_20260925,20260907,20270103,2026-10-04,sunday,99,away_from_ubc,departure,12057,61935,UBC Exchange @ Bay 7,2026-10-04T16:14:00-07:00,2026-10-04T16:14:00-07:00,2026-10-04T23:14:00Z,2026-10-04T23:14:00Z,15461724,99 Broadway B-Line/To Commercial-Broadway Station,0,0,https://gtfs-static.translink.ca/gtfs/google_transit.zip
26SEP_20260925,20260907,20270103,2026-10-04,sunday,99,away_from_ubc,departure,12057,61935,UBC Exchange @ Bay 7,2026-10-04T16:23:00-07:00,2026-10-04T16:23:00-07:00,2026-10-04T23:23:00Z,2026-10-04T23:23:00Z,15461725,99 Broadway B-Line/To Commercial-Broadway Station,0,0,https://gtfs-static.translink.ca/gtfs/google_transit.zip
26SEP_20260925,20260907,20270103,2026-10-04,sunday,99,away_from_ubc,departure,12057,61935,UBC Exchange @ Bay 7,2026-10-04T16:32:00-07:00,2026-10-04T16:32:00-07:00,2026-10-04T23:32:00Z,2026-10-04T23:32:00Z,15461726,99 Broadway B-Line/To Commercial-Broadway Station,0,0,https://gtfs-static.translink.ca/gtfs/google_transit.zip
26SEP_20260925,20260907,20270103,2026-10-04,sunday,99,away_from_ubc,departure,12057,61935,UBC Exchange @ Bay 7,2026-10-04T16:40:00-07:00,2026-10-04T16:40:00-07:00,2026-10-04T23:40:00Z,2026-10-04T23:40:00Z,15461727,99 Broadway B-Line/To Commercial-Broadway Station,0,0,https://gtfs-static.translink.ca/gtfs/google_transit.zip
26SEP_20260925,20260907,20270103,2026-10-04,sunday,99,away_from_ubc,departure,12057,61935,UBC Exchange @ Bay 7,2026-10-04T16:49:00-07:00,2026-10-04T16:49:00-07:00,2026-10-04T23:49:00Z,2026-10-04T23:49:00Z,15461728,99 Broadway B-Line/To Commercial-Broadway Station,0,0,https://gtfs-static.translink.ca/gtfs/google_transit.zip
26SEP_20260925,20260907,20270103,2026-10-04,sunday,99,away_from_ubc,departure,12057,61935,UBC Exchange @ Bay 7,2026-10-04T16:57:00-07:00,2026-10-04T16:57:00-07:00,2026-10-04T23:57:00Z,2026-10-04T23:57:00Z,15461729,99 Broadway B-Line/To Commercial-Broadway Station,0,0,https://gtfs-static.translink.ca/gtfs/google_transit.zip
26SEP_20260925,20260907,20270103,2026-10-04,sunday,99,away_from_ubc,departure,12057,61935,UBC Exchange @ Bay 7,2026-10-04T17:05:00-07:00,2026-10-04T17:05:00-07:00,2026-10-05T00:05:00Z,2026-10-05T00:05:00Z,15461730,99 Broadway B-Line/To Commercial-Broadway Station,0,0,https://gtfs-static.translink.ca/gtfs/google_transit.zip
26SEP_20260925,20260907,20270103,2026-10-04,sunday,99,away_from_ubc,departure,12057,61935,UBC Exchange @ Bay 7,2026-10-04T17:10:00-07:00,2026-10-04T17:10:00-07:00,2026-10-05T00:10:00Z,2026-10-05T00:10:00Z,15461731,99 Broadway B-Line/To Commercial-Broadway Station,0,0,https://gtfs-static.translink.ca/gtfs/google_transit.zip
26SEP_20260925,20260907,20270103,2026-10-04,sunday,99,away_from_ubc,departure,12057,61935,UBC Exchange @ Bay 7,2026-10-04T17:22:00-07:00,2026-10-04T17:22:00-07:00,2026-10-05T00:22:00Z,2026-10-05T00:22:00Z,15461732,99 Broadway B-Line/To Commercial-Broadway Station,0,0,https://gtfs-static.translink.ca/gtfs/google_transit.zip
26SEP_20260925,20260907,20270103,2026-10-04,sunday,99,away_from_ubc,departure,12057,61935,UBC Exchange @ Bay 7,2026-10-04T17:32:00-07:00,2026-10-04T17:32:00-07:00,2026-10-05T00:32:00Z,2026-10-05T00:32:00Z,15461733,99 Broadway B-Line/To Commercial-Broadway Station,0,0,https://gtfs-static.translink.ca/gtfs/google_transit.zip
26SEP_20260925,20260907,20270103,2026-10-04,sunday,99,away_from_ubc,departure,12057,61935,UBC Exchange @ Bay 7,2026-10-04T17:40:00-07:00,2026-10-04T17:40:00-07:00,2026-10-05T00:40:00Z,2026-10-05T00:40:00Z,15461734,99 Broadway B-Line/To Commercial-Broadway Station,0,0,https://gtfs-static.translink.ca/gtfs/google_transit.zip
26SEP_20260925,20260907,20270103,2026-10-04,sunday,99,away_from_ubc,departure,12057,61935,UBC Exchange @ Bay 7,2026-10-04T17:48:00-07:00,2026-10-04T17:48:00-07:00,2026-10-05T00:48:00Z,2026-10-05T00:48:00Z,15461735,99 Broadway B-Line/To Boundary Loop,0,0,https://gtfs-static.translink.ca/gtfs/google_transit.zip
26SEP_20260925,20260907,20270103,2026-10-04,sunday,99,away_from_ubc,departure,12057,61935,UBC Exchange @ Bay 7,2026-10-04T17:57:00-07:00,2026-10-04T17:57:00-07:00,2026-10-05T00:57:00Z,2026-10-05T00:57:00Z,15461736,99 Broadway B-Line/To Commercial-Broadway Station,0,0,https://gtfs-static.translink.ca/gtfs/google_transit.zip
26SEP_20260925,20260907,20270103,2026-10-04,sunday,99,away_from_ubc,departure,12057,61935,UBC Exchange @ Bay 7,2026-10-04T18:06:00-07:00,2026-10-04T18:06:00-07:00,2026-10-05T01:06:00Z,2026-10-05T01:06:00Z,15461737,99 Broadway B-Line/To Commercial-Broadway Station,0,0,https://gtfs-static.translink.ca/gtfs/google_transit.zip
26SEP_20260925,20260907,20270103,2026-10-04,sunday,99,away_from_ubc,departure,12057,61935,UBC Exchange @ Bay 7,2026-10-04T18:14:00-07:00,2026-10-04T18:14:00-07:00,2026-10-05T01:14:00Z,2026-10-05T01:14:00Z,15461738,99 Broadway B-Line/To Boundary Loop,0,0,https://gtfs-static.translink.ca/gtfs/google_transit.zip
26SEP_20260925,20260907,20270103,2026-10-04,sunday,99,away_from_ubc,departure,12057,61935,UBC Exchange @ Bay 7,2026-10-04T18:22:00-07:00,2026-10-04T18:22:00-07:00,2026-10-05T01:22:00Z,2026-10-05T01:22:00Z,15461739,99 Broadway B-Line/To Commercial-Broadway Station,0,0,https://gtfs-static.translink.ca/gtfs/google_transit.zip
26SEP_20260925,20260907,20270103,2026-10-04,sunday,99,away_from_ubc,departure,12057,61935,UBC Exchange @ Bay 7,2026-10-04T18:30:00-07:00,2026-10-04T18:30:00-07:00,2026-10-05T01:30:00Z,2026-10-05T01:30:00Z,15461740,99 Broadway B-Line/To Boundary Loop,0,0,https://gtfs-static.translink.ca/gtfs/google_transit.zip
26SEP_20260925,20260907,20270103,2026-10-04,sunday,99,away_from_ubc,departure,12057,61935,UBC Exchange @ Bay 7,2026-10-04T18:38:00-07:00,2026-10-04T18:38:00-07:00,2026-10-05T01:38:00Z,2026-10-05T01:38:00Z,15461741,99 Broadway B-Line/To Commercial-Broadway Station,0,0,https://gtfs-static.translink.ca/gtfs/google_transit.zip
26SEP_20260925,20260907,20270103,2026-10-04,sunday,99,away_from_ubc,departure,12057,61935,UBC Exchange @ Bay 7,2026-10-04T18:47:00-07:00,2026-10-04T18:47:00-07:00,2026-10-05T01:47:00Z,2026-10-05T01:47:00Z,15461742,99 Broadway B-Line/To Boundary Loop,0,0,https://gtfs-static.translink.ca/gtfs/google_transit.zip
26SEP_20260925,20260907,20270103,2026-10-04,sunday,99,away_from_ubc,departure,12057,61935,UBC Exchange @ Bay 7,2026-10-04T18:51:00-07:00,2026-10-04T18:51:00-07:00,2026-10-05T01:51:00Z,2026-10-05T01:51:00Z,15461743,99 Broadway B-Line/To Commercial-Broadway Station,0,0,https://gtfs-static.translink.ca/gtfs/google_transit.zip
26SEP_20260925,20260907,20270103,2026-10-04,sunday,99,away_from_ubc,departure,12057,61935,UBC Exchange @ Bay 7,2026-10-04T19:05:00-07:00,2026-10-04T19:05:00-07:00,2026-10-05T02:05:00Z,2026-10-05T02:05:00Z,15461744,99 Broadway B-Line/To Commercial-Broadway Station,0,0,https://gtfs-static.translink.ca/gtfs/google_transit.zip
26SEP_20260925,20260907,20270103,2026-10-04,sunday,99,away_from_ubc,departure,12057,61935,UBC Exchange @ Bay 7,2026-10-04T19:15:00-07:00,2026-10-04T19:15:00-07:00,2026-10-05T02:15:00Z,2026-10-05T02:15:00Z,15461745,99 Broadway B-Line/To Commercial-Broadway Station,0,0,https://gtfs-static.translink.ca/gtfs/google_transit.zip
26SEP_20260925,20260907,20270103,2026-10-04,sunday,99,away_from_ubc,departure,12057,61935,UBC Exchange @ Bay 7,2026-10-04T19:24:00-07:00,2026-10-04T19:24:00-07:00,2026-10-05T02:24:00Z,2026-10-05T02:24:00Z,15461746,99 Broadway B-Line/To Commercial-Broadway Station,0,0,https://gtfs-static.translink.ca/gtfs/google_transit.zip
26SEP_20260925,20260907,20270103,2026-10-04,sunday,99,away_from_ubc,departure,12057,61935,UBC Exchange @ Bay 7,2026-10-04T19:36:00-07:00,2026-10-04T19:36:00-07:00,2026-10-05T02:36:00Z,2026-10-05T02:36:00Z,15461747,99 Broadway B-Line/To Boundary Loop,0,0,https://gtfs-static.translink.ca/gtfs/google_transit.zip
26SEP_20260925,20260907,20270103,2026-10-04,sunday,99,away_from_ubc,departure,12057,61935,UBC Exchange @ Bay 7,2026-10-04T19:47:00-07:00,2026-10-04T19:47:00-07:00,2026-10-05T02:47:00Z,2026-10-05T02:47:00Z,15461748,99 Broadway B-Line/To Commercial-Broadway Station,0,0,https://gtfs-static.translink.ca/gtfs/google_transit.zip
26SEP_20260925,20260907,20270103,2026-10-04,sunday,99,away_from_ubc,departure,12057,61935,UBC Exchange @ Bay 7,2026-10-04T20:00:00-07:00,2026-10-04T20:00:00-07:00,2026-10-05T03:00:00Z,2026-10-05T03:00:00Z,15461749,99 Broadway B-Line/To Commercial-Broadway Station,0,0,https://gtfs-static.translink.ca/gtfs/google_transit.zip
26SEP_20260925,20260907,20270103,2026-10-04,sunday,99,away_from_ubc,departure,12057,61935,UBC Exchange @ Bay 7,2026-10-04T20:16:00-07:00,2026-10-04T20:16:00-07:00,2026-10-05T03:16:00Z,2026-10-05T03:16:00Z,15461750,99 Broadway B-Line/To Commercial-Broadway Station,0,0,https://gtfs-static.translink.ca/gtfs/google_transit.zip
26SEP_20260925,20260907,20270103,2026-10-04,sunday,99,away_from_ubc,departure,12057,61935,UBC Exchange @ Bay 7,2026-10-04T20:28:00-07:00,2026-10-04T20:28:00-07:00,2026-10-05T03:28:00Z,2026-10-05T03:28:00Z,15461751,99 Broadway B-Line/To Boundary Loop,0,0,https://gtfs-static.translink.ca/gtfs/google_transit.zip
26SEP_20260925,20260907,20270103,2026-10-04,sunday,99,away_from_ubc,departure,12057,61935,UBC Exchange @ Bay 7,2026-10-04T20:42:00-07:00,2026-10-04T20:42:00-07:00,2026-10-05T03:42:00Z,2026-10-05T03:42:00Z,15461771,99 Broadway B-Line/To Commercial-Broadway Station,0,0,https://gtfs-static.translink.ca/gtfs/google_transit.zip
26SEP_20260925,20260907,20270103,2026-10-04,sunday,99,away_from_ubc,departure,12057,61935,UBC Exchange @ Bay 7,2026-10-04T20:56:00-07:00,2026-10-04T20:56:00-07:00,2026-10-05T03:56:00Z,2026-10-05T03:56:00Z,15461753,99 Broadway B-Line/To Commercial-Broadway Station,0,0,https://gtfs-static.translink.ca/gtfs/google_transit.zip
26SEP_20260925,20260907,20270103,2026-10-04,sunday,99,away_from_ubc,departure,12057,61935,UBC Exchange @ Bay 7,2026-10-04T21:10:00-07:00,2026-10-04T21:10:00-07:00,2026-10-05T04:10:00Z,2026-10-05T04:10:00Z,15461754,99 Broadway B-Line/To Commercial-Broadway Station,0,0,https://gtfs-static.translink.ca/gtfs/google_transit.zip
26SEP_20260925,20260907,20270103,2026-10-04,sunday,99,away_from_ubc,departure,12057,61935,UBC Exchange @ Bay 7,2026-10-04T21:27:00-07:00,2026-10-04T21:27:00-07:00,2026-10-05T04:27:00Z,2026-10-05T04:27:00Z,15461755,99 Broadway B-Line/To Commercial-Broadway Station,0,0,https://gtfs-static.translink.ca/gtfs/google_transit.zip
26SEP_20260925,20260907,20270103,2026-10-04,sunday,99,away_from_ubc,departure,12057,61935,UBC Exchange @ Bay 7,2026-10-04T21:41:00-07:00,2026-10-04T21:41:00-07:00,2026-10-05T04:41:00Z,2026-10-05T04:41:00Z,15461756,99 Broadway B-Line/To Commercial-Broadway Station,0,0,https://gtfs-static.translink.ca/gtfs/google_transit.zip
26SEP_20260925,20260907,20270103,2026-10-04,sunday,99,away_from_ubc,departure,12057,61935,UBC Exchange @ Bay 7,2026-10-04T21:57:00-07:00,2026-10-04T21:57:00-07:00,2026-10-05T04:57:00Z,2026-10-05T04:57:00Z,15461757,99 Broadway B-Line/To Commercial-Broadway Station,0,0,https://gtfs-static.translink.ca/gtfs/google_transit.zip
26SEP_20260925,20260907,20270103,2026-10-04,sunday,99,away_from_ubc,departure,12057,61935,UBC Exchange @ Bay 7,2026-10-04T22:13:00-07:00,2026-10-04T22:13:00-07:00,2026-10-05T05:13:00Z,2026-10-05T05:13:00Z,15461758,99 Broadway B-Line/To Commercial-Broadway Station,0,0,https://gtfs-static.translink.ca/gtfs/google_transit.zip
26SEP_20260925,20260907,20270103,2026-10-04,sunday,99,away_from_ubc,departure,12057,61935,UBC Exchange @ Bay 7,2026-10-04T22:27:00-07:00,2026-10-04T22:27:00-07:00,2026-10-05T05:27:00Z,2026-10-05T05:27:00Z,15461759,99 Broadway B-Line/To Commercial-Broadway Station,0,0,https://gtfs-static.translink.ca/gtfs/google_transit.zip
26SEP_20260925,20260907,20270103,2026-10-04,sunday,99,away_from_ubc,departure,12057,61935,UBC Exchange @ Bay 7,2026-10-04T22:42:00-07:00,2026-10-04T22:42:00-07:00,2026-10-05T05:42:00Z,2026-10-05T05:42:00Z,15461760,99 Broadway B-Line/To Commercial-Broadway Station,0,0,https://gtfs-static.translink.ca/gtfs/google_transit.zip
26SEP_20260925,20260907,20270103,2026-10-04,sunday,99,away_from_ubc,departure,12057,61935,UBC Exchange @ Bay 7,2026-10-04T22:57:00-07:00,2026-10-04T22:57:00-07:00,2026-10-05T05:57:00Z,2026-10-05T05:57:00Z,15461761,99 Broadway B-Line/To Commercial-Broadway Station,0,0,https://gtfs-static.translink.ca/gtfs/google_transit.zip
26SEP_20260925,20260907,20270103,2026-10-04,sunday,99,away_from_ubc,departure,12057,61935,UBC Exchange @ Bay 7,2026-10-04T23:12:00-07:00,2026-10-04T23:12:00-07:00,2026-10-05T06:12:00Z,2026-10-05T06:12:00Z,15461762,99 Broadway B-Line/To Commercial-Broadway Station,0,0,https://gtfs-static.translink.ca/gtfs/google_transit.zip
26SEP_20260925,20260907,20270103,2026-10-04,sunday,99,away_from_ubc,departure,12057,61935,UBC Exchange @ Bay 7,2026-10-04T23:27:00-07:00,2026-10-04T23:27:00-07:00,2026-10-05T06:27:00Z,2026-10-05T06:27:00Z,15461763,99 Broadway B-Line/To Commercial-Broadway Station,0,0,https://gtfs-static.translink.ca/gtfs/google_transit.zip
26SEP_20260925,20260907,20270103,2026-10-04,sunday,99,away_from_ubc,departure,12057,61935,UBC Exchange @ Bay 7,2026-10-04T23:41:00-07:00,2026-10-04T23:41:00-07:00,2026-10-05T06:41:00Z,2026-10-05T06:41:00Z,15461764,99 Broadway B-Line/To Commercial-Broadway Station,0,0,https://gtfs-static.translink.ca/gtfs/google_transit.zip
26SEP_20260925,20260907,20270103,2026-10-04,sunday,99,away_from_ubc,departure,12057,61935,UBC Exchange @ Bay 7,2026-10-04T23:56:00-07:00,2026-10-04T23:56:00-07:00,2026-10-05T06:56:00Z,2026-10-05T06:56:00Z,15461765,99 Broadway B-Line/To Commercial-Broadway Station,0,0,https://gtfs-static.translink.ca/gtfs/google_transit.zip
26SEP_20260925,20260907,20270103,2026-10-04,sunday,99,away_from_ubc,departure,12057,61935,UBC Exchange @ Bay 7,2026-10-05T00:11:00-07:00,2026-10-05T00:11:00-07:00,2026-10-05T07:11:00Z,2026-10-05T07:11:00Z,15461766,99 Broadway B-Line/To Commercial-Broadway Station,0,0,https://gtfs-static.translink.ca/gtfs/google_transit.zip
26SEP_20260925,20260907,20270103,2026-10-04,sunday,99,away_from_ubc,departure,12057,61935,UBC Exchange @ Bay 7,2026-10-05T00:26:00-07:00,2026-10-05T00:26:00-07:00,2026-10-05T07:26:00Z,2026-10-05T07:26:00Z,15461767,99 Broadway B-Line/To Commercial-Broadway Station,0,0,https://gtfs-static.translink.ca/gtfs/google_transit.zip
26SEP_20260925,20260907,20270103,2026-10-04,sunday,99,away_from_ubc,departure,12057,61935,UBC Exchange @ Bay 7,2026-10-05T00:41:00-07:00,2026-10-05T00:41:00-07:00,2026-10-05T07:41:00Z,2026-10-05T07:41:00Z,15461768,99 Broadway B-Line/To Commercial-Broadway Station,0,0,https://gtfs-static.translink.ca/gtfs/google_transit.zip
26SEP_20260925,20260907,20270103,2026-10-04,sunday,99,away_from_ubc,departure,12057,61935,UBC Exchange @ Bay 7,2026-10-05T01:05:00-07:00,2026-10-05T01:05:00-07:00,2026-10-05T08:05:00Z,2026-10-05T08:05:00Z,15461769,99 Broadway B-Line/To Commercial-Broadway Station,0,0,https://gtfs-static.translink.ca/gtfs/google_transit.zip
26SEP_20260925,20260907,20270103,2026-10-04,sunday,99,away_from_ubc,departure,12057,61935,UBC Exchange @ Bay 7,2026-10-05T02:46:00-07:00,2026-10-05T02:46:00-07:00,2026-10-05T09:46:00Z,2026-10-05T09:46:00Z,15461770,99 Broadway B-Line/To Boundary Loop,0,0,https://gtfs-static.translink.ca/gtfs/google_transit.zip
26SEP_20260925,20260907,20270103,2026-10-04,sunday,99,toward_ubc,arrival,12600,60358,UBC Exchange @ Unloading Only,2026-10-04T07:25:00-07:00,2026-10-04T07:25:00-07:00,2026-10-04T14:25:00Z,2026-10-04T14:25:00Z,15461773,99 Broadway B-Line/To UBC Exchange,1,0,https://gtfs-static.translink.ca/gtfs/google_transit.zip
26SEP_20260925,20260907,20270103,2026-10-04,sunday,99,toward_ubc,arrival,12600,60358,UBC Exchange @ Unloading Only,2026-10-04T07:50:00-07:00,2026-10-04T07:50:00-07:00,2026-10-04T14:50:00Z,2026-10-04T14:50:00Z,15461774,99 Broadway B-Line/To UBC Exchange,1,0,https://gtfs-static.translink.ca/gtfs/google_transit.zip
26SEP_20260925,20260907,20270103,2026-10-04,sunday,99,toward_ubc,arrival,12600,60358,UBC Exchange @ Unloading Only,2026-10-04T08:05:00-07:00,2026-10-04T08:05:00-07:00,2026-10-04T15:05:00Z,2026-10-04T15:05:00Z,15461775,99 Broadway B-Line/To UBC Exchange,1,0,https://gtfs-static.translink.ca/gtfs/google_transit.zip
26SEP_20260925,20260907,20270103,2026-10-04,sunday,99,toward_ubc,arrival,12600,60358,UBC Exchange @ Unloading Only,2026-10-04T08:21:00-07:00,2026-10-04T08:21:00-07:00,2026-10-04T15:21:00Z,2026-10-04T15:21:00Z,15461776,99 Broadway B-Line/To UBC Exchange,1,0,https://gtfs-static.translink.ca/gtfs/google_transit.zip
26SEP_20260925,20260907,20270103,2026-10-04,sunday,99,toward_ubc,arrival,12600,60358,UBC Exchange @ Unloading Only,2026-10-04T08:32:00-07:00,2026-10-04T08:32:00-07:00,2026-10-04T15:32:00Z,2026-10-04T15:32:00Z,15461777,99 Broadway B-Line/To UBC Exchange,1,0,https://gtfs-static.translink.ca/gtfs/google_transit.zip
26SEP_20260925,20260907,20270103,2026-10-04,sunday,99,toward_ubc,arrival,12600,60358,UBC Exchange @ Unloading Only,2026-10-04T08:47:00-07:00,2026-10-04T08:47:00-07:00,2026-10-04T15:47:00Z,2026-10-04T15:47:00Z,15461778,99 Broadway B-Line/To UBC Exchange,1,0,https://gtfs-static.translink.ca/gtfs/google_transit.zip
26SEP_20260925,20260907,20270103,2026-10-04,sunday,99,toward_ubc,arrival,12600,60358,UBC Exchange @ Unloading Only,2026-10-04T09:06:00-07:00,2026-10-04T09:06:00-07:00,2026-10-04T16:06:00Z,2026-10-04T16:06:00Z,15461779,99 Broadway B-Line/To UBC Exchange,1,0,https://gtfs-static.translink.ca/gtfs/google_transit.zip
26SEP_20260925,20260907,20270103,2026-10-04,sunday,99,toward_ubc,arrival,12600,60358,UBC Exchange @ Unloading Only,2026-10-04T09:22:00-07:00,2026-10-04T09:22:00-07:00,2026-10-04T16:22:00Z,2026-10-04T16:22:00Z,15461780,99 Broadway B-Line/To UBC Exchange,1,0,https://gtfs-static.translink.ca/gtfs/google_transit.zip
26SEP_20260925,20260907,20270103,2026-10-04,sunday,99,toward_ubc,arrival,12600,60358,UBC Exchange @ Unloading Only,2026-10-04T09:34:00-07:00,2026-10-04T09:34:00-07:00,2026-10-04T16:34:00Z,2026-10-04T16:34:00Z,15461781,99 Broadway B-Line/To UBC Exchange,1,0,https://gtfs-static.translink.ca/gtfs/google_transit.zip
26SEP_20260925,20260907,20270103,2026-10-04,sunday,99,toward_ubc,arrival,12600,60358,UBC Exchange @ Unloading Only,2026-10-04T09:44:00-07:00,2026-10-04T09:44:00-07:00,2026-10-04T16:44:00Z,2026-10-04T16:44:00Z,15461782,99 Broadway B-Line/To UBC Exchange,1,0,https://gtfs-static.translink.ca/gtfs/google_transit.zip
26SEP_20260925,20260907,20270103,2026-10-04,sunday,99,toward_ubc,arrival,12600,60358,UBC Exchange @ Unloading Only,2026-10-04T09:54:00-07:00,2026-10-04T09:54:00-07:00,2026-10-04T16:54:00Z,2026-10-04T16:54:00Z,15461783,99 Broadway B-Line/To UBC Exchange,1,0,https://gtfs-static.translink.ca/gtfs/google_transit.zip
26SEP_20260925,20260907,20270103,2026-10-04,sunday,99,toward_ubc,arrival,12600,60358,UBC Exchange @ Unloading Only,2026-10-04T10:03:00-07:00,2026-10-04T10:03:00-07:00,2026-10-04T17:03:00Z,2026-10-04T17:03:00Z,15461784,99 Broadway B-Line/To UBC Exchange,1,0,https://gtfs-static.translink.ca/gtfs/google_transit.zip
26SEP_20260925,20260907,20270103,2026-10-04,sunday,99,toward_ubc,arrival,12600,60358,UBC Exchange @ Unloading Only,2026-10-04T10:13:00-07:00,2026-10-04T10:13:00-07:00,2026-10-04T17:13:00Z,2026-10-04T17:13:00Z,15461785,99 Broadway B-Line/To UBC Exchange,1,0,https://gtfs-static.translink.ca/gtfs/google_transit.zip
26SEP_20260925,20260907,20270103,2026-10-04,sunday,99,toward_ubc,arrival,12600,60358,UBC Exchange @ Unloading Only,2026-10-04T10:22:00-07:00,2026-10-04T10:22:00-07:00,2026-10-04T17:22:00Z,2026-10-04T17:22:00Z,15461786,99 Broadway B-Line/To UBC Exchange,1,0,https://gtfs-static.translink.ca/gtfs/google_transit.zip
26SEP_20260925,20260907,20270103,2026-10-04,sunday,99,toward_ubc,arrival,12600,60358,UBC Exchange @ Unloading Only,2026-10-04T10:31:00-07:00,2026-10-04T10:31:00-07:00,2026-10-04T17:31:00Z,2026-10-04T17:31:00Z,15461787,99 Broadway B-Line/To UBC Exchange,1,0,https://gtfs-static.translink.ca/gtfs/google_transit.zip
26SEP_20260925,20260907,20270103,2026-10-04,sunday,99,toward_ubc,arrival,12600,60358,UBC Exchange @ Unloading Only,2026-10-04T10:39:00-07:00,2026-10-04T10:39:00-07:00,2026-10-04T17:39:00Z,2026-10-04T17:39:00Z,15461788,99 Broadway B-Line/To UBC Exchange,1,0,https://gtfs-static.translink.ca/gtfs/google_transit.zip
26SEP_20260925,20260907,20270103,2026-10-04,sunday,99,toward_ubc,arrival,12600,60358,UBC Exchange @ Unloading Only,2026-10-04T10:48:00-07:00,2026-10-04T10:48:00-07:00,2026-10-04T17:48:00Z,2026-10-04T17:48:00Z,15461789,99 Broadway B-Line/To UBC Exchange,1,0,https://gtfs-static.translink.ca/gtfs/google_transit.zip
26SEP_20260925,20260907,20270103,2026-10-04,sunday,99,toward_ubc,arrival,12600,60358,UBC Exchange @ Unloading Only,2026-10-04T10:58:00-07:00,2026-10-04T10:58:00-07:00,2026-10-04T17:58:00Z,2026-10-04T17:58:00Z,15461790,99 Broadway B-Line/To UBC Exchange,1,0,https://gtfs-static.translink.ca/gtfs/google_transit.zip
26SEP_20260925,20260907,20270103,2026-10-04,sunday,99,toward_ubc,arrival,12600,60358,UBC Exchange @ Unloading Only,2026-10-04T11:07:00-07:00,2026-10-04T11:07:00-07:00,2026-10-04T18:07:00Z,2026-10-04T18:07:00Z,15461791,99 Broadway B-Line/To UBC Exchange,1,0,https://gtfs-static.translink.ca/gtfs/google_transit.zip
26SEP_20260925,20260907,20270103,2026-10-04,sunday,99,toward_ubc,arrival,12600,60358,UBC Exchange @ Unloading Only,2026-10-04T11:16:00-07:00,2026-10-04T11:16:00-07:00,2026-10-04T18:16:00Z,2026-10-04T18:16:00Z,15461792,99 Broadway B-Line/To UBC Exchange,1,0,https://gtfs-static.translink.ca/gtfs/google_transit.zip
26SEP_20260925,20260907,20270103,2026-10-04,sunday,99,toward_ubc,arrival,12600,60358,UBC Exchange @ Unloading Only,2026-10-04T11:24:00-07:00,2026-10-04T11:24:00-07:00,2026-10-04T18:24:00Z,2026-10-04T18:24:00Z,15461793,99 Broadway B-Line/To UBC Exchange,1,0,https://gtfs-static.translink.ca/gtfs/google_transit.zip
26SEP_20260925,20260907,20270103,2026-10-04,sunday,99,toward_ubc,arrival,12600,60358,UBC Exchange @ Unloading Only,2026-10-04T11:32:00-07:00,2026-10-04T11:32:00-07:00,2026-10-04T18:32:00Z,2026-10-04T18:32:00Z,15461794,99 Broadway B-Line/To UBC Exchange,1,0,https://gtfs-static.translink.ca/gtfs/google_transit.zip
26SEP_20260925,20260907,20270103,2026-10-04,sunday,99,toward_ubc,arrival,12600,60358,UBC Exchange @ Unloading Only,2026-10-04T11:40:00-07:00,2026-10-04T11:40:00-07:00,2026-10-04T18:40:00Z,2026-10-04T18:40:00Z,15461795,99 Broadway B-Line/To UBC Exchange,1,0,https://gtfs-static.translink.ca/gtfs/google_transit.zip
26SEP_20260925,20260907,20270103,2026-10-04,sunday,99,toward_ubc,arrival,12600,60358,UBC Exchange @ Unloading Only,2026-10-04T11:48:00-07:00,2026-10-04T11:48:00-07:00,2026-10-04T18:48:00Z,2026-10-04T18:48:00Z,15461796,99 Broadway B-Line/To UBC Exchange,1,0,https://gtfs-static.translink.ca/gtfs/google_transit.zip
26SEP_20260925,20260907,20270103,2026-10-04,sunday,99,toward_ubc,arrival,12600,60358,UBC Exchange @ Unloading Only,2026-10-04T11:56:00-07:00,2026-10-04T11:56:00-07:00,2026-10-04T18:56:00Z,2026-10-04T18:56:00Z,15461797,99 Broadway B-Line/To UBC Exchange,1,0,https://gtfs-static.translink.ca/gtfs/google_transit.zip
26SEP_20260925,20260907,20270103,2026-10-04,sunday,99,toward_ubc,arrival,12600,60358,UBC Exchange @ Unloading Only,2026-10-04T12:06:00-07:00,2026-10-04T12:06:00-07:00,2026-10-04T19:06:00Z,2026-10-04T19:06:00Z,15461798,99 Broadway B-Line/To UBC Exchange,1,0,https://gtfs-static.translink.ca/gtfs/google_transit.zip
26SEP_20260925,20260907,20270103,2026-10-04,sunday,99,toward_ubc,arrival,12600,60358,UBC Exchange @ Unloading Only,2026-10-04T12:16:00-07:00,2026-10-04T12:16:00-07:00,2026-10-04T19:16:00Z,2026-10-04T19:16:00Z,15461799,99 Broadway B-Line/To UBC Exchange,1,0,https://gtfs-static.translink.ca/gtfs/google_transit.zip
26SEP_20260925,20260907,20270103,2026-10-04,sunday,99,toward_ubc,arrival,12600,60358,UBC Exchange @ Unloading Only,2026-10-04T12:25:00-07:00,2026-10-04T12:25:00-07:00,2026-10-04T19:25:00Z,2026-10-04T19:25:00Z,15461800,99 Broadway B-Line/To UBC Exchange,1,0,https://gtfs-static.translink.ca/gtfs/google_transit.zip
26SEP_20260925,20260907,20270103,2026-10-04,sunday,99,toward_ubc,arrival,12600,60358,UBC Exchange @ Unloading Only,2026-10-04T12:32:00-07:00,2026-10-04T12:32:00-07:00,2026-10-04T19:32:00Z,2026-10-04T19:32:00Z,15461801,99 Broadway B-Line/To UBC Exchange,1,0,https://gtfs-static.translink.ca/gtfs/google_transit.zip
26SEP_20260925,20260907,20270103,2026-10-04,sunday,99,toward_ubc,arrival,12600,60358,UBC Exchange @ Unloading Only,2026-10-04T12:41:00-07:00,2026-10-04T12:41:00-07:00,2026-10-04T19:41:00Z,2026-10-04T19:41:00Z,15461802,99 Broadway B-Line/To UBC Exchange,1,0,https://gtfs-static.translink.ca/gtfs/google_transit.zip
26SEP_20260925,20260907,20270103,2026-10-04,sunday,99,toward_ubc,arrival,12600,60358,UBC Exchange @ Unloading Only,2026-10-04T12:50:00-07:00,2026-10-04T12:50:00-07:00,2026-10-04T19:50:00Z,2026-10-04T19:50:00Z,15461803,99 Broadway B-Line/To UBC Exchange,1,0,https://gtfs-static.translink.ca/gtfs/google_transit.zip
26SEP_20260925,20260907,20270103,2026-10-04,sunday,99,toward_ubc,arrival,12600,60358,UBC Exchange @ Unloading Only,2026-10-04T12:59:00-07:00,2026-10-04T12:59:00-07:00,2026-10-04T19:59:00Z,2026-10-04T19:59:00Z,15461804,99 Broadway B-Line/To UBC Exchange,1,0,https://gtfs-static.translink.ca/gtfs/google_transit.zip
26SEP_20260925,20260907,20270103,2026-10-04,sunday,99,toward_ubc,arrival,12600,60358,UBC Exchange @ Unloading Only,2026-10-04T13:08:00-07:00,2026-10-04T13:08:00-07:00,2026-10-04T20:08:00Z,2026-10-04T20:08:00Z,15461805,99 Broadway B-Line/To UBC Exchange,1,0,https://gtfs-static.translink.ca/gtfs/google_transit.zip
26SEP_20260925,20260907,20270103,2026-10-04,sunday,99,toward_ubc,arrival,12600,60358,UBC Exchange @ Unloading Only,2026-10-04T13:17:00-07:00,2026-10-04T13:17:00-07:00,2026-10-04T20:17:00Z,2026-10-04T20:17:00Z,15461806,99 Broadway B-Line/To UBC Exchange,1,0,https://gtfs-static.translink.ca/gtfs/google_transit.zip
26SEP_20260925,20260907,20270103,2026-10-04,sunday,99,toward_ubc,arrival,12600,60358,UBC Exchange @ Unloading Only,2026-10-04T13:26:00-07:00,2026-10-04T13:26:00-07:00,2026-10-04T20:26:00Z,2026-10-04T20:26:00Z,15461807,99 Broadway B-Line/To UBC Exchange,1,0,https://gtfs-static.translink.ca/gtfs/google_transit.zip
26SEP_20260925,20260907,20270103,2026-10-04,sunday,99,toward_ubc,arrival,12600,60358,UBC Exchange @ Unloading Only,2026-10-04T13:34:00-07:00,2026-10-04T13:34:00-07:00,2026-10-04T20:34:00Z,2026-10-04T20:34:00Z,15461808,99 Broadway B-Line/To UBC Exchange,1,0,https://gtfs-static.translink.ca/gtfs/google_transit.zip
26SEP_20260925,20260907,20270103,2026-10-04,sunday,99,toward_ubc,arrival,12600,60358,UBC Exchange @ Unloading Only,2026-10-04T13:39:00-07:00,2026-10-04T13:39:00-07:00,2026-10-04T20:39:00Z,2026-10-04T20:39:00Z,15461809,99 Broadway B-Line/To UBC Exchange,1,0,https://gtfs-static.translink.ca/gtfs/google_transit.zip
26SEP_20260925,20260907,20270103,2026-10-04,sunday,99,toward_ubc,arrival,12600,60358,UBC Exchange @ Unloading Only,2026-10-04T13:51:00-07:00,2026-10-04T13:51:00-07:00,2026-10-04T20:51:00Z,2026-10-04T20:51:00Z,15461810,99 Broadway B-Line/To UBC Exchange,1,0,https://gtfs-static.translink.ca/gtfs/google_transit.zip
26SEP_20260925,20260907,20270103,2026-10-04,sunday,99,toward_ubc,arrival,12600,60358,UBC Exchange @ Unloading Only,2026-10-04T14:01:00-07:00,2026-10-04T14:01:00-07:00,2026-10-04T21:01:00Z,2026-10-04T21:01:00Z,15461811,99 Broadway B-Line/To UBC Exchange,1,0,https://gtfs-static.translink.ca/gtfs/google_transit.zip
26SEP_20260925,20260907,20270103,2026-10-04,sunday,99,toward_ubc,arrival,12600,60358,UBC Exchange @ Unloading Only,2026-10-04T14:09:00-07:00,2026-10-04T14:09:00-07:00,2026-10-04T21:09:00Z,2026-10-04T21:09:00Z,15461812,99 Broadway B-Line/To UBC Exchange,1,0,https://gtfs-static.translink.ca/gtfs/google_transit.zip
26SEP_20260925,20260907,20270103,2026-10-04,sunday,99,toward_ubc,arrival,12600,60358,UBC Exchange @ Unloading Only,2026-10-04T14:17:00-07:00,2026-10-04T14:17:00-07:00,2026-10-04T21:17:00Z,2026-10-04T21:17:00Z,15461813,99 Broadway B-Line/To UBC Exchange,1,0,https://gtfs-static.translink.ca/gtfs/google_transit.zip
26SEP_20260925,20260907,20270103,2026-10-04,sunday,99,toward_ubc,arrival,12600,60358,UBC Exchange @ Unloading Only,2026-10-04T14:26:00-07:00,2026-10-04T14:26:00-07:00,2026-10-04T21:26:00Z,2026-10-04T21:26:00Z,15461814,99 Broadway B-Line/To UBC Exchange,1,0,https://gtfs-static.translink.ca/gtfs/google_transit.zip
26SEP_20260925,20260907,20270103,2026-10-04,sunday,99,toward_ubc,arrival,12600,60358,UBC Exchange @ Unloading Only,2026-10-04T14:35:00-07:00,2026-10-04T14:35:00-07:00,2026-10-04T21:35:00Z,2026-10-04T21:35:00Z,15461815,99 Broadway B-Line/To UBC Exchange,1,0,https://gtfs-static.translink.ca/gtfs/google_transit.zip
26SEP_20260925,20260907,20270103,2026-10-04,sunday,99,toward_ubc,arrival,12600,60358,UBC Exchange @ Unloading Only,2026-10-04T14:44:00-07:00,2026-10-04T14:44:00-07:00,2026-10-04T21:44:00Z,2026-10-04T21:44:00Z,15461816,99 Broadway B-Line/To UBC Exchange,1,0,https://gtfs-static.translink.ca/gtfs/google_transit.zip
26SEP_20260925,20260907,20270103,2026-10-04,sunday,99,toward_ubc,arrival,12600,60358,UBC Exchange @ Unloading Only,2026-10-04T14:52:00-07:00,2026-10-04T14:52:00-07:00,2026-10-04T21:52:00Z,2026-10-04T21:52:00Z,15461817,99 Broadway B-Line/To UBC Exchange,1,0,https://gtfs-static.translink.ca/gtfs/google_transit.zip
26SEP_20260925,20260907,20270103,2026-10-04,sunday,99,toward_ubc,arrival,12600,60358,UBC Exchange @ Unloading Only,2026-10-04T15:01:00-07:00,2026-10-04T15:01:00-07:00,2026-10-04T22:01:00Z,2026-10-04T22:01:00Z,15461818,99 Broadway B-Line/To UBC Exchange,1,0,https://gtfs-static.translink.ca/gtfs/google_transit.zip
26SEP_20260925,20260907,20270103,2026-10-04,sunday,99,toward_ubc,arrival,12600,60358,UBC Exchange @ Unloading Only,2026-10-04T15:09:00-07:00,2026-10-04T15:09:00-07:00,2026-10-04T22:09:00Z,2026-10-04T22:09:00Z,15461819,99 Broadway B-Line/To UBC Exchange,1,0,https://gtfs-static.translink.ca/gtfs/google_transit.zip
26SEP_20260925,20260907,20270103,2026-10-04,sunday,99,toward_ubc,arrival,12600,60358,UBC Exchange @ Unloading Only,2026-10-04T15:17:00-07:00,2026-10-04T15:17:00-07:00,2026-10-04T22:17:00Z,2026-10-04T22:17:00Z,15461820,99 Broadway B-Line/To UBC Exchange,1,0,https://gtfs-static.translink.ca/gtfs/google_transit.zip
26SEP_20260925,20260907,20270103,2026-10-04,sunday,99,toward_ubc,arrival,12600,60358,UBC Exchange @ Unloading Only,2026-10-04T15:22:00-07:00,2026-10-04T15:22:00-07:00,2026-10-04T22:22:00Z,2026-10-04T22:22:00Z,15461821,99 Broadway B-Line/To UBC Exchange,1,0,https://gtfs-static.translink.ca/gtfs/google_transit.zip
26SEP_20260925,20260907,20270103,2026-10-04,sunday,99,toward_ubc,arrival,12600,60358,UBC Exchange @ Unloading Only,2026-10-04T15:35:00-07:00,2026-10-04T15:35:00-07:00,2026-10-04T22:35:00Z,2026-10-04T22:35:00Z,15461822,99 Broadway B-Line/To UBC Exchange,1,0,https://gtfs-static.translink.ca/gtfs/google_transit.zip
26SEP_20260925,20260907,20270103,2026-10-04,sunday,99,toward_ubc,arrival,12600,60358,UBC Exchange @ Unloading Only,2026-10-04T15:44:00-07:00,2026-10-04T15:44:00-07:00,2026-10-04T22:44:00Z,2026-10-04T22:44:00Z,15461823,99 Broadway B-Line/To UBC Exchange,1,0,https://gtfs-static.translink.ca/gtfs/google_transit.zip
26SEP_20260925,20260907,20270103,2026-10-04,sunday,99,toward_ubc,arrival,12600,60358,UBC Exchange @ Unloading Only,2026-10-04T15:52:00-07:00,2026-10-04T15:52:00-07:00,2026-10-04T22:52:00Z,2026-10-04T22:52:00Z,15461824,99 Broadway B-Line/To UBC Exchange,1,0,https://gtfs-static.translink.ca/gtfs/google_transit.zip
26SEP_20260925,20260907,20270103,2026-10-04,sunday,99,toward_ubc,arrival,12600,60358,UBC Exchange @ Unloading Only,2026-10-04T16:00:00-07:00,2026-10-04T16:00:00-07:00,2026-10-04T23:00:00Z,2026-10-04T23:00:00Z,15461825,99 Broadway B-Line/To UBC Exchange,1,0,https://gtfs-static.translink.ca/gtfs/google_transit.zip
26SEP_20260925,20260907,20270103,2026-10-04,sunday,99,toward_ubc,arrival,12600,60358,UBC Exchange @ Unloading Only,2026-10-04T16:09:00-07:00,2026-10-04T16:09:00-07:00,2026-10-04T23:09:00Z,2026-10-04T23:09:00Z,15461826,99 Broadway B-Line/To UBC Exchange,1,0,https://gtfs-static.translink.ca/gtfs/google_transit.zip
26SEP_20260925,20260907,20270103,2026-10-04,sunday,99,toward_ubc,arrival,12600,60358,UBC Exchange @ Unloading Only,2026-10-04T16:18:00-07:00,2026-10-04T16:18:00-07:00,2026-10-04T23:18:00Z,2026-10-04T23:18:00Z,15461827,99 Broadway B-Line/To UBC Exchange,1,0,https://gtfs-static.translink.ca/gtfs/google_transit.zip
26SEP_20260925,20260907,20270103,2026-10-04,sunday,99,toward_ubc,arrival,12600,60358,UBC Exchange @ Unloading Only,2026-10-04T16:27:00-07:00,2026-10-04T16:27:00-07:00,2026-10-04T23:27:00Z,2026-10-04T23:27:00Z,15461828,99 Broadway B-Line/To UBC Exchange,1,0,https://gtfs-static.translink.ca/gtfs/google_transit.zip
26SEP_20260925,20260907,20270103,2026-10-04,sunday,99,toward_ubc,arrival,12600,60358,UBC Exchange @ Unloading Only,2026-10-04T16:35:00-07:00,2026-10-04T16:35:00-07:00,2026-10-04T23:35:00Z,2026-10-04T23:35:00Z,15461829,99 Broadway B-Line/To UBC Exchange,1,0,https://gtfs-static.translink.ca/gtfs/google_transit.zip
26SEP_20260925,20260907,20270103,2026-10-04,sunday,99,toward_ubc,arrival,12600,60358,UBC Exchange @ Unloading Only,2026-10-04T16:44:00-07:00,2026-10-04T16:44:00-07:00,2026-10-04T23:44:00Z,2026-10-04T23:44:00Z,15461830,99 Broadway B-Line/To UBC Exchange,1,0,https://gtfs-static.translink.ca/gtfs/google_transit.zip
26SEP_20260925,20260907,20270103,2026-10-04,sunday,99,toward_ubc,arrival,12600,60358,UBC Exchange @ Unloading Only,2026-10-04T16:52:00-07:00,2026-10-04T16:52:00-07:00,2026-10-04T23:52:00Z,2026-10-04T23:52:00Z,15461831,99 Broadway B-Line/To UBC Exchange,1,0,https://gtfs-static.translink.ca/gtfs/google_transit.zip
26SEP_20260925,20260907,20270103,2026-10-04,sunday,99,toward_ubc,arrival,12600,60358,UBC Exchange @ Unloading Only,2026-10-04T17:00:00-07:00,2026-10-04T17:00:00-07:00,2026-10-05T00:00:00Z,2026-10-05T00:00:00Z,15461832,99 Broadway B-Line/To UBC Exchange,1,0,https://gtfs-static.translink.ca/gtfs/google_transit.zip
26SEP_20260925,20260907,20270103,2026-10-04,sunday,99,toward_ubc,arrival,12600,60358,UBC Exchange @ Unloading Only,2026-10-04T17:05:00-07:00,2026-10-04T17:05:00-07:00,2026-10-05T00:05:00Z,2026-10-05T00:05:00Z,15461833,99 Broadway B-Line/To UBC Exchange,1,0,https://gtfs-static.translink.ca/gtfs/google_transit.zip
26SEP_20260925,20260907,20270103,2026-10-04,sunday,99,toward_ubc,arrival,12600,60358,UBC Exchange @ Unloading Only,2026-10-04T17:17:00-07:00,2026-10-04T17:17:00-07:00,2026-10-05T00:17:00Z,2026-10-05T00:17:00Z,15461834,99 Broadway B-Line/To UBC Exchange,1,0,https://gtfs-static.translink.ca/gtfs/google_transit.zip
26SEP_20260925,20260907,20270103,2026-10-04,sunday,99,toward_ubc,arrival,12600,60358,UBC Exchange @ Unloading Only,2026-10-04T17:27:00-07:00,2026-10-04T17:27:00-07:00,2026-10-05T00:27:00Z,2026-10-05T00:27:00Z,15461835,99 Broadway B-Line/To UBC Exchange,1,0,https://gtfs-static.translink.ca/gtfs/google_transit.zip
26SEP_20260925,20260907,20270103,2026-10-04,sunday,99,toward_ubc,arrival,12600,60358,UBC Exchange @ Unloading Only,2026-10-04T17:35:00-07:00,2026-10-04T17:35:00-07:00,2026-10-05T00:35:00Z,2026-10-05T00:35:00Z,15461836,99 Broadway B-Line/To UBC Exchange,1,0,https://gtfs-static.translink.ca/gtfs/google_transit.zip
26SEP_20260925,20260907,20270103,2026-10-04,sunday,99,toward_ubc,arrival,12600,60358,UBC Exchange @ Unloading Only,2026-10-04T17:43:00-07:00,2026-10-04T17:43:00-07:00,2026-10-05T00:43:00Z,2026-10-05T00:43:00Z,15461837,99 Broadway B-Line/To UBC Exchange,1,0,https://gtfs-static.translink.ca/gtfs/google_transit.zip
26SEP_20260925,20260907,20270103,2026-10-04,sunday,99,toward_ubc,arrival,12600,60358,UBC Exchange @ Unloading Only,2026-10-04T17:52:00-07:00,2026-10-04T17:52:00-07:00,2026-10-05T00:52:00Z,2026-10-05T00:52:00Z,15461838,99 Broadway B-Line/To UBC Exchange,1,0,https://gtfs-static.translink.ca/gtfs/google_transit.zip
26SEP_20260925,20260907,20270103,2026-10-04,sunday,99,toward_ubc,arrival,12600,60358,UBC Exchange @ Unloading Only,2026-10-04T18:01:00-07:00,2026-10-04T18:01:00-07:00,2026-10-05T01:01:00Z,2026-10-05T01:01:00Z,15461839,99 Broadway B-Line/To UBC Exchange,1,0,https://gtfs-static.translink.ca/gtfs/google_transit.zip
26SEP_20260925,20260907,20270103,2026-10-04,sunday,99,toward_ubc,arrival,12600,60358,UBC Exchange @ Unloading Only,2026-10-04T18:09:00-07:00,2026-10-04T18:09:00-07:00,2026-10-05T01:09:00Z,2026-10-05T01:09:00Z,15461840,99 Broadway B-Line/To UBC Exchange,1,0,https://gtfs-static.translink.ca/gtfs/google_transit.zip
26SEP_20260925,20260907,20270103,2026-10-04,sunday,99,toward_ubc,arrival,12600,60358,UBC Exchange @ Unloading Only,2026-10-04T18:16:00-07:00,2026-10-04T18:16:00-07:00,2026-10-05T01:16:00Z,2026-10-05T01:16:00Z,15461841,99 Broadway B-Line/To UBC Exchange,1,0,https://gtfs-static.translink.ca/gtfs/google_transit.zip
26SEP_20260925,20260907,20270103,2026-10-04,sunday,99,toward_ubc,arrival,12600,60358,UBC Exchange @ Unloading Only,2026-10-04T18:25:00-07:00,2026-10-04T18:25:00-07:00,2026-10-05T01:25:00Z,2026-10-05T01:25:00Z,15461842,99 Broadway B-Line/To UBC Exchange,1,0,https://gtfs-static.translink.ca/gtfs/google_transit.zip
26SEP_20260925,20260907,20270103,2026-10-04,sunday,99,toward_ubc,arrival,12600,60358,UBC Exchange @ Unloading Only,2026-10-04T18:33:00-07:00,2026-10-04T18:33:00-07:00,2026-10-05T01:33:00Z,2026-10-05T01:33:00Z,15461843,99 Broadway B-Line/To UBC Exchange,1,0,https://gtfs-static.translink.ca/gtfs/google_transit.zip
26SEP_20260925,20260907,20270103,2026-10-04,sunday,99,toward_ubc,arrival,12600,60358,UBC Exchange @ Unloading Only,2026-10-04T18:41:00-07:00,2026-10-04T18:41:00-07:00,2026-10-05T01:41:00Z,2026-10-05T01:41:00Z,15461844,99 Broadway B-Line/To UBC Exchange,1,0,https://gtfs-static.translink.ca/gtfs/google_transit.zip
26SEP_20260925,20260907,20270103,2026-10-04,sunday,99,toward_ubc,arrival,12600,60358,UBC Exchange @ Unloading Only,2026-10-04T18:46:00-07:00,2026-10-04T18:46:00-07:00,2026-10-05T01:46:00Z,2026-10-05T01:46:00Z,15461845,99 Broadway B-Line/To UBC Exchange,1,0,https://gtfs-static.translink.ca/gtfs/google_transit.zip
26SEP_20260925,20260907,20270103,2026-10-04,sunday,99,toward_ubc,arrival,12600,60358,UBC Exchange @ Unloading Only,2026-10-04T19:00:00-07:00,2026-10-04T19:00:00-07:00,2026-10-05T02:00:00Z,2026-10-05T02:00:00Z,15461846,99 Broadway B-Line/To UBC Exchange,1,0,https://gtfs-static.translink.ca/gtfs/google_transit.zip
26SEP_20260925,20260907,20270103,2026-10-04,sunday,99,toward_ubc,arrival,12600,60358,UBC Exchange @ Unloading Only,2026-10-04T19:10:00-07:00,2026-10-04T19:10:00-07:00,2026-10-05T02:10:00Z,2026-10-05T02:10:00Z,15461847,99 Broadway B-Line/To UBC Exchange,1,0,https://gtfs-static.translink.ca/gtfs/google_transit.zip
26SEP_20260925,20260907,20270103,2026-10-04,sunday,99,toward_ubc,arrival,12600,60358,UBC Exchange @ Unloading Only,2026-10-04T19:19:00-07:00,2026-10-04T19:19:00-07:00,2026-10-05T02:19:00Z,2026-10-05T02:19:00Z,15461848,99 Broadway B-Line/To UBC Exchange,1,0,https://gtfs-static.translink.ca/gtfs/google_transit.zip
26SEP_20260925,20260907,20270103,2026-10-04,sunday,99,toward_ubc,arrival,12600,60358,UBC Exchange @ Unloading Only,2026-10-04T19:31:00-07:00,2026-10-04T19:31:00-07:00,2026-10-05T02:31:00Z,2026-10-05T02:31:00Z,15461849,99 Broadway B-Line/To UBC Exchange,1,0,https://gtfs-static.translink.ca/gtfs/google_transit.zip
26SEP_20260925,20260907,20270103,2026-10-04,sunday,99,toward_ubc,arrival,12600,60358,UBC Exchange @ Unloading Only,2026-10-04T19:42:00-07:00,2026-10-04T19:42:00-07:00,2026-10-05T02:42:00Z,2026-10-05T02:42:00Z,15461850,99 Broadway B-Line/To UBC Exchange,1,0,https://gtfs-static.translink.ca/gtfs/google_transit.zip
26SEP_20260925,20260907,20270103,2026-10-04,sunday,99,toward_ubc,arrival,12600,60358,UBC Exchange @ Unloading Only,2026-10-04T19:55:00-07:00,2026-10-04T19:55:00-07:00,2026-10-05T02:55:00Z,2026-10-05T02:55:00Z,15461851,99 Broadway B-Line/To UBC Exchange,1,0,https://gtfs-static.translink.ca/gtfs/google_transit.zip
26SEP_20260925,20260907,20270103,2026-10-04,sunday,99,toward_ubc,arrival,12600,60358,UBC Exchange @ Unloading Only,2026-10-04T20:11:00-07:00,2026-10-04T20:11:00-07:00,2026-10-05T03:11:00Z,2026-10-05T03:11:00Z,15461852,99 Broadway B-Line/To UBC Exchange,1,0,https://gtfs-static.translink.ca/gtfs/google_transit.zip
26SEP_20260925,20260907,20270103,2026-10-04,sunday,99,toward_ubc,arrival,12600,60358,UBC Exchange @ Unloading Only,2026-10-04T20:23:00-07:00,2026-10-04T20:23:00-07:00,2026-10-05T03:23:00Z,2026-10-05T03:23:00Z,15461875,99 Broadway B-Line/To UBC Exchange,1,0,https://gtfs-static.translink.ca/gtfs/google_transit.zip
26SEP_20260925,20260907,20270103,2026-10-04,sunday,99,toward_ubc,arrival,12600,60358,UBC Exchange @ Unloading Only,2026-10-04T20:37:00-07:00,2026-10-04T20:37:00-07:00,2026-10-05T03:37:00Z,2026-10-05T03:37:00Z,15461854,99 Broadway B-Line/To UBC Exchange,1,0,https://gtfs-static.translink.ca/gtfs/google_transit.zip
26SEP_20260925,20260907,20270103,2026-10-04,sunday,99,toward_ubc,arrival,12600,60358,UBC Exchange @ Unloading Only,2026-10-04T20:51:00-07:00,2026-10-04T20:51:00-07:00,2026-10-05T03:51:00Z,2026-10-05T03:51:00Z,15461855,99 Broadway B-Line/To UBC Exchange,1,0,https://gtfs-static.translink.ca/gtfs/google_transit.zip
26SEP_20260925,20260907,20270103,2026-10-04,sunday,99,toward_ubc,arrival,12600,60358,UBC Exchange @ Unloading Only,2026-10-04T21:05:00-07:00,2026-10-04T21:05:00-07:00,2026-10-05T04:05:00Z,2026-10-05T04:05:00Z,15461856,99 Broadway B-Line/To UBC Exchange,1,0,https://gtfs-static.translink.ca/gtfs/google_transit.zip
26SEP_20260925,20260907,20270103,2026-10-04,sunday,99,toward_ubc,arrival,12600,60358,UBC Exchange @ Unloading Only,2026-10-04T21:20:00-07:00,2026-10-04T21:20:00-07:00,2026-10-05T04:20:00Z,2026-10-05T04:20:00Z,15461857,99 Broadway B-Line/To UBC Exchange,1,0,https://gtfs-static.translink.ca/gtfs/google_transit.zip
26SEP_20260925,20260907,20270103,2026-10-04,sunday,99,toward_ubc,arrival,12600,60358,UBC Exchange @ Unloading Only,2026-10-04T21:36:00-07:00,2026-10-04T21:36:00-07:00,2026-10-05T04:36:00Z,2026-10-05T04:36:00Z,15461858,99 Broadway B-Line/To UBC Exchange,1,0,https://gtfs-static.translink.ca/gtfs/google_transit.zip
26SEP_20260925,20260907,20270103,2026-10-04,sunday,99,toward_ubc,arrival,12600,60358,UBC Exchange @ Unloading Only,2026-10-04T21:51:00-07:00,2026-10-04T21:51:00-07:00,2026-10-05T04:51:00Z,2026-10-05T04:51:00Z,15461859,99 Broadway B-Line/To UBC Exchange,1,0,https://gtfs-static.translink.ca/gtfs/google_transit.zip
26SEP_20260925,20260907,20270103,2026-10-04,sunday,99,toward_ubc,arrival,12600,60358,UBC Exchange @ Unloading Only,2026-10-04T22:08:00-07:00,2026-10-04T22:08:00-07:00,2026-10-05T05:08:00Z,2026-10-05T05:08:00Z,15461860,99 Broadway B-Line/To UBC Exchange,1,0,https://gtfs-static.translink.ca/gtfs/google_transit.zip
26SEP_20260925,20260907,20270103,2026-10-04,sunday,99,toward_ubc,arrival,12600,60358,UBC Exchange @ Unloading Only,2026-10-04T22:22:00-07:00,2026-10-04T22:22:00-07:00,2026-10-05T05:22:00Z,2026-10-05T05:22:00Z,15461861,99 Broadway B-Line/To UBC Exchange,1,0,https://gtfs-static.translink.ca/gtfs/google_transit.zip
26SEP_20260925,20260907,20270103,2026-10-04,sunday,99,toward_ubc,arrival,12600,60358,UBC Exchange @ Unloading Only,2026-10-04T22:37:00-07:00,2026-10-04T22:37:00-07:00,2026-10-05T05:37:00Z,2026-10-05T05:37:00Z,15461862,99 Broadway B-Line/To UBC Exchange,1,0,https://gtfs-static.translink.ca/gtfs/google_transit.zip
26SEP_20260925,20260907,20270103,2026-10-04,sunday,99,toward_ubc,arrival,12600,60358,UBC Exchange @ Unloading Only,2026-10-04T22:51:00-07:00,2026-10-04T22:51:00-07:00,2026-10-05T05:51:00Z,2026-10-05T05:51:00Z,15461863,99 Broadway B-Line/To UBC Exchange,1,0,https://gtfs-static.translink.ca/gtfs/google_transit.zip
26SEP_20260925,20260907,20270103,2026-10-04,sunday,99,toward_ubc,arrival,12600,60358,UBC Exchange @ Unloading Only,2026-10-04T23:04:00-07:00,2026-10-04T23:04:00-07:00,2026-10-05T06:04:00Z,2026-10-05T06:04:00Z,15461864,99 Broadway B-Line/To UBC Exchange,1,0,https://gtfs-static.translink.ca/gtfs/google_transit.zip
26SEP_20260925,20260907,20270103,2026-10-04,sunday,99,toward_ubc,arrival,12600,60358,UBC Exchange @ Unloading Only,2026-10-04T23:20:00-07:00,2026-10-04T23:20:00-07:00,2026-10-05T06:20:00Z,2026-10-05T06:20:00Z,15461865,99 Broadway B-Line/To UBC Exchange,1,0,https://gtfs-static.translink.ca/gtfs/google_transit.zip
26SEP_20260925,20260907,20270103,2026-10-04,sunday,99,toward_ubc,arrival,12600,60358,UBC Exchange @ Unloading Only,2026-10-04T23:35:00-07:00,2026-10-04T23:35:00-07:00,2026-10-05T06:35:00Z,2026-10-05T06:35:00Z,15461866,99 Broadway B-Line/To UBC Exchange,1,0,https://gtfs-static.translink.ca/gtfs/google_transit.zip
26SEP_20260925,20260907,20270103,2026-10-04,sunday,99,toward_ubc,arrival,12600,60358,UBC Exchange @ Unloading Only,2026-10-04T23:47:00-07:00,2026-10-04T23:47:00-07:00,2026-10-05T06:47:00Z,2026-10-05T06:47:00Z,15461867,99 Broadway B-Line/To UBC Exchange,1,0,https://gtfs-static.translink.ca/gtfs/google_transit.zip
26SEP_20260925,20260907,20270103,2026-10-04,sunday,99,toward_ubc,arrival,12600,60358,UBC Exchange @ Unloading Only,2026-10-05T00:02:00-07:00,2026-10-05T00:02:00-07:00,2026-10-05T07:02:00Z,2026-10-05T07:02:00Z,15461868,99 Broadway B-Line/To UBC Exchange,1,0,https://gtfs-static.translink.ca/gtfs/google_transit.zip
26SEP_20260925,20260907,20270103,2026-10-04,sunday,99,toward_ubc,arrival,12600,60358,UBC Exchange @ Unloading Only,2026-10-05T00:17:00-07:00,2026-10-05T00:17:00-07:00,2026-10-05T07:17:00Z,2026-10-05T07:17:00Z,15461869,99 Broadway B-Line/To UBC Exchange,1,0,https://gtfs-static.translink.ca/gtfs/google_transit.zip
26SEP_20260925,20260907,20270103,2026-10-04,sunday,99,toward_ubc,arrival,12600,60358,UBC Exchange @ Unloading Only,2026-10-05T00:32:00-07:00,2026-10-05T00:32:00-07:00,2026-10-05T07:32:00Z,2026-10-05T07:32:00Z,15461870,99 Broadway B-Line/To UBC Exchange,1,0,https://gtfs-static.translink.ca/gtfs/google_transit.zip
26SEP_20260925,20260907,20270103,2026-10-04,sunday,99,toward_ubc,arrival,12600,60358,UBC Exchange @ Unloading Only,2026-10-05T00:57:00-07:00,2026-10-05T00:57:00-07:00,2026-10-05T07:57:00Z,2026-10-05T07:57:00Z,15461871,99 Broadway B-Line/To UBC Exchange,1,0,https://gtfs-static.translink.ca/gtfs/google_transit.zip
26SEP_20260925,20260907,20270103,2026-10-04,sunday,99,toward_ubc,arrival,12600,60358,UBC Exchange @ Unloading Only,2026-10-05T01:28:00-07:00,2026-10-05T01:28:00-07:00,2026-10-05T08:28:00Z,2026-10-05T08:28:00Z,15461872,99 Broadway B-Line/To UBC Exchange,1,0,https://gtfs-static.translink.ca/gtfs/google_transit.zip
26SEP_20260925,20260907,20270103,2026-10-04,sunday,99,toward_ubc,arrival,12600,60358,UBC Exchange @ Unloading Only,2026-10-05T01:55:00-07:00,2026-10-05T01:55:00-07:00,2026-10-05T08:55:00Z,2026-10-05T08:55:00Z,15461873,99 Broadway B-Line/To UBC Exchange,1,0,https://gtfs-static.translink.ca/gtfs/google_transit.zip
26SEP_20260925,20260907,20270103,2026-10-04,sunday,99,toward_ubc,arrival,12600,60358,UBC Exchange @ Unloading Only,2026-10-05T02:24:00-07:00,2026-10-05T02:24:00-07:00,2026-10-05T09:24:00Z,2026-10-05T09:24:00Z,15461874,99 Broadway B-Line/To UBC Exchange,1,0,https://gtfs-static.translink.ca/gtfs/google_transit.zip
26SEP_20260925,20260907,20270103,2026-10-04,sunday,R4,away_from_ubc,departure,12361,60162,UBC Exchange @ Bay 4,2026-10-04T05:46:00-07:00,2026-10-04T05:46:00-07:00,2026-10-04T12:46:00Z,2026-10-04T12:46:00Z,15509657,R4 41st Avenue/To Joyce Station,0,0,https://gtfs-static.translink.ca/gtfs/google_transit.zip
26SEP_20260925,20260907,20270103,2026-10-04,sunday,R4,away_from_ubc,departure,12361,60162,UBC Exchange @ Bay 4,2026-10-04T06:01:00-07:00,2026-10-04T06:01:00-07:00,2026-10-04T13:01:00Z,2026-10-04T13:01:00Z,15509658,R4 41st Avenue/To Joyce Station,0,0,https://gtfs-static.translink.ca/gtfs/google_transit.zip
26SEP_20260925,20260907,20270103,2026-10-04,sunday,R4,away_from_ubc,departure,12361,60162,UBC Exchange @ Bay 4,2026-10-04T06:16:00-07:00,2026-10-04T06:16:00-07:00,2026-10-04T13:16:00Z,2026-10-04T13:16:00Z,15509659,R4 41st Avenue/To Joyce Station,0,0,https://gtfs-static.translink.ca/gtfs/google_transit.zip
26SEP_20260925,20260907,20270103,2026-10-04,sunday,R4,away_from_ubc,departure,12361,60162,UBC Exchange @ Bay 4,2026-10-04T06:31:00-07:00,2026-10-04T06:31:00-07:00,2026-10-04T13:31:00Z,2026-10-04T13:31:00Z,15509660,R4 41st Avenue/To Joyce Station,0,0,https://gtfs-static.translink.ca/gtfs/google_transit.zip
26SEP_20260925,20260907,20270103,2026-10-04,sunday,R4,away_from_ubc,departure,12361,60162,UBC Exchange @ Bay 4,2026-10-04T06:46:00-07:00,2026-10-04T06:46:00-07:00,2026-10-04T13:46:00Z,2026-10-04T13:46:00Z,15509661,R4 41st Avenue/To Joyce Station,0,0,https://gtfs-static.translink.ca/gtfs/google_transit.zip
26SEP_20260925,20260907,20270103,2026-10-04,sunday,R4,away_from_ubc,departure,12361,60162,UBC Exchange @ Bay 4,2026-10-04T07:00:00-07:00,2026-10-04T07:00:00-07:00,2026-10-04T14:00:00Z,2026-10-04T14:00:00Z,15509662,R4 41st Avenue/To Joyce Station,0,0,https://gtfs-static.translink.ca/gtfs/google_transit.zip
26SEP_20260925,20260907,20270103,2026-10-04,sunday,R4,away_from_ubc,departure,12361,60162,UBC Exchange @ Bay 4,2026-10-04T07:15:00-07:00,2026-10-04T07:15:00-07:00,2026-10-04T14:15:00Z,2026-10-04T14:15:00Z,15509663,R4 41st Avenue/To Joyce Station,0,0,https://gtfs-static.translink.ca/gtfs/google_transit.zip
26SEP_20260925,20260907,20270103,2026-10-04,sunday,R4,away_from_ubc,departure,12361,60162,UBC Exchange @ Bay 4,2026-10-04T07:30:00-07:00,2026-10-04T07:30:00-07:00,2026-10-04T14:30:00Z,2026-10-04T14:30:00Z,15509664,R4 41st Avenue/To Joyce Station,0,0,https://gtfs-static.translink.ca/gtfs/google_transit.zip
26SEP_20260925,20260907,20270103,2026-10-04,sunday,R4,away_from_ubc,departure,12361,60162,UBC Exchange @ Bay 4,2026-10-04T07:45:00-07:00,2026-10-04T07:45:00-07:00,2026-10-04T14:45:00Z,2026-10-04T14:45:00Z,15509665,R4 41st Avenue/To Joyce Station,0,0,https://gtfs-static.translink.ca/gtfs/google_transit.zip
26SEP_20260925,20260907,20270103,2026-10-04,sunday,R4,away_from_ubc,departure,12361,60162,UBC Exchange @ Bay 4,2026-10-04T08:02:00-07:00,2026-10-04T08:02:00-07:00,2026-10-04T15:02:00Z,2026-10-04T15:02:00Z,15509666,R4 41st Avenue/To Joyce Station,0,0,https://gtfs-static.translink.ca/gtfs/google_transit.zip
26SEP_20260925,20260907,20270103,2026-10-04,sunday,R4,away_from_ubc,departure,12361,60162,UBC Exchange @ Bay 4,2026-10-04T08:18:00-07:00,2026-10-04T08:18:00-07:00,2026-10-04T15:18:00Z,2026-10-04T15:18:00Z,15509667,R4 41st Avenue/To Joyce Station,0,0,https://gtfs-static.translink.ca/gtfs/google_transit.zip
26SEP_20260925,20260907,20270103,2026-10-04,sunday,R4,away_from_ubc,departure,12361,60162,UBC Exchange @ Bay 4,2026-10-04T08:33:00-07:00,2026-10-04T08:33:00-07:00,2026-10-04T15:33:00Z,2026-10-04T15:33:00Z,15509668,R4 41st Avenue/To Joyce Station,0,0,https://gtfs-static.translink.ca/gtfs/google_transit.zip
26SEP_20260925,20260907,20270103,2026-10-04,sunday,R4,away_from_ubc,departure,12361,60162,UBC Exchange @ Bay 4,2026-10-04T08:47:00-07:00,2026-10-04T08:47:00-07:00,2026-10-04T15:47:00Z,2026-10-04T15:47:00Z,15509669,R4 41st Avenue/To Joyce Station,0,0,https://gtfs-static.translink.ca/gtfs/google_transit.zip
26SEP_20260925,20260907,20270103,2026-10-04,sunday,R4,away_from_ubc,departure,12361,60162,UBC Exchange @ Bay 4,2026-10-04T09:03:00-07:00,2026-10-04T09:03:00-07:00,2026-10-04T16:03:00Z,2026-10-04T16:03:00Z,15509670,R4 41st Avenue/To Joyce Station,0,0,https://gtfs-static.translink.ca/gtfs/google_transit.zip
26SEP_20260925,20260907,20270103,2026-10-04,sunday,R4,away_from_ubc,departure,12361,60162,UBC Exchange @ Bay 4,2026-10-04T09:19:00-07:00,2026-10-04T09:19:00-07:00,2026-10-04T16:19:00Z,2026-10-04T16:19:00Z,15509671,R4 41st Avenue/To Joyce Station,0,0,https://gtfs-static.translink.ca/gtfs/google_transit.zip
26SEP_20260925,20260907,20270103,2026-10-04,sunday,R4,away_from_ubc,departure,12361,60162,UBC Exchange @ Bay 4,2026-10-04T09:34:00-07:00,2026-10-04T09:34:00-07:00,2026-10-04T16:34:00Z,2026-10-04T16:34:00Z,15509672,R4 41st Avenue/To Joyce Station,0,0,https://gtfs-static.translink.ca/gtfs/google_transit.zip
26SEP_20260925,20260907,20270103,2026-10-04,sunday,R4,away_from_ubc,departure,12361,60162,UBC Exchange @ Bay 4,2026-10-04T09:48:00-07:00,2026-10-04T09:48:00-07:00,2026-10-04T16:48:00Z,2026-10-04T16:48:00Z,15509673,R4 41st Avenue/To Joyce Station,0,0,https://gtfs-static.translink.ca/gtfs/google_transit.zip
26SEP_20260925,20260907,20270103,2026-10-04,sunday,R4,away_from_ubc,departure,12361,60162,UBC Exchange @ Bay 4,2026-10-04T10:03:00-07:00,2026-10-04T10:03:00-07:00,2026-10-04T17:03:00Z,2026-10-04T17:03:00Z,15509674,R4 41st Avenue/To Joyce Station,0,0,https://gtfs-static.translink.ca/gtfs/google_transit.zip
26SEP_20260925,20260907,20270103,2026-10-04,sunday,R4,away_from_ubc,departure,12361,60162,UBC Exchange @ Bay 4,2026-10-04T10:15:00-07:00,2026-10-04T10:15:00-07:00,2026-10-04T17:15:00Z,2026-10-04T17:15:00Z,15509675,R4 41st Avenue/To Joyce Station,0,0,https://gtfs-static.translink.ca/gtfs/google_transit.zip
26SEP_20260925,20260907,20270103,2026-10-04,sunday,R4,away_from_ubc,departure,12361,60162,UBC Exchange @ Bay 4,2026-10-04T10:27:00-07:00,2026-10-04T10:27:00-07:00,2026-10-04T17:27:00Z,2026-10-04T17:27:00Z,15509750,R4 41st Avenue/To Joyce Station,0,0,https://gtfs-static.translink.ca/gtfs/google_transit.zip
26SEP_20260925,20260907,20270103,2026-10-04,sunday,R4,away_from_ubc,departure,12361,60162,UBC Exchange @ Bay 4,2026-10-04T10:39:00-07:00,2026-10-04T10:39:00-07:00,2026-10-04T17:39:00Z,2026-10-04T17:39:00Z,15509676,R4 41st Avenue/To Joyce Station,0,0,https://gtfs-static.translink.ca/gtfs/google_transit.zip
26SEP_20260925,20260907,20270103,2026-10-04,sunday,R4,away_from_ubc,departure,12361,60162,UBC Exchange @ Bay 4,2026-10-04T10:51:00-07:00,2026-10-04T10:51:00-07:00,2026-10-04T17:51:00Z,2026-10-04T17:51:00Z,15509677,R4 41st Avenue/To Joyce Station,0,0,https://gtfs-static.translink.ca/gtfs/google_transit.zip
26SEP_20260925,20260907,20270103,2026-10-04,sunday,R4,away_from_ubc,departure,12361,60162,UBC Exchange @ Bay 4,2026-10-04T11:03:00-07:00,2026-10-04T11:03:00-07:00,2026-10-04T18:03:00Z,2026-10-04T18:03:00Z,15509678,R4 41st Avenue/To Joyce Station,0,0,https://gtfs-static.translink.ca/gtfs/google_transit.zip
26SEP_20260925,20260907,20270103,2026-10-04,sunday,R4,away_from_ubc,departure,12361,60162,UBC Exchange @ Bay 4,2026-10-04T11:16:00-07:00,2026-10-04T11:16:00-07:00,2026-10-04T18:16:00Z,2026-10-04T18:16:00Z,15509679,R4 41st Avenue/To Joyce Station,0,0,https://gtfs-static.translink.ca/gtfs/google_transit.zip
26SEP_20260925,20260907,20270103,2026-10-04,sunday,R4,away_from_ubc,departure,12361,60162,UBC Exchange @ Bay 4,2026-10-04T11:28:00-07:00,2026-10-04T11:28:00-07:00,2026-10-04T18:28:00Z,2026-10-04T18:28:00Z,15509680,R4 41st Avenue/To Joyce Station,0,0,https://gtfs-static.translink.ca/gtfs/google_transit.zip
26SEP_20260925,20260907,20270103,2026-10-04,sunday,R4,away_from_ubc,departure,12361,60162,UBC Exchange @ Bay 4,2026-10-04T11:40:00-07:00,2026-10-04T11:40:00-07:00,2026-10-04T18:40:00Z,2026-10-04T18:40:00Z,15509681,R4 41st Avenue/To Joyce Station,0,0,https://gtfs-static.translink.ca/gtfs/google_transit.zip
26SEP_20260925,20260907,20270103,2026-10-04,sunday,R4,away_from_ubc,departure,12361,60162,UBC Exchange @ Bay 4,2026-10-04T11:52:00-07:00,2026-10-04T11:52:00-07:00,2026-10-04T18:52:00Z,2026-10-04T18:52:00Z,15509682,R4 41st Avenue/To Joyce Station,0,0,https://gtfs-static.translink.ca/gtfs/google_transit.zip
26SEP_20260925,20260907,20270103,2026-10-04,sunday,R4,away_from_ubc,departure,12361,60162,UBC Exchange @ Bay 4,2026-10-04T12:04:00-07:00,2026-10-04T12:04:00-07:00,2026-10-04T19:04:00Z,2026-10-04T19:04:00Z,15509683,R4 41st Avenue/To Joyce Station,0,0,https://gtfs-static.translink.ca/gtfs/google_transit.zip
26SEP_20260925,20260907,20270103,2026-10-04,sunday,R4,away_from_ubc,departure,12361,60162,UBC Exchange @ Bay 4,2026-10-04T12:17:00-07:00,2026-10-04T12:17:00-07:00,2026-10-04T19:17:00Z,2026-10-04T19:17:00Z,15509684,R4 41st Avenue/To Joyce Station,0,0,https://gtfs-static.translink.ca/gtfs/google_transit.zip
26SEP_20260925,20260907,20270103,2026-10-04,sunday,R4,away_from_ubc,departure,12361,60162,UBC Exchange @ Bay 4,2026-10-04T12:30:00-07:00,2026-10-04T12:30:00-07:00,2026-10-04T19:30:00Z,2026-10-04T19:30:00Z,15509685,R4 41st Avenue/To Joyce Station,0,0,https://gtfs-static.translink.ca/gtfs/google_transit.zip
26SEP_20260925,20260907,20270103,2026-10-04,sunday,R4,away_from_ubc,departure,12361,60162,UBC Exchange @ Bay 4,2026-10-04T12:43:00-07:00,2026-10-04T12:43:00-07:00,2026-10-04T19:43:00Z,2026-10-04T19:43:00Z,15509686,R4 41st Avenue/To Joyce Station,0,0,https://gtfs-static.translink.ca/gtfs/google_transit.zip
26SEP_20260925,20260907,20270103,2026-10-04,sunday,R4,away_from_ubc,departure,12361,60162,UBC Exchange @ Bay 4,2026-10-04T12:55:00-07:00,2026-10-04T12:55:00-07:00,2026-10-04T19:55:00Z,2026-10-04T19:55:00Z,15509687,R4 41st Avenue/To Joyce Station,0,0,https://gtfs-static.translink.ca/gtfs/google_transit.zip
26SEP_20260925,20260907,20270103,2026-10-04,sunday,R4,away_from_ubc,departure,12361,60162,UBC Exchange @ Bay 4,2026-10-04T13:07:00-07:00,2026-10-04T13:07:00-07:00,2026-10-04T20:07:00Z,2026-10-04T20:07:00Z,15509688,R4 41st Avenue/To Joyce Station,0,0,https://gtfs-static.translink.ca/gtfs/google_transit.zip
26SEP_20260925,20260907,20270103,2026-10-04,sunday,R4,away_from_ubc,departure,12361,60162,UBC Exchange @ Bay 4,2026-10-04T13:19:00-07:00,2026-10-04T13:19:00-07:00,2026-10-04T20:19:00Z,2026-10-04T20:19:00Z,15509689,R4 41st Avenue/To Joyce Station,0,0,https://gtfs-static.translink.ca/gtfs/google_transit.zip
26SEP_20260925,20260907,20270103,2026-10-04,sunday,R4,away_from_ubc,departure,12361,60162,UBC Exchange @ Bay 4,2026-10-04T13:31:00-07:00,2026-10-04T13:31:00-07:00,2026-10-04T20:31:00Z,2026-10-04T20:31:00Z,15509690,R4 41st Avenue/To Joyce Station,0,0,https://gtfs-static.translink.ca/gtfs/google_transit.zip
26SEP_20260925,20260907,20270103,2026-10-04,sunday,R4,away_from_ubc,departure,12361,60162,UBC Exchange @ Bay 4,2026-10-04T13:43:00-07:00,2026-10-04T13:43:00-07:00,2026-10-04T20:43:00Z,2026-10-04T20:43:00Z,15509691,R4 41st Avenue/To Joyce Station,0,0,https://gtfs-static.translink.ca/gtfs/google_transit.zip
26SEP_20260925,20260907,20270103,2026-10-04,sunday,R4,away_from_ubc,departure,12361,60162,UBC Exchange @ Bay 4,2026-10-04T13:55:00-07:00,2026-10-04T13:55:00-07:00,2026-10-04T20:55:00Z,2026-10-04T20:55:00Z,15509692,R4 41st Avenue/To Joyce Station,0,0,https://gtfs-static.translink.ca/gtfs/google_transit.zip
26SEP_20260925,20260907,20270103,2026-10-04,sunday,R4,away_from_ubc,departure,12361,60162,UBC Exchange @ Bay 4,2026-10-04T14:05:00-07:00,2026-10-04T14:05:00-07:00,2026-10-04T21:05:00Z,2026-10-04T21:05:00Z,15509693,R4 41st Avenue/To Joyce Station,0,0,https://gtfs-static.translink.ca/gtfs/google_transit.zip
26SEP_20260925,20260907,20270103,2026-10-04,sunday,R4,away_from_ubc,departure,12361,60162,UBC Exchange @ Bay 4,2026-10-04T14:15:00-07:00,2026-10-04T14:15:00-07:00,2026-10-04T21:15:00Z,2026-10-04T21:15:00Z,15509694,R4 41st Avenue/To Joyce Station,0,0,https://gtfs-static.translink.ca/gtfs/google_transit.zip
26SEP_20260925,20260907,20270103,2026-10-04,sunday,R4,away_from_ubc,departure,12361,60162,UBC Exchange @ Bay 4,2026-10-04T14:25:00-07:00,2026-10-04T14:25:00-07:00,2026-10-04T21:25:00Z,2026-10-04T21:25:00Z,15509695,R4 41st Avenue/To Joyce Station,0,0,https://gtfs-static.translink.ca/gtfs/google_transit.zip
26SEP_20260925,20260907,20270103,2026-10-04,sunday,R4,away_from_ubc,departure,12361,60162,UBC Exchange @ Bay 4,2026-10-04T14:35:00-07:00,2026-10-04T14:35:00-07:00,2026-10-04T21:35:00Z,2026-10-04T21:35:00Z,15509743,R4 41st Avenue/To Joyce Station,0,0,https://gtfs-static.translink.ca/gtfs/google_transit.zip
26SEP_20260925,20260907,20270103,2026-10-04,sunday,R4,away_from_ubc,departure,12361,60162,UBC Exchange @ Bay 4,2026-10-04T14:45:00-07:00,2026-10-04T14:45:00-07:00,2026-10-04T21:45:00Z,2026-10-04T21:45:00Z,15509696,R4 41st Avenue/To Joyce Station,0,0,https://gtfs-static.translink.ca/gtfs/google_transit.zip
26SEP_20260925,20260907,20270103,2026-10-04,sunday,R4,away_from_ubc,departure,12361,60162,UBC Exchange @ Bay 4,2026-10-04T14:55:00-07:00,2026-10-04T14:55:00-07:00,2026-10-04T21:55:00Z,2026-10-04T21:55:00Z,15509697,R4 41st Avenue/To Joyce Station,0,0,https://gtfs-static.translink.ca/gtfs/google_transit.zip
26SEP_20260925,20260907,20270103,2026-10-04,sunday,R4,away_from_ubc,departure,12361,60162,UBC Exchange @ Bay 4,2026-10-04T15:05:00-07:00,2026-10-04T15:05:00-07:00,2026-10-04T22:05:00Z,2026-10-04T22:05:00Z,15509698,R4 41st Avenue/To Joyce Station,0,0,https://gtfs-static.translink.ca/gtfs/google_transit.zip
26SEP_20260925,20260907,20270103,2026-10-04,sunday,R4,away_from_ubc,departure,12361,60162,UBC Exchange @ Bay 4,2026-10-04T15:15:00-07:00,2026-10-04T15:15:00-07:00,2026-10-04T22:15:00Z,2026-10-04T22:15:00Z,15509699,R4 41st Avenue/To Joyce Station,0,0,https://gtfs-static.translink.ca/gtfs/google_transit.zip
26SEP_20260925,20260907,20270103,2026-10-04,sunday,R4,away_from_ubc,departure,12361,60162,UBC Exchange @ Bay 4,2026-10-04T15:25:00-07:00,2026-10-04T15:25:00-07:00,2026-10-04T22:25:00Z,2026-10-04T22:25:00Z,15509700,R4 41st Avenue/To Joyce Station,0,0,https://gtfs-static.translink.ca/gtfs/google_transit.zip
26SEP_20260925,20260907,20270103,2026-10-04,sunday,R4,away_from_ubc,departure,12361,60162,UBC Exchange @ Bay 4,2026-10-04T15:35:00-07:00,2026-10-04T15:35:00-07:00,2026-10-04T22:35:00Z,2026-10-04T22:35:00Z,15509744,R4 41st Avenue/To Joyce Station,0,0,https://gtfs-static.translink.ca/gtfs/google_transit.zip
26SEP_20260925,20260907,20270103,2026-10-04,sunday,R4,away_from_ubc,departure,12361,60162,UBC Exchange @ Bay 4,2026-10-04T15:45:00-07:00,2026-10-04T15:45:00-07:00,2026-10-04T22:45:00Z,2026-10-04T22:45:00Z,15509701,R4 41st Avenue/To Joyce Station,0,0,https://gtfs-static.translink.ca/gtfs/google_transit.zip
26SEP_20260925,20260907,20270103,2026-10-04,sunday,R4,away_from_ubc,departure,12361,60162,UBC Exchange @ Bay 4,2026-10-04T15:55:00-07:00,2026-10-04T15:55:00-07:00,2026-10-04T22:55:00Z,2026-10-04T22:55:00Z,15509702,R4 41st Avenue/To Joyce Station,0,0,https://gtfs-static.translink.ca/gtfs/google_transit.zip
26SEP_20260925,20260907,20270103,2026-10-04,sunday,R4,away_from_ubc,departure,12361,60162,UBC Exchange @ Bay 4,2026-10-04T16:05:00-07:00,2026-10-04T16:05:00-07:00,2026-10-04T23:05:00Z,2026-10-04T23:05:00Z,15509703,R4 41st Avenue/To Joyce Station,0,0,https://gtfs-static.translink.ca/gtfs/google_transit.zip
26SEP_20260925,20260907,20270103,2026-10-04,sunday,R4,away_from_ubc,departure,12361,60162,UBC Exchange @ Bay 4,2026-10-04T16:15:00-07:00,2026-10-04T16:15:00-07:00,2026-10-04T23:15:00Z,2026-10-04T23:15:00Z,15509704,R4 41st Avenue/To Joyce Station,0,0,https://gtfs-static.translink.ca/gtfs/google_transit.zip
26SEP_20260925,20260907,20270103,2026-10-04,sunday,R4,away_from_ubc,departure,12361,60162,UBC Exchange @ Bay 4,2026-10-04T16:25:00-07:00,2026-10-04T16:25:00-07:00,2026-10-04T23:25:00Z,2026-10-04T23:25:00Z,15509705,R4 41st Avenue/To Joyce Station,0,0,https://gtfs-static.translink.ca/gtfs/google_transit.zip
26SEP_20260925,20260907,20270103,2026-10-04,sunday,R4,away_from_ubc,departure,12361,60162,UBC Exchange @ Bay 4,2026-10-04T16:35:00-07:00,2026-10-04T16:35:00-07:00,2026-10-04T23:35:00Z,2026-10-04T23:35:00Z,15509745,R4 41st Avenue/To Joyce Station,0,0,https://gtfs-static.translink.ca/gtfs/google_transit.zip
26SEP_20260925,20260907,20270103,2026-10-04,sunday,R4,away_from_ubc,departure,12361,60162,UBC Exchange @ Bay 4,2026-10-04T16:45:00-07:00,2026-10-04T16:45:00-07:00,2026-10-04T23:45:00Z,2026-10-04T23:45:00Z,15509706,R4 41st Avenue/To Joyce Station,0,0,https://gtfs-static.translink.ca/gtfs/google_transit.zip
26SEP_20260925,20260907,20270103,2026-10-04,sunday,R4,away_from_ubc,departure,12361,60162,UBC Exchange @ Bay 4,2026-10-04T16:55:00-07:00,2026-10-04T16:55:00-07:00,2026-10-04T23:55:00Z,2026-10-04T23:55:00Z,15509707,R4 41st Avenue/To Joyce Station,0,0,https://gtfs-static.translink.ca/gtfs/google_transit.zip
26SEP_20260925,20260907,20270103,2026-10-04,sunday,R4,away_from_ubc,departure,12361,60162,UBC Exchange @ Bay 4,2026-10-04T17:05:00-07:00,2026-10-04T17:05:00-07:00,2026-10-05T00:05:00Z,2026-10-05T00:05:00Z,15509708,R4 41st Avenue/To Joyce Station,0,0,https://gtfs-static.translink.ca/gtfs/google_transit.zip
26SEP_20260925,20260907,20270103,2026-10-04,sunday,R4,away_from_ubc,departure,12361,60162,UBC Exchange @ Bay 4,2026-10-04T17:15:00-07:00,2026-10-04T17:15:00-07:00,2026-10-05T00:15:00Z,2026-10-05T00:15:00Z,15509709,R4 41st Avenue/To Joyce Station,0,0,https://gtfs-static.translink.ca/gtfs/google_transit.zip
26SEP_20260925,20260907,20270103,2026-10-04,sunday,R4,away_from_ubc,departure,12361,60162,UBC Exchange @ Bay 4,2026-10-04T17:25:00-07:00,2026-10-04T17:25:00-07:00,2026-10-05T00:25:00Z,2026-10-05T00:25:00Z,15509710,R4 41st Avenue/To Joyce Station,0,0,https://gtfs-static.translink.ca/gtfs/google_transit.zip
26SEP_20260925,20260907,20270103,2026-10-04,sunday,R4,away_from_ubc,departure,12361,60162,UBC Exchange @ Bay 4,2026-10-04T17:34:00-07:00,2026-10-04T17:34:00-07:00,2026-10-05T00:34:00Z,2026-10-05T00:34:00Z,15509711,R4 41st Avenue/To Joyce Station,0,0,https://gtfs-static.translink.ca/gtfs/google_transit.zip
26SEP_20260925,20260907,20270103,2026-10-04,sunday,R4,away_from_ubc,departure,12361,60162,UBC Exchange @ Bay 4,2026-10-04T17:43:00-07:00,2026-10-04T17:43:00-07:00,2026-10-05T00:43:00Z,2026-10-05T00:43:00Z,15509746,R4 41st Avenue/To Joyce Station,0,0,https://gtfs-static.translink.ca/gtfs/google_transit.zip
26SEP_20260925,20260907,20270103,2026-10-04,sunday,R4,away_from_ubc,departure,12361,60162,UBC Exchange @ Bay 4,2026-10-04T17:53:00-07:00,2026-10-04T17:53:00-07:00,2026-10-05T00:53:00Z,2026-10-05T00:53:00Z,15509712,R4 41st Avenue/To Joyce Station,0,0,https://gtfs-static.translink.ca/gtfs/google_transit.zip
26SEP_20260925,20260907,20270103,2026-10-04,sunday,R4,away_from_ubc,departure,12361,60162,UBC Exchange @ Bay 4,2026-10-04T18:03:00-07:00,2026-10-04T18:03:00-07:00,2026-10-05T01:03:00Z,2026-10-05T01:03:00Z,15509713,R4 41st Avenue/To Joyce Station,0,0,https://gtfs-static.translink.ca/gtfs/google_transit.zip
26SEP_20260925,20260907,20270103,2026-10-04,sunday,R4,away_from_ubc,departure,12361,60162,UBC Exchange @ Bay 4,2026-10-04T18:13:00-07:00,2026-10-04T18:13:00-07:00,2026-10-05T01:13:00Z,2026-10-05T01:13:00Z,15509714,R4 41st Avenue/To Joyce Station,0,0,https://gtfs-static.translink.ca/gtfs/google_transit.zip
26SEP_20260925,20260907,20270103,2026-10-04,sunday,R4,away_from_ubc,departure,12361,60162,UBC Exchange @ Bay 4,2026-10-04T18:23:00-07:00,2026-10-04T18:23:00-07:00,2026-10-05T01:23:00Z,2026-10-05T01:23:00Z,15509715,R4 41st Avenue/To Joyce Station,0,0,https://gtfs-static.translink.ca/gtfs/google_transit.zip
26SEP_20260925,20260907,20270103,2026-10-04,sunday,R4,away_from_ubc,departure,12361,60162,UBC Exchange @ Bay 4,2026-10-04T18:33:00-07:00,2026-10-04T18:33:00-07:00,2026-10-05T01:33:00Z,2026-10-05T01:33:00Z,15509716,R4 41st Avenue/To Joyce Station,0,0,https://gtfs-static.translink.ca/gtfs/google_transit.zip
26SEP_20260925,20260907,20270103,2026-10-04,sunday,R4,away_from_ubc,departure,12361,60162,UBC Exchange @ Bay 4,2026-10-04T18:43:00-07:00,2026-10-04T18:43:00-07:00,2026-10-05T01:43:00Z,2026-10-05T01:43:00Z,15509747,R4 41st Avenue/To Joyce Station,0,0,https://gtfs-static.translink.ca/gtfs/google_transit.zip
26SEP_20260925,20260907,20270103,2026-10-04,sunday,R4,away_from_ubc,departure,12361,60162,UBC Exchange @ Bay 4,2026-10-04T18:55:00-07:00,2026-10-04T18:55:00-07:00,2026-10-05T01:55:00Z,2026-10-05T01:55:00Z,15509717,R4 41st Avenue/To Joyce Station,0,0,https://gtfs-static.translink.ca/gtfs/google_transit.zip
26SEP_20260925,20260907,20270103,2026-10-04,sunday,R4,away_from_ubc,departure,12361,60162,UBC Exchange @ Bay 4,2026-10-04T19:07:00-07:00,2026-10-04T19:07:00-07:00,2026-10-05T02:07:00Z,2026-10-05T02:07:00Z,15509718,R4 41st Avenue/To Joyce Station,0,0,https://gtfs-static.translink.ca/gtfs/google_transit.zip
26SEP_20260925,20260907,20270103,2026-10-04,sunday,R4,away_from_ubc,departure,12361,60162,UBC Exchange @ Bay 4,2026-10-04T19:18:00-07:00,2026-10-04T19:18:00-07:00,2026-10-05T02:18:00Z,2026-10-05T02:18:00Z,15509719,R4 41st Avenue/To Joyce Station,0,0,https://gtfs-static.translink.ca/gtfs/google_transit.zip
26SEP_20260925,20260907,20270103,2026-10-04,sunday,R4,away_from_ubc,departure,12361,60162,UBC Exchange @ Bay 4,2026-10-04T19:30:00-07:00,2026-10-04T19:30:00-07:00,2026-10-05T02:30:00Z,2026-10-05T02:30:00Z,15509720,R4 41st Avenue/To Joyce Station,0,0,https://gtfs-static.translink.ca/gtfs/google_transit.zip
26SEP_20260925,20260907,20270103,2026-10-04,sunday,R4,away_from_ubc,departure,12361,60162,UBC Exchange @ Bay 4,2026-10-04T19:42:00-07:00,2026-10-04T19:42:00-07:00,2026-10-05T02:42:00Z,2026-10-05T02:42:00Z,15509721,R4 41st Avenue/To Joyce Station,0,0,https://gtfs-static.translink.ca/gtfs/google_transit.zip
26SEP_20260925,20260907,20270103,2026-10-04,sunday,R4,away_from_ubc,departure,12361,60162,UBC Exchange @ Bay 4,2026-10-04T19:54:00-07:00,2026-10-04T19:54:00-07:00,2026-10-05T02:54:00Z,2026-10-05T02:54:00Z,15509748,R4 41st Avenue/To Joyce Station,0,0,https://gtfs-static.translink.ca/gtfs/google_transit.zip
26SEP_20260925,20260907,20270103,2026-10-04,sunday,R4,away_from_ubc,departure,12361,60162,UBC Exchange @ Bay 4,2026-10-04T20:06:00-07:00,2026-10-04T20:06:00-07:00,2026-10-05T03:06:00Z,2026-10-05T03:06:00Z,15509722,R4 41st Avenue/To Joyce Station,0,0,https://gtfs-static.translink.ca/gtfs/google_transit.zip
26SEP_20260925,20260907,20270103,2026-10-04,sunday,R4,away_from_ubc,departure,12361,60162,UBC Exchange @ Bay 4,2026-10-04T20:18:00-07:00,2026-10-04T20:18:00-07:00,2026-10-05T03:18:00Z,2026-10-05T03:18:00Z,15509723,R4 41st Avenue/To Joyce Station,0,0,https://gtfs-static.translink.ca/gtfs/google_transit.zip
26SEP_20260925,20260907,20270103,2026-10-04,sunday,R4,away_from_ubc,departure,12361,60162,UBC Exchange @ Bay 4,2026-10-04T20:30:00-07:00,2026-10-04T20:30:00-07:00,2026-10-05T03:30:00Z,2026-10-05T03:30:00Z,15509724,R4 41st Avenue/To Joyce Station,0,0,https://gtfs-static.translink.ca/gtfs/google_transit.zip
26SEP_20260925,20260907,20270103,2026-10-04,sunday,R4,away_from_ubc,departure,12361,60162,UBC Exchange @ Bay 4,2026-10-04T20:42:00-07:00,2026-10-04T20:42:00-07:00,2026-10-05T03:42:00Z,2026-10-05T03:42:00Z,15509725,R4 41st Avenue/To Joyce Station,0,0,https://gtfs-static.translink.ca/gtfs/google_transit.zip
26SEP_20260925,20260907,20270103,2026-10-04,sunday,R4,away_from_ubc,departure,12361,60162,UBC Exchange @ Bay 4,2026-10-04T20:55:00-07:00,2026-10-04T20:55:00-07:00,2026-10-05T03:55:00Z,2026-10-05T03:55:00Z,15509749,R4 41st Avenue/To Joyce Station,0,0,https://gtfs-static.translink.ca/gtfs/google_transit.zip
26SEP_20260925,20260907,20270103,2026-10-04,sunday,R4,away_from_ubc,departure,12361,60162,UBC Exchange @ Bay 4,2026-10-04T21:08:00-07:00,2026-10-04T21:08:00-07:00,2026-10-05T04:08:00Z,2026-10-05T04:08:00Z,15509726,R4 41st Avenue/To Joyce Station,0,0,https://gtfs-static.translink.ca/gtfs/google_transit.zip
26SEP_20260925,20260907,20270103,2026-10-04,sunday,R4,away_from_ubc,departure,12361,60162,UBC Exchange @ Bay 4,2026-10-04T21:21:00-07:00,2026-10-04T21:21:00-07:00,2026-10-05T04:21:00Z,2026-10-05T04:21:00Z,15509727,R4 41st Avenue/To Joyce Station,0,0,https://gtfs-static.translink.ca/gtfs/google_transit.zip
26SEP_20260925,20260907,20270103,2026-10-04,sunday,R4,away_from_ubc,departure,12361,60162,UBC Exchange @ Bay 4,2026-10-04T21:33:00-07:00,2026-10-04T21:33:00-07:00,2026-10-05T04:33:00Z,2026-10-05T04:33:00Z,15509728,R4 41st Avenue/To Joyce Station,0,0,https://gtfs-static.translink.ca/gtfs/google_transit.zip
26SEP_20260925,20260907,20270103,2026-10-04,sunday,R4,away_from_ubc,departure,12361,60162,UBC Exchange @ Bay 4,2026-10-04T21:48:00-07:00,2026-10-04T21:48:00-07:00,2026-10-05T04:48:00Z,2026-10-05T04:48:00Z,15509729,R4 41st Avenue/To Joyce Station,0,0,https://gtfs-static.translink.ca/gtfs/google_transit.zip
26SEP_20260925,20260907,20270103,2026-10-04,sunday,R4,away_from_ubc,departure,12361,60162,UBC Exchange @ Bay 4,2026-10-04T22:03:00-07:00,2026-10-04T22:03:00-07:00,2026-10-05T05:03:00Z,2026-10-05T05:03:00Z,15509730,R4 41st Avenue/To Joyce Station,0,0,https://gtfs-static.translink.ca/gtfs/google_transit.zip
26SEP_20260925,20260907,20270103,2026-10-04,sunday,R4,away_from_ubc,departure,12361,60162,UBC Exchange @ Bay 4,2026-10-04T22:18:00-07:00,2026-10-04T22:18:00-07:00,2026-10-05T05:18:00Z,2026-10-05T05:18:00Z,15509731,R4 41st Avenue/To Joyce Station,0,0,https://gtfs-static.translink.ca/gtfs/google_transit.zip
26SEP_20260925,20260907,20270103,2026-10-04,sunday,R4,away_from_ubc,departure,12361,60162,UBC Exchange @ Bay 4,2026-10-04T22:33:00-07:00,2026-10-04T22:33:00-07:00,2026-10-05T05:33:00Z,2026-10-05T05:33:00Z,15509732,R4 41st Avenue/To Joyce Station,0,0,https://gtfs-static.translink.ca/gtfs/google_transit.zip
26SEP_20260925,20260907,20270103,2026-10-04,sunday,R4,away_from_ubc,departure,12361,60162,UBC Exchange @ Bay 4,2026-10-04T22:48:00-07:00,2026-10-04T22:48:00-07:00,2026-10-05T05:48:00Z,2026-10-05T05:48:00Z,15509733,R4 41st Avenue/To Joyce Station,0,0,https://gtfs-static.translink.ca/gtfs/google_transit.zip
26SEP_20260925,20260907,20270103,2026-10-04,sunday,R4,away_from_ubc,departure,12361,60162,UBC Exchange @ Bay 4,2026-10-04T23:03:00-07:00,2026-10-04T23:03:00-07:00,2026-10-05T06:03:00Z,2026-10-05T06:03:00Z,15509734,R4 41st Avenue/To Joyce Station,0,0,https://gtfs-static.translink.ca/gtfs/google_transit.zip
26SEP_20260925,20260907,20270103,2026-10-04,sunday,R4,away_from_ubc,departure,12361,60162,UBC Exchange @ Bay 4,2026-10-04T23:18:00-07:00,2026-10-04T23:18:00-07:00,2026-10-05T06:18:00Z,2026-10-05T06:18:00Z,15509735,R4 41st Avenue/To Joyce Station,0,0,https://gtfs-static.translink.ca/gtfs/google_transit.zip
26SEP_20260925,20260907,20270103,2026-10-04,sunday,R4,away_from_ubc,departure,12361,60162,UBC Exchange @ Bay 4,2026-10-04T23:34:00-07:00,2026-10-04T23:34:00-07:00,2026-10-05T06:34:00Z,2026-10-05T06:34:00Z,15509736,R4 41st Avenue/To Joyce Station,0,0,https://gtfs-static.translink.ca/gtfs/google_transit.zip
26SEP_20260925,20260907,20270103,2026-10-04,sunday,R4,away_from_ubc,departure,12361,60162,UBC Exchange @ Bay 4,2026-10-04T23:49:00-07:00,2026-10-04T23:49:00-07:00,2026-10-05T06:49:00Z,2026-10-05T06:49:00Z,15509737,R4 41st Avenue/To Joyce Station,0,0,https://gtfs-static.translink.ca/gtfs/google_transit.zip
26SEP_20260925,20260907,20270103,2026-10-04,sunday,R4,away_from_ubc,departure,12361,60162,UBC Exchange @ Bay 4,2026-10-05T00:04:00-07:00,2026-10-05T00:04:00-07:00,2026-10-05T07:04:00Z,2026-10-05T07:04:00Z,15509738,R4 41st Avenue/To Joyce Station,0,0,https://gtfs-static.translink.ca/gtfs/google_transit.zip
26SEP_20260925,20260907,20270103,2026-10-04,sunday,R4,away_from_ubc,departure,12361,60162,UBC Exchange @ Bay 4,2026-10-05T00:19:00-07:00,2026-10-05T00:19:00-07:00,2026-10-05T07:19:00Z,2026-10-05T07:19:00Z,15509739,R4 41st Avenue/To Joyce Station,0,0,https://gtfs-static.translink.ca/gtfs/google_transit.zip
26SEP_20260925,20260907,20270103,2026-10-04,sunday,R4,away_from_ubc,departure,12361,60162,UBC Exchange @ Bay 4,2026-10-05T00:35:00-07:00,2026-10-05T00:35:00-07:00,2026-10-05T07:35:00Z,2026-10-05T07:35:00Z,15509740,R4 41st Avenue/To Joyce Station,0,0,https://gtfs-static.translink.ca/gtfs/google_transit.zip
26SEP_20260925,20260907,20270103,2026-10-04,sunday,R4,away_from_ubc,departure,12361,60162,UBC Exchange @ Bay 4,2026-10-05T00:49:00-07:00,2026-10-05T00:49:00-07:00,2026-10-05T07:49:00Z,2026-10-05T07:49:00Z,15509741,R4 41st Avenue/To Joyce Station,0,0,https://gtfs-static.translink.ca/gtfs/google_transit.zip
26SEP_20260925,20260907,20270103,2026-10-04,sunday,R4,away_from_ubc,departure,12361,60162,UBC Exchange @ Bay 4,2026-10-05T01:04:00-07:00,2026-10-05T01:04:00-07:00,2026-10-05T08:04:00Z,2026-10-05T08:04:00Z,15509742,R4 41st Avenue/To Joyce Station,0,0,https://gtfs-static.translink.ca/gtfs/google_transit.zip
26SEP_20260925,20260907,20270103,2026-10-04,sunday,R4,toward_ubc,arrival,12600,60358,UBC Exchange @ Unloading Only,2026-10-04T05:33:00-07:00,2026-10-04T05:33:00-07:00,2026-10-04T12:33:00Z,2026-10-04T12:33:00Z,15509751,R4 41st Avenue/To UBC Exchange,1,0,https://gtfs-static.translink.ca/gtfs/google_transit.zip
26SEP_20260925,20260907,20270103,2026-10-04,sunday,R4,toward_ubc,arrival,12600,60358,UBC Exchange @ Unloading Only,2026-10-04T05:48:00-07:00,2026-10-04T05:48:00-07:00,2026-10-04T12:48:00Z,2026-10-04T12:48:00Z,15509752,R4 41st Avenue/To UBC Exchange,1,0,https://gtfs-static.translink.ca/gtfs/google_transit.zip
26SEP_20260925,20260907,20270103,2026-10-04,sunday,R4,toward_ubc,arrival,12600,60358,UBC Exchange @ Unloading Only,2026-10-04T06:03:00-07:00,2026-10-04T06:03:00-07:00,2026-10-04T13:03:00Z,2026-10-04T13:03:00Z,15509753,R4 41st Avenue/To UBC Exchange,1,0,https://gtfs-static.translink.ca/gtfs/google_transit.zip
26SEP_20260925,20260907,20270103,2026-10-04,sunday,R4,toward_ubc,arrival,12600,60358,UBC Exchange @ Unloading Only,2026-10-04T06:20:00-07:00,2026-10-04T06:20:00-07:00,2026-10-04T13:20:00Z,2026-10-04T13:20:00Z,15509754,R4 41st Avenue/To UBC Exchange,1,0,https://gtfs-static.translink.ca/gtfs/google_transit.zip
26SEP_20260925,20260907,20270103,2026-10-04,sunday,R4,toward_ubc,arrival,12600,60358,UBC Exchange @ Unloading Only,2026-10-04T06:35:00-07:00,2026-10-04T06:35:00-07:00,2026-10-04T13:35:00Z,2026-10-04T13:35:00Z,15509755,R4 41st Avenue/To UBC Exchange,1,0,https://gtfs-static.translink.ca/gtfs/google_transit.zip
26SEP_20260925,20260907,20270103,2026-10-04,sunday,R4,toward_ubc,arrival,12600,60358,UBC Exchange @ Unloading Only,2026-10-04T06:50:00-07:00,2026-10-04T06:50:00-07:00,2026-10-04T13:50:00Z,2026-10-04T13:50:00Z,15509756,R4 41st Avenue/To UBC Exchange,1,0,https://gtfs-static.translink.ca/gtfs/google_transit.zip
26SEP_20260925,20260907,20270103,2026-10-04,sunday,R4,toward_ubc,arrival,12600,60358,UBC Exchange @ Unloading Only,2026-10-04T07:05:00-07:00,2026-10-04T07:05:00-07:00,2026-10-04T14:05:00Z,2026-10-04T14:05:00Z,15509757,R4 41st Avenue/To UBC Exchange,1,0,https://gtfs-static.translink.ca/gtfs/google_transit.zip
26SEP_20260925,20260907,20270103,2026-10-04,sunday,R4,toward_ubc,arrival,12600,60358,UBC Exchange @ Unloading Only,2026-10-04T07:21:00-07:00,2026-10-04T07:21:00-07:00,2026-10-04T14:21:00Z,2026-10-04T14:21:00Z,15509758,R4 41st Avenue/To UBC Exchange,1,0,https://gtfs-static.translink.ca/gtfs/google_transit.zip
26SEP_20260925,20260907,20270103,2026-10-04,sunday,R4,toward_ubc,arrival,12600,60358,UBC Exchange @ Unloading Only,2026-10-04T07:36:00-07:00,2026-10-04T07:36:00-07:00,2026-10-04T14:36:00Z,2026-10-04T14:36:00Z,15509759,R4 41st Avenue/To UBC Exchange,1,0,https://gtfs-static.translink.ca/gtfs/google_transit.zip
26SEP_20260925,20260907,20270103,2026-10-04,sunday,R4,toward_ubc,arrival,12600,60358,UBC Exchange @ Unloading Only,2026-10-04T07:51:00-07:00,2026-10-04T07:51:00-07:00,2026-10-04T14:51:00Z,2026-10-04T14:51:00Z,15509760,R4 41st Avenue/To UBC Exchange,1,0,https://gtfs-static.translink.ca/gtfs/google_transit.zip
26SEP_20260925,20260907,20270103,2026-10-04,sunday,R4,toward_ubc,arrival,12600,60358,UBC Exchange @ Unloading Only,2026-10-04T08:07:00-07:00,2026-10-04T08:07:00-07:00,2026-10-04T15:07:00Z,2026-10-04T15:07:00Z,15509761,R4 41st Avenue/To UBC Exchange,1,0,https://gtfs-static.translink.ca/gtfs/google_transit.zip
26SEP_20260925,20260907,20270103,2026-10-04,sunday,R4,toward_ubc,arrival,12600,60358,UBC Exchange @ Unloading Only,2026-10-04T08:22:00-07:00,2026-10-04T08:22:00-07:00,2026-10-04T15:22:00Z,2026-10-04T15:22:00Z,15509762,R4 41st Avenue/To UBC Exchange,1,0,https://gtfs-static.translink.ca/gtfs/google_transit.zip
26SEP_20260925,20260907,20270103,2026-10-04,sunday,R4,toward_ubc,arrival,12600,60358,UBC Exchange @ Unloading Only,2026-10-04T08:37:00-07:00,2026-10-04T08:37:00-07:00,2026-10-04T15:37:00Z,2026-10-04T15:37:00Z,15509839,R4 41st Avenue/To UBC Exchange,1,0,https://gtfs-static.translink.ca/gtfs/google_transit.zip
26SEP_20260925,20260907,20270103,2026-10-04,sunday,R4,toward_ubc,arrival,12600,60358,UBC Exchange @ Unloading Only,2026-10-04T08:53:00-07:00,2026-10-04T08:53:00-07:00,2026-10-04T15:53:00Z,2026-10-04T15:53:00Z,15509763,R4 41st Avenue/To UBC Exchange,1,0,https://gtfs-static.translink.ca/gtfs/google_transit.zip
26SEP_20260925,20260907,20270103,2026-10-04,sunday,R4,toward_ubc,arrival,12600,60358,UBC Exchange @ Unloading Only,2026-10-04T09:09:00-07:00,2026-10-04T09:09:00-07:00,2026-10-04T16:09:00Z,2026-10-04T16:09:00Z,15509764,R4 41st Avenue/To UBC Exchange,1,0,https://gtfs-static.translink.ca/gtfs/google_transit.zip
26SEP_20260925,20260907,20270103,2026-10-04,sunday,R4,toward_ubc,arrival,12600,60358,UBC Exchange @ Unloading Only,2026-10-04T09:24:00-07:00,2026-10-04T09:24:00-07:00,2026-10-04T16:24:00Z,2026-10-04T16:24:00Z,15509765,R4 41st Avenue/To UBC Exchange,1,0,https://gtfs-static.translink.ca/gtfs/google_transit.zip
26SEP_20260925,20260907,20270103,2026-10-04,sunday,R4,toward_ubc,arrival,12600,60358,UBC Exchange @ Unloading Only,2026-10-04T09:37:00-07:00,2026-10-04T09:37:00-07:00,2026-10-04T16:37:00Z,2026-10-04T16:37:00Z,15509766,R4 41st Avenue/To UBC Exchange,1,0,https://gtfs-static.translink.ca/gtfs/google_transit.zip
26SEP_20260925,20260907,20270103,2026-10-04,sunday,R4,toward_ubc,arrival,12600,60358,UBC Exchange @ Unloading Only,2026-10-04T09:49:00-07:00,2026-10-04T09:49:00-07:00,2026-10-04T16:49:00Z,2026-10-04T16:49:00Z,15509767,R4 41st Avenue/To UBC Exchange,1,0,https://gtfs-static.translink.ca/gtfs/google_transit.zip
26SEP_20260925,20260907,20270103,2026-10-04,sunday,R4,toward_ubc,arrival,12600,60358,UBC Exchange @ Unloading Only,2026-10-04T10:01:00-07:00,2026-10-04T10:01:00-07:00,2026-10-04T17:01:00Z,2026-10-04T17:01:00Z,15509768,R4 41st Avenue/To UBC Exchange,1,0,https://gtfs-static.translink.ca/gtfs/google_transit.zip
26SEP_20260925,20260907,20270103,2026-10-04,sunday,R4,toward_ubc,arrival,12600,60358,UBC Exchange @ Unloading Only,2026-10-04T10:15:00-07:00,2026-10-04T10:15:00-07:00,2026-10-04T17:15:00Z,2026-10-04T17:15:00Z,15509847,R4 41st Avenue/To UBC Exchange,1,0,https://gtfs-static.translink.ca/gtfs/google_transit.zip
26SEP_20260925,20260907,20270103,2026-10-04,sunday,R4,toward_ubc,arrival,12600,60358,UBC Exchange @ Unloading Only,2026-10-04T10:27:00-07:00,2026-10-04T10:27:00-07:00,2026-10-04T17:27:00Z,2026-10-04T17:27:00Z,15509769,R4 41st Avenue/To UBC Exchange,1,0,https://gtfs-static.translink.ca/gtfs/google_transit.zip
26SEP_20260925,20260907,20270103,2026-10-04,sunday,R4,toward_ubc,arrival,12600,60358,UBC Exchange @ Unloading Only,2026-10-04T10:39:00-07:00,2026-10-04T10:39:00-07:00,2026-10-04T17:39:00Z,2026-10-04T17:39:00Z,15509770,R4 41st Avenue/To UBC Exchange,1,0,https://gtfs-static.translink.ca/gtfs/google_transit.zip
26SEP_20260925,20260907,20270103,2026-10-04,sunday,R4,toward_ubc,arrival,12600,60358,UBC Exchange @ Unloading Only,2026-10-04T10:54:00-07:00,2026-10-04T10:54:00-07:00,2026-10-04T17:54:00Z,2026-10-04T17:54:00Z,15509771,R4 41st Avenue/To UBC Exchange,1,0,https://gtfs-static.translink.ca/gtfs/google_transit.zip
26SEP_20260925,20260907,20270103,2026-10-04,sunday,R4,toward_ubc,arrival,12600,60358,UBC Exchange @ Unloading Only,2026-10-04T11:07:00-07:00,2026-10-04T11:07:00-07:00,2026-10-04T18:07:00Z,2026-10-04T18:07:00Z,15509772,R4 41st Avenue/To UBC Exchange,1,0,https://gtfs-static.translink.ca/gtfs/google_transit.zip
26SEP_20260925,20260907,20270103,2026-10-04,sunday,R4,toward_ubc,arrival,12600,60358,UBC Exchange @ Unloading Only,2026-10-04T11:21:00-07:00,2026-10-04T11:21:00-07:00,2026-10-04T18:21:00Z,2026-10-04T18:21:00Z,15509773,R4 41st Avenue/To UBC Exchange,1,0,https://gtfs-static.translink.ca/gtfs/google_transit.zip
26SEP_20260925,20260907,20270103,2026-10-04,sunday,R4,toward_ubc,arrival,12600,60358,UBC Exchange @ Unloading Only,2026-10-04T11:31:00-07:00,2026-10-04T11:31:00-07:00,2026-10-04T18:31:00Z,2026-10-04T18:31:00Z,15509774,R4 41st Avenue/To UBC Exchange,1,0,https://gtfs-static.translink.ca/gtfs/google_transit.zip
26SEP_20260925,20260907,20270103,2026-10-04,sunday,R4,toward_ubc,arrival,12600,60358,UBC Exchange @ Unloading Only,2026-10-04T11:42:00-07:00,2026-10-04T11:42:00-07:00,2026-10-04T18:42:00Z,2026-10-04T18:42:00Z,15509775,R4 41st Avenue/To UBC Exchange,1,0,https://gtfs-static.translink.ca/gtfs/google_transit.zip
26SEP_20260925,20260907,20270103,2026-10-04,sunday,R4,toward_ubc,arrival,12600,60358,UBC Exchange @ Unloading Only,2026-10-04T11:55:00-07:00,2026-10-04T11:55:00-07:00,2026-10-04T18:55:00Z,2026-10-04T18:55:00Z,15509776,R4 41st Avenue/To UBC Exchange,1,0,https://gtfs-static.translink.ca/gtfs/google_transit.zip
26SEP_20260925,20260907,20270103,2026-10-04,sunday,R4,toward_ubc,arrival,12600,60358,UBC Exchange @ Unloading Only,2026-10-04T12:07:00-07:00,2026-10-04T12:07:00-07:00,2026-10-04T19:07:00Z,2026-10-04T19:07:00Z,15509777,R4 41st Avenue/To UBC Exchange,1,0,https://gtfs-static.translink.ca/gtfs/google_transit.zip
26SEP_20260925,20260907,20270103,2026-10-04,sunday,R4,toward_ubc,arrival,12600,60358,UBC Exchange @ Unloading Only,2026-10-04T12:20:00-07:00,2026-10-04T12:20:00-07:00,2026-10-04T19:20:00Z,2026-10-04T19:20:00Z,15509778,R4 41st Avenue/To UBC Exchange,1,0,https://gtfs-static.translink.ca/gtfs/google_transit.zip
26SEP_20260925,20260907,20270103,2026-10-04,sunday,R4,toward_ubc,arrival,12600,60358,UBC Exchange @ Unloading Only,2026-10-04T12:33:00-07:00,2026-10-04T12:33:00-07:00,2026-10-04T19:33:00Z,2026-10-04T19:33:00Z,15509779,R4 41st Avenue/To UBC Exchange,1,0,https://gtfs-static.translink.ca/gtfs/google_transit.zip
26SEP_20260925,20260907,20270103,2026-10-04,sunday,R4,toward_ubc,arrival,12600,60358,UBC Exchange @ Unloading Only,2026-10-04T12:45:00-07:00,2026-10-04T12:45:00-07:00,2026-10-04T19:45:00Z,2026-10-04T19:45:00Z,15509838,R4 41st Avenue/To UBC Exchange,1,0,https://gtfs-static.translink.ca/gtfs/google_transit.zip
26SEP_20260925,20260907,20270103,2026-10-04,sunday,R4,toward_ubc,arrival,12600,60358,UBC Exchange @ Unloading Only,2026-10-04T12:57:00-07:00,2026-10-04T12:57:00-07:00,2026-10-04T19:57:00Z,2026-10-04T19:57:00Z,15509780,R4 41st Avenue/To UBC Exchange,1,0,https://gtfs-static.translink.ca/gtfs/google_transit.zip
26SEP_20260925,20260907,20270103,2026-10-04,sunday,R4,toward_ubc,arrival,12600,60358,UBC Exchange @ Unloading Only,2026-10-04T13:09:00-07:00,2026-10-04T13:09:00-07:00,2026-10-04T20:09:00Z,2026-10-04T20:09:00Z,15509781,R4 41st Avenue/To UBC Exchange,1,0,https://gtfs-static.translink.ca/gtfs/google_transit.zip
26SEP_20260925,20260907,20270103,2026-10-04,sunday,R4,toward_ubc,arrival,12600,60358,UBC Exchange @ Unloading Only,2026-10-04T13:21:00-07:00,2026-10-04T13:21:00-07:00,2026-10-04T20:21:00Z,2026-10-04T20:21:00Z,15509782,R4 41st Avenue/To UBC Exchange,1,0,https://gtfs-static.translink.ca/gtfs/google_transit.zip
26SEP_20260925,20260907,20270103,2026-10-04,sunday,R4,toward_ubc,arrival,12600,60358,UBC Exchange @ Unloading Only,2026-10-04T13:33:00-07:00,2026-10-04T13:33:00-07:00,2026-10-04T20:33:00Z,2026-10-04T20:33:00Z,15509783,R4 41st Avenue/To UBC Exchange,1,0,https://gtfs-static.translink.ca/gtfs/google_transit.zip
26SEP_20260925,20260907,20270103,2026-10-04,sunday,R4,toward_ubc,arrival,12600,60358,UBC Exchange @ Unloading Only,2026-10-04T13:46:00-07:00,2026-10-04T13:46:00-07:00,2026-10-04T20:46:00Z,2026-10-04T20:46:00Z,15509784,R4 41st Avenue/To UBC Exchange,1,0,https://gtfs-static.translink.ca/gtfs/google_transit.zip
26SEP_20260925,20260907,20270103,2026-10-04,sunday,R4,toward_ubc,arrival,12600,60358,UBC Exchange @ Unloading Only,2026-10-04T13:56:00-07:00,2026-10-04T13:56:00-07:00,2026-10-04T20:56:00Z,2026-10-04T20:56:00Z,15509785,R4 41st Avenue/To UBC Exchange,1,0,https://gtfs-static.translink.ca/gtfs/google_transit.zip
26SEP_20260925,20260907,20270103,2026-10-04,sunday,R4,toward_ubc,arrival,12600,60358,UBC Exchange @ Unloading Only,2026-10-04T14:06:00-07:00,2026-10-04T14:06:00-07:00,2026-10-04T21:06:00Z,2026-10-04T21:06:00Z,15509786,R4 41st Avenue/To UBC Exchange,1,0,https://gtfs-static.translink.ca/gtfs/google_transit.zip
26SEP_20260925,20260907,20270103,2026-10-04,sunday,R4,toward_ubc,arrival,12600,60358,UBC Exchange @ Unloading Only,2026-10-04T14:16:00-07:00,2026-10-04T14:16:00-07:00,2026-10-04T21:16:00Z,2026-10-04T21:16:00Z,15509787,R4 41st Avenue/To UBC Exchange,1,0,https://gtfs-static.translink.ca/gtfs/google_transit.zip
26SEP_20260925,20260907,20270103,2026-10-04,sunday,R4,toward_ubc,arrival,12600,60358,UBC Exchange @ Unloading Only,2026-10-04T14:26:00-07:00,2026-10-04T14:26:00-07:00,2026-10-04T21:26:00Z,2026-10-04T21:26:00Z,15509840,R4 41st Avenue/To UBC Exchange,1,0,https://gtfs-static.translink.ca/gtfs/google_transit.zip
26SEP_20260925,20260907,20270103,2026-10-04,sunday,R4,toward_ubc,arrival,12600,60358,UBC Exchange @ Unloading Only,2026-10-04T14:36:00-07:00,2026-10-04T14:36:00-07:00,2026-10-04T21:36:00Z,2026-10-04T21:36:00Z,15509788,R4 41st Avenue/To UBC Exchange,1,0,https://gtfs-static.translink.ca/gtfs/google_transit.zip
26SEP_20260925,20260907,20270103,2026-10-04,sunday,R4,toward_ubc,arrival,12600,60358,UBC Exchange @ Unloading Only,2026-10-04T14:46:00-07:00,2026-10-04T14:46:00-07:00,2026-10-04T21:46:00Z,2026-10-04T21:46:00Z,15509789,R4 41st Avenue/To UBC Exchange,1,0,https://gtfs-static.translink.ca/gtfs/google_transit.zip
26SEP_20260925,20260907,20270103,2026-10-04,sunday,R4,toward_ubc,arrival,12600,60358,UBC Exchange @ Unloading Only,2026-10-04T14:56:00-07:00,2026-10-04T14:56:00-07:00,2026-10-04T21:56:00Z,2026-10-04T21:56:00Z,15509790,R4 41st Avenue/To UBC Exchange,1,0,https://gtfs-static.translink.ca/gtfs/google_transit.zip
26SEP_20260925,20260907,20270103,2026-10-04,sunday,R4,toward_ubc,arrival,12600,60358,UBC Exchange @ Unloading Only,2026-10-04T15:06:00-07:00,2026-10-04T15:06:00-07:00,2026-10-04T22:06:00Z,2026-10-04T22:06:00Z,15509791,R4 41st Avenue/To UBC Exchange,1,0,https://gtfs-static.translink.ca/gtfs/google_transit.zip
26SEP_20260925,20260907,20270103,2026-10-04,sunday,R4,toward_ubc,arrival,12600,60358,UBC Exchange @ Unloading Only,2026-10-04T15:16:00-07:00,2026-10-04T15:16:00-07:00,2026-10-04T22:16:00Z,2026-10-04T22:16:00Z,15509792,R4 41st Avenue/To UBC Exchange,1,0,https://gtfs-static.translink.ca/gtfs/google_transit.zip
26SEP_20260925,20260907,20270103,2026-10-04,sunday,R4,toward_ubc,arrival,12600,60358,UBC Exchange @ Unloading Only,2026-10-04T15:26:00-07:00,2026-10-04T15:26:00-07:00,2026-10-04T22:26:00Z,2026-10-04T22:26:00Z,15509841,R4 41st Avenue/To UBC Exchange,1,0,https://gtfs-static.translink.ca/gtfs/google_transit.zip
26SEP_20260925,20260907,20270103,2026-10-04,sunday,R4,toward_ubc,arrival,12600,60358,UBC Exchange @ Unloading Only,2026-10-04T15:36:00-07:00,2026-10-04T15:36:00-07:00,2026-10-04T22:36:00Z,2026-10-04T22:36:00Z,15509793,R4 41st Avenue/To UBC Exchange,1,0,https://gtfs-static.translink.ca/gtfs/google_transit.zip
26SEP_20260925,20260907,20270103,2026-10-04,sunday,R4,toward_ubc,arrival,12600,60358,UBC Exchange @ Unloading Only,2026-10-04T15:46:00-07:00,2026-10-04T15:46:00-07:00,2026-10-04T22:46:00Z,2026-10-04T22:46:00Z,15509794,R4 41st Avenue/To UBC Exchange,1,0,https://gtfs-static.translink.ca/gtfs/google_transit.zip
26SEP_20260925,20260907,20270103,2026-10-04,sunday,R4,toward_ubc,arrival,12600,60358,UBC Exchange @ Unloading Only,2026-10-04T15:56:00-07:00,2026-10-04T15:56:00-07:00,2026-10-04T22:56:00Z,2026-10-04T22:56:00Z,15509795,R4 41st Avenue/To UBC Exchange,1,0,https://gtfs-static.translink.ca/gtfs/google_transit.zip
26SEP_20260925,20260907,20270103,2026-10-04,sunday,R4,toward_ubc,arrival,12600,60358,UBC Exchange @ Unloading Only,2026-10-04T16:06:00-07:00,2026-10-04T16:06:00-07:00,2026-10-04T23:06:00Z,2026-10-04T23:06:00Z,15509796,R4 41st Avenue/To UBC Exchange,1,0,https://gtfs-static.translink.ca/gtfs/google_transit.zip
26SEP_20260925,20260907,20270103,2026-10-04,sunday,R4,toward_ubc,arrival,12600,60358,UBC Exchange @ Unloading Only,2026-10-04T16:16:00-07:00,2026-10-04T16:16:00-07:00,2026-10-04T23:16:00Z,2026-10-04T23:16:00Z,15509797,R4 41st Avenue/To UBC Exchange,1,0,https://gtfs-static.translink.ca/gtfs/google_transit.zip
26SEP_20260925,20260907,20270103,2026-10-04,sunday,R4,toward_ubc,arrival,12600,60358,UBC Exchange @ Unloading Only,2026-10-04T16:26:00-07:00,2026-10-04T16:26:00-07:00,2026-10-04T23:26:00Z,2026-10-04T23:26:00Z,15509842,R4 41st Avenue/To UBC Exchange,1,0,https://gtfs-static.translink.ca/gtfs/google_transit.zip
26SEP_20260925,20260907,20270103,2026-10-04,sunday,R4,toward_ubc,arrival,12600,60358,UBC Exchange @ Unloading Only,2026-10-04T16:36:00-07:00,2026-10-04T16:36:00-07:00,2026-10-04T23:36:00Z,2026-10-04T23:36:00Z,15509798,R4 41st Avenue/To UBC Exchange,1,0,https://gtfs-static.translink.ca/gtfs/google_transit.zip
26SEP_20260925,20260907,20270103,2026-10-04,sunday,R4,toward_ubc,arrival,12600,60358,UBC Exchange @ Unloading Only,2026-10-04T16:46:00-07:00,2026-10-04T16:46:00-07:00,2026-10-04T23:46:00Z,2026-10-04T23:46:00Z,15509799,R4 41st Avenue/To UBC Exchange,1,0,https://gtfs-static.translink.ca/gtfs/google_transit.zip
26SEP_20260925,20260907,20270103,2026-10-04,sunday,R4,toward_ubc,arrival,12600,60358,UBC Exchange @ Unloading Only,2026-10-04T16:56:00-07:00,2026-10-04T16:56:00-07:00,2026-10-04T23:56:00Z,2026-10-04T23:56:00Z,15509800,R4 41st Avenue/To UBC Exchange,1,0,https://gtfs-static.translink.ca/gtfs/google_transit.zip
26SEP_20260925,20260907,20270103,2026-10-04,sunday,R4,toward_ubc,arrival,12600,60358,UBC Exchange @ Unloading Only,2026-10-04T17:07:00-07:00,2026-10-04T17:07:00-07:00,2026-10-05T00:07:00Z,2026-10-05T00:07:00Z,15509801,R4 41st Avenue/To UBC Exchange,1,0,https://gtfs-static.translink.ca/gtfs/google_transit.zip
26SEP_20260925,20260907,20270103,2026-10-04,sunday,R4,toward_ubc,arrival,12600,60358,UBC Exchange @ Unloading Only,2026-10-04T17:17:00-07:00,2026-10-04T17:17:00-07:00,2026-10-05T00:17:00Z,2026-10-05T00:17:00Z,15509802,R4 41st Avenue/To UBC Exchange,1,0,https://gtfs-static.translink.ca/gtfs/google_transit.zip
26SEP_20260925,20260907,20270103,2026-10-04,sunday,R4,toward_ubc,arrival,12600,60358,UBC Exchange @ Unloading Only,2026-10-04T17:26:00-07:00,2026-10-04T17:26:00-07:00,2026-10-05T00:26:00Z,2026-10-05T00:26:00Z,15509843,R4 41st Avenue/To UBC Exchange,1,0,https://gtfs-static.translink.ca/gtfs/google_transit.zip
26SEP_20260925,20260907,20270103,2026-10-04,sunday,R4,toward_ubc,arrival,12600,60358,UBC Exchange @ Unloading Only,2026-10-04T17:34:00-07:00,2026-10-04T17:34:00-07:00,2026-10-05T00:34:00Z,2026-10-05T00:34:00Z,15509803,R4 41st Avenue/To UBC Exchange,1,0,https://gtfs-static.translink.ca/gtfs/google_transit.zip
26SEP_20260925,20260907,20270103,2026-10-04,sunday,R4,toward_ubc,arrival,12600,60358,UBC Exchange @ Unloading Only,2026-10-04T17:44:00-07:00,2026-10-04T17:44:00-07:00,2026-10-05T00:44:00Z,2026-10-05T00:44:00Z,15509804,R4 41st Avenue/To UBC Exchange,1,0,https://gtfs-static.translink.ca/gtfs/google_transit.zip
26SEP_20260925,20260907,20270103,2026-10-04,sunday,R4,toward_ubc,arrival,12600,60358,UBC Exchange @ Unloading Only,2026-10-04T17:52:00-07:00,2026-10-04T17:52:00-07:00,2026-10-05T00:52:00Z,2026-10-05T00:52:00Z,15509805,R4 41st Avenue/To UBC Exchange,1,0,https://gtfs-static.translink.ca/gtfs/google_transit.zip
26SEP_20260925,20260907,20270103,2026-10-04,sunday,R4,toward_ubc,arrival,12600,60358,UBC Exchange @ Unloading Only,2026-10-04T18:02:00-07:00,2026-10-04T18:02:00-07:00,2026-10-05T01:02:00Z,2026-10-05T01:02:00Z,15509806,R4 41st Avenue/To UBC Exchange,1,0,https://gtfs-static.translink.ca/gtfs/google_transit.zip
26SEP_20260925,20260907,20270103,2026-10-04,sunday,R4,toward_ubc,arrival,12600,60358,UBC Exchange @ Unloading Only,2026-10-04T18:12:00-07:00,2026-10-04T18:12:00-07:00,2026-10-05T01:12:00Z,2026-10-05T01:12:00Z,15509807,R4 41st Avenue/To UBC Exchange,1,0,https://gtfs-static.translink.ca/gtfs/google_transit.zip
26SEP_20260925,20260907,20270103,2026-10-04,sunday,R4,toward_ubc,arrival,12600,60358,UBC Exchange @ Unloading Only,2026-10-04T18:22:00-07:00,2026-10-04T18:22:00-07:00,2026-10-05T01:22:00Z,2026-10-05T01:22:00Z,15509844,R4 41st Avenue/To UBC Exchange,1,0,https://gtfs-static.translink.ca/gtfs/google_transit.zip
26SEP_20260925,20260907,20270103,2026-10-04,sunday,R4,toward_ubc,arrival,12600,60358,UBC Exchange @ Unloading Only,2026-10-04T18:32:00-07:00,2026-10-04T18:32:00-07:00,2026-10-05T01:32:00Z,2026-10-05T01:32:00Z,15509808,R4 41st Avenue/To UBC Exchange,1,0,https://gtfs-static.translink.ca/gtfs/google_transit.zip
26SEP_20260925,20260907,20270103,2026-10-04,sunday,R4,toward_ubc,arrival,12600,60358,UBC Exchange @ Unloading Only,2026-10-04T18:44:00-07:00,2026-10-04T18:44:00-07:00,2026-10-05T01:44:00Z,2026-10-05T01:44:00Z,15509809,R4 41st Avenue/To UBC Exchange,1,0,https://gtfs-static.translink.ca/gtfs/google_transit.zip
26SEP_20260925,20260907,20270103,2026-10-04,sunday,R4,toward_ubc,arrival,12600,60358,UBC Exchange @ Unloading Only,2026-10-04T18:56:00-07:00,2026-10-04T18:56:00-07:00,2026-10-05T01:56:00Z,2026-10-05T01:56:00Z,15509810,R4 41st Avenue/To UBC Exchange,1,0,https://gtfs-static.translink.ca/gtfs/google_transit.zip
26SEP_20260925,20260907,20270103,2026-10-04,sunday,R4,toward_ubc,arrival,12600,60358,UBC Exchange @ Unloading Only,2026-10-04T19:09:00-07:00,2026-10-04T19:09:00-07:00,2026-10-05T02:09:00Z,2026-10-05T02:09:00Z,15509811,R4 41st Avenue/To UBC Exchange,1,0,https://gtfs-static.translink.ca/gtfs/google_transit.zip
26SEP_20260925,20260907,20270103,2026-10-04,sunday,R4,toward_ubc,arrival,12600,60358,UBC Exchange @ Unloading Only,2026-10-04T19:20:00-07:00,2026-10-04T19:20:00-07:00,2026-10-05T02:20:00Z,2026-10-05T02:20:00Z,15509845,R4 41st Avenue/To UBC Exchange,1,0,https://gtfs-static.translink.ca/gtfs/google_transit.zip
26SEP_20260925,20260907,20270103,2026-10-04,sunday,R4,toward_ubc,arrival,12600,60358,UBC Exchange @ Unloading Only,2026-10-04T19:32:00-07:00,2026-10-04T19:32:00-07:00,2026-10-05T02:32:00Z,2026-10-05T02:32:00Z,15509812,R4 41st Avenue/To UBC Exchange,1,0,https://gtfs-static.translink.ca/gtfs/google_transit.zip
26SEP_20260925,20260907,20270103,2026-10-04,sunday,R4,toward_ubc,arrival,12600,60358,UBC Exchange @ Unloading Only,2026-10-04T19:44:00-07:00,2026-10-04T19:44:00-07:00,2026-10-05T02:44:00Z,2026-10-05T02:44:00Z,15509813,R4 41st Avenue/To UBC Exchange,1,0,https://gtfs-static.translink.ca/gtfs/google_transit.zip
26SEP_20260925,20260907,20270103,2026-10-04,sunday,R4,toward_ubc,arrival,12600,60358,UBC Exchange @ Unloading Only,2026-10-04T19:56:00-07:00,2026-10-04T19:56:00-07:00,2026-10-05T02:56:00Z,2026-10-05T02:56:00Z,15509814,R4 41st Avenue/To UBC Exchange,1,0,https://gtfs-static.translink.ca/gtfs/google_transit.zip
26SEP_20260925,20260907,20270103,2026-10-04,sunday,R4,toward_ubc,arrival,12600,60358,UBC Exchange @ Unloading Only,2026-10-04T20:08:00-07:00,2026-10-04T20:08:00-07:00,2026-10-05T03:08:00Z,2026-10-05T03:08:00Z,15509815,R4 41st Avenue/To UBC Exchange,1,0,https://gtfs-static.translink.ca/gtfs/google_transit.zip
26SEP_20260925,20260907,20270103,2026-10-04,sunday,R4,toward_ubc,arrival,12600,60358,UBC Exchange @ Unloading Only,2026-10-04T20:19:00-07:00,2026-10-04T20:19:00-07:00,2026-10-05T03:19:00Z,2026-10-05T03:19:00Z,15509846,R4 41st Avenue/To UBC Exchange,1,0,https://gtfs-static.translink.ca/gtfs/google_transit.zip
26SEP_20260925,20260907,20270103,2026-10-04,sunday,R4,toward_ubc,arrival,12600,60358,UBC Exchange @ Unloading Only,2026-10-04T20:31:00-07:00,2026-10-04T20:31:00-07:00,2026-10-05T03:31:00Z,2026-10-05T03:31:00Z,15509816,R4 41st Avenue/To UBC Exchange,1,0,https://gtfs-static.translink.ca/gtfs/google_transit.zip
26SEP_20260925,20260907,20270103,2026-10-04,sunday,R4,toward_ubc,arrival,12600,60358,UBC Exchange @ Unloading Only,2026-10-04T20:44:00-07:00,2026-10-04T20:44:00-07:00,2026-10-05T03:44:00Z,2026-10-05T03:44:00Z,15509817,R4 41st Avenue/To UBC Exchange,1,0,https://gtfs-static.translink.ca/gtfs/google_transit.zip
26SEP_20260925,20260907,20270103,2026-10-04,sunday,R4,toward_ubc,arrival,12600,60358,UBC Exchange @ Unloading Only,2026-10-04T20:58:00-07:00,2026-10-04T20:58:00-07:00,2026-10-05T03:58:00Z,2026-10-05T03:58:00Z,15509818,R4 41st Avenue/To UBC Exchange,1,0,https://gtfs-static.translink.ca/gtfs/google_transit.zip
26SEP_20260925,20260907,20270103,2026-10-04,sunday,R4,toward_ubc,arrival,12600,60358,UBC Exchange @ Unloading Only,2026-10-04T21:10:00-07:00,2026-10-04T21:10:00-07:00,2026-10-05T04:10:00Z,2026-10-05T04:10:00Z,15509819,R4 41st Avenue/To UBC Exchange,1,0,https://gtfs-static.translink.ca/gtfs/google_transit.zip
26SEP_20260925,20260907,20270103,2026-10-04,sunday,R4,toward_ubc,arrival,12600,60358,UBC Exchange @ Unloading Only,2026-10-04T21:25:00-07:00,2026-10-04T21:25:00-07:00,2026-10-05T04:25:00Z,2026-10-05T04:25:00Z,15509820,R4 41st Avenue/To UBC Exchange,1,0,https://gtfs-static.translink.ca/gtfs/google_transit.zip
26SEP_20260925,20260907,20270103,2026-10-04,sunday,R4,toward_ubc,arrival,12600,60358,UBC Exchange @ Unloading Only,2026-10-04T21:39:00-07:00,2026-10-04T21:39:00-07:00,2026-10-05T04:39:00Z,2026-10-05T04:39:00Z,15509821,R4 41st Avenue/To UBC Exchange,1,0,https://gtfs-static.translink.ca/gtfs/google_transit.zip
26SEP_20260925,20260907,20270103,2026-10-04,sunday,R4,toward_ubc,arrival,12600,60358,UBC Exchange @ Unloading Only,2026-10-04T21:56:00-07:00,2026-10-04T21:56:00-07:00,2026-10-05T04:56:00Z,2026-10-05T04:56:00Z,15509822,R4 41st Avenue/To UBC Exchange,1,0,https://gtfs-static.translink.ca/gtfs/google_transit.zip
26SEP_20260925,20260907,20270103,2026-10-04,sunday,R4,toward_ubc,arrival,12600,60358,UBC Exchange @ Unloading Only,2026-10-04T22:10:00-07:00,2026-10-04T22:10:00-07:00,2026-10-05T05:10:00Z,2026-10-05T05:10:00Z,15509823,R4 41st Avenue/To UBC Exchange,1,0,https://gtfs-static.translink.ca/gtfs/google_transit.zip
26SEP_20260925,20260907,20270103,2026-10-04,sunday,R4,toward_ubc,arrival,12600,60358,UBC Exchange @ Unloading Only,2026-10-04T22:25:00-07:00,2026-10-04T22:25:00-07:00,2026-10-05T05:25:00Z,2026-10-05T05:25:00Z,15509824,R4 41st Avenue/To UBC Exchange,1,0,https://gtfs-static.translink.ca/gtfs/google_transit.zip
26SEP_20260925,20260907,20270103,2026-10-04,sunday,R4,toward_ubc,arrival,12600,60358,UBC Exchange @ Unloading Only,2026-10-04T22:40:00-07:00,2026-10-04T22:40:00-07:00,2026-10-05T05:40:00Z,2026-10-05T05:40:00Z,15509825,R4 41st Avenue/To UBC Exchange,1,0,https://gtfs-static.translink.ca/gtfs/google_transit.zip
26SEP_20260925,20260907,20270103,2026-10-04,sunday,R4,toward_ubc,arrival,12600,60358,UBC Exchange @ Unloading Only,2026-10-04T22:55:00-07:00,2026-10-04T22:55:00-07:00,2026-10-05T05:55:00Z,2026-10-05T05:55:00Z,15509826,R4 41st Avenue/To UBC Exchange,1,0,https://gtfs-static.translink.ca/gtfs/google_transit.zip
26SEP_20260925,20260907,20270103,2026-10-04,sunday,R4,toward_ubc,arrival,12600,60358,UBC Exchange @ Unloading Only,2026-10-04T23:10:00-07:00,2026-10-04T23:10:00-07:00,2026-10-05T06:10:00Z,2026-10-05T06:10:00Z,15509827,R4 41st Avenue/To UBC Exchange,1,0,https://gtfs-static.translink.ca/gtfs/google_transit.zip
26SEP_20260925,20260907,20270103,2026-10-04,sunday,R4,toward_ubc,arrival,12600,60358,UBC Exchange @ Unloading Only,2026-10-04T23:27:00-07:00,2026-10-04T23:27:00-07:00,2026-10-05T06:27:00Z,2026-10-05T06:27:00Z,15509828,R4 41st Avenue/To UBC Exchange,1,0,https://gtfs-static.translink.ca/gtfs/google_transit.zip
26SEP_20260925,20260907,20270103,2026-10-04,sunday,R4,toward_ubc,arrival,12600,60358,UBC Exchange @ Unloading Only,2026-10-04T23:41:00-07:00,2026-10-04T23:41:00-07:00,2026-10-05T06:41:00Z,2026-10-05T06:41:00Z,15509829,R4 41st Avenue/To UBC Exchange,1,0,https://gtfs-static.translink.ca/gtfs/google_transit.zip
26SEP_20260925,20260907,20270103,2026-10-04,sunday,R4,toward_ubc,arrival,12600,60358,UBC Exchange @ Unloading Only,2026-10-04T23:56:00-07:00,2026-10-04T23:56:00-07:00,2026-10-05T06:56:00Z,2026-10-05T06:56:00Z,15509830,R4 41st Avenue/To UBC Exchange,1,0,https://gtfs-static.translink.ca/gtfs/google_transit.zip
26SEP_20260925,20260907,20270103,2026-10-04,sunday,R4,toward_ubc,arrival,12600,60358,UBC Exchange @ Unloading Only,2026-10-05T00:11:00-07:00,2026-10-05T00:11:00-07:00,2026-10-05T07:11:00Z,2026-10-05T07:11:00Z,15509831,R4 41st Avenue/To UBC Exchange,1,0,https://gtfs-static.translink.ca/gtfs/google_transit.zip
26SEP_20260925,20260907,20270103,2026-10-04,sunday,R4,toward_ubc,arrival,12600,60358,UBC Exchange @ Unloading Only,2026-10-05T00:27:00-07:00,2026-10-05T00:27:00-07:00,2026-10-05T07:27:00Z,2026-10-05T07:27:00Z,15509832,R4 41st Avenue/To UBC Exchange,1,0,https://gtfs-static.translink.ca/gtfs/google_transit.zip
26SEP_20260925,20260907,20270103,2026-10-04,sunday,R4,toward_ubc,arrival,12600,60358,UBC Exchange @ Unloading Only,2026-10-05T00:40:00-07:00,2026-10-05T00:40:00-07:00,2026-10-05T07:40:00Z,2026-10-05T07:40:00Z,15509833,R4 41st Avenue/To UBC Exchange,1,0,https://gtfs-static.translink.ca/gtfs/google_transit.zip
26SEP_20260925,20260907,20270103,2026-10-04,sunday,R4,toward_ubc,arrival,12600,60358,UBC Exchange @ Unloading Only,2026-10-05T00:55:00-07:00,2026-10-05T00:55:00-07:00,2026-10-05T07:55:00Z,2026-10-05T07:55:00Z,15509834,R4 41st Avenue/To UBC Exchange,1,0,https://gtfs-static.translink.ca/gtfs/google_transit.zip
26SEP_20260925,20260907,20270103,2026-10-04,sunday,R4,toward_ubc,arrival,12600,60358,UBC Exchange @ Unloading Only,2026-10-05T01:10:00-07:00,2026-10-05T01:10:00-07:00,2026-10-05T08:10:00Z,2026-10-05T08:10:00Z,15509835,R4 41st Avenue/To UBC Exchange,1,0,https://gtfs-static.translink.ca/gtfs/google_transit.zip
26SEP_20260925,20260907,20270103,2026-10-04,sunday,R4,toward_ubc,arrival,12600,60358,UBC Exchange @ Unloading Only,2026-10-05T01:25:00-07:00,2026-10-05T01:25:00-07:00,2026-10-05T08:25:00Z,2026-10-05T08:25:00Z,15509836,R4 41st Avenue/To UBC Exchange,1,0,https://gtfs-static.translink.ca/gtfs/google_transit.zip
26SEP_20260925,20260907,20270103,2026-10-04,sunday,R4,toward_ubc,arrival,12600,60358,UBC Exchange @ Unloading Only,2026-10-05T01:40:00-07:00,2026-10-05T01:40:00-07:00,2026-10-05T08:40:00Z,2026-10-05T08:40:00Z,15509837,R4 41st Avenue/To UBC Exchange,1,0,https://gtfs-static.translink.ca/gtfs/google_transit.zip
